# Rhino

mtllib block monitor obj.mtl
usemtl Default
v -20.866418838500977 3.3462364673614502 -0.10967788100242615
v -20.866418838500977 15.11847972869873 -0.9185522198677063
v -20.866418838500977 3.4618659019470215 -0.11762281507253647
v -20.866418838500977 8.3069515228271484 -13.982359886169434
v -20.866418838500977 8.7696552276611328 -7.2482376098632812
v -20.866418838500977 9.0010061264038086 -3.881176233291626
v -20.866418838500977 5.8265938758850098 -7.0460190773010254
v -20.866418838500977 6.057945728302002 -3.6789577007293701
v -20.866418838500977 6.173621654510498 -1.995427131652832
v -20.866418838500977 4.5864152908325195 -3.5778484344482422
v -20.866418838500977 4.7020912170410156 -1.8943177461624146
v -20.866418838500977 4.7599291801452637 -1.0525524616241455
v -20.866418838500977 3.9663257598876953 -1.8437631130218506
v -20.866418838500977 4.0241637229919434 -1.0019978284835815
v -20.866418838500977 4.0530824661254883 -0.58111518621444702
v -20.866418838500977 3.6562809944152832 -0.97672051191329956
v -20.866418838500977 3.6851999759674072 -0.55583786964416504
v -20.866418838500977 3.6996595859527588 -0.34539651870727539
v -20.866418838500977 3.5012588500976562 -0.54319918155670166
v -20.866418838500977 3.5157182216644287 -0.3327578604221344
v -20.866418838500977 3.1488163471221924 -13.62794303894043
v -20.866418838500977 3.1734938621520996 -11.938159942626953
v -20.866418838500977 3.1981713771820068 -10.248376846313477
v -20.866418838500977 3.2228488922119141 -8.55859375
v -20.866418838500977 3.2475264072418213 -6.8688106536865234
v -20.866418838500977 3.2722039222717285 -5.1790270805358887
v -20.866418838500977 3.2968814373016357 -3.4892442226409912
v -20.866418838500977 3.321558952331543 -1.7994610071182251
v -20.866418838500977 8.5383033752441406 -10.615299224853516
v -20.866418838500977 5.5952420234680176 -10.413080215454102
v -20.866418838500977 13.465085983276367 -14.336776733398438
v -20.866418838500977 14.911806106567383 -2.5958302021026611
v -20.866418838500977 14.705131530761719 -4.2731084823608398
v -20.866418838500977 14.498456954956055 -5.9503865242004395
v -20.866418838500977 14.291783332824707 -7.6276645660400391
v -20.866418838500977 14.085108757019043 -9.3049430847167969
v -20.866418838500977 13.878434181213379 -10.982220649719238
v -20.866418838500977 13.671760559082031 -12.659499168395996
v -20.866418838500977 11.712716102600098 -7.4504561424255371
v -20.866418838500977 11.944067001342773 -4.0833950042724609
v -20.866418838500977 11.481364250183105 -10.817517280578613
v -20.866418838500977 15.002850532531738 -0.91060727834701538
v -20.866418838500977 13.415597915649414 -4.1845040321350098
v -20.866418838500977 12.05974292755127 -2.3998641967773438
v -20.866418838500977 13.53127384185791 -2.5009734630584717
v -20.866418838500977 14.26703929901123 -2.5515282154083252
v -20.866418838500977 13.589111328125 -1.6592082977294922
v -20.866418838500977 14.32487678527832 -1.7097629308700562
v -20.866418838500977 14.69275951385498 -1.7350401878356934
v -20.866418838500977 14.353796005249023 -1.2888802289962769
v -20.866418838500977 14.721678733825684 -1.3141576051712036
v -20.866418838500977 14.905619621276855 -1.3267961740493774
v -20.866418838500977 14.736138343811035 -1.103716254234314
v -20.866418838500977 14.920079231262207 -1.1163549423217773
v -20.866418838500977 7.3088607788085938 -0.3819509744644165
v -20.866418838500977 11.155856132507324 -0.64627915620803833
v -19.26641845703125 16.714715957641602 -1.0282300710678101
v -19.26641845703125 14.86390209197998 -14.432889938354492
v -7.4664187431335449 16.714715957641602 -1.0282300710678101
v -7.4664187431335449 14.86390209197998 -14.432889938354492
v -17.299753189086914 16.714715957641602 -1.0282300710678101
v -15.333086013793945 16.714715957641602 -1.0282300710678101
v -13.366418838500977 16.714715957641602 -1.0282300710678101
v -11.399752616882324 16.714715957641602 -1.0282300710678101
v -9.4330854415893555 16.714715957641602 -1.0282300710678101
v -19.26641845703125 16.252012252807617 -4.3793950080871582
v -7.4664187431335449 16.483364105224609 -2.7038125991821289
v -7.4664187431335449 16.252012252807617 -4.3793950080871582
v -7.4664187431335449 16.020660400390625 -6.0549774169921875
v -7.4664187431335449 15.789309501647949 -7.730560302734375
v -7.4664187431335449 15.557957649230957 -9.4061422348022461
v -7.4664187431335449 15.326605796813965 -11.081725120544434
v -7.4664187431335449 15.095253944396973 -12.757308006286621
v -13.366418838500977 14.86390209197998 -14.432889938354492
v -19.26641845703125 15.095253944396973 -12.757308006286621
v -19.26641845703125 15.326605796813965 -11.081725120544434
v -19.26641845703125 15.557957649230957 -9.4061422348022461
v -19.26641845703125 15.789309501647949 -7.730560302734375
v -19.26641845703125 16.020660400390625 -6.0549774169921875
v -19.26641845703125 16.483364105224609 -2.7038125991821289
v -5.8664188385009766 15.11847972869873 -0.9185522198677063
v -5.8664188385009766 3.3462364673614502 -0.10967788100242615
v -5.8664188385009766 15.002850532531738 -0.91060727834701538
v -5.8664188385009766 8.3069515228271484 -13.982359886169434
v -5.8664188385009766 8.7696552276611328 -7.2482376098632812
v -5.8664188385009766 9.0010061264038086 -3.881176233291626
v -5.8664188385009766 11.712716102600098 -7.4504561424255371
v -5.8664188385009766 11.944067001342773 -4.0833950042724609
v -5.8664188385009766 12.05974292755127 -2.3998641967773438
v -5.8664188385009766 13.415597915649414 -4.1845040321350098
v -5.8664188385009766 13.53127384185791 -2.5009734630584717
v -5.8664188385009766 13.589111328125 -1.6592082977294922
v -5.8664188385009766 14.26703929901123 -2.5515282154083252
v -5.8664188385009766 14.32487678527832 -1.7097629308700562
v -5.8664188385009766 14.353796005249023 -1.2888802289962769
v -5.8664188385009766 14.69275951385498 -1.7350401878356934
v -5.8664188385009766 14.721678733825684 -1.3141576051712036
v -5.8664188385009766 14.736138343811035 -1.103716254234314
v -5.8664188385009766 14.905619621276855 -1.3267961740493774
v -5.8664188385009766 14.920079231262207 -1.1163549423217773
v -5.8664188385009766 13.465085983276367 -14.336776733398438
v -5.8664188385009766 13.671760559082031 -12.659499168395996
v -5.8664188385009766 13.878434181213379 -10.982220649719238
v -5.8664188385009766 14.085108757019043 -9.3049430847167969
v -5.8664188385009766 14.291783332824707 -7.6276645660400391
v -5.8664188385009766 14.498456954956055 -5.9503865242004395
v -5.8664188385009766 14.705131530761719 -4.2731084823608398
v -5.8664188385009766 14.911806106567383 -2.5958302021026611
v -5.8664188385009766 8.5383033752441406 -10.615299224853516
v -5.8664188385009766 11.481364250183105 -10.817517280578613
v -5.8664188385009766 3.1488163471221924 -13.62794303894043
v -5.8664188385009766 3.321558952331543 -1.7994610071182251
v -5.8664188385009766 3.2968814373016357 -3.4892442226409912
v -5.8664188385009766 3.2722039222717285 -5.1790270805358887
v -5.8664188385009766 3.2475264072418213 -6.8688106536865234
v -5.8664188385009766 3.2228488922119141 -8.55859375
v -5.8664188385009766 3.1981713771820068 -10.248376846313477
v -5.8664188385009766 3.1734938621520996 -11.938159942626953
v -5.8664188385009766 5.8265938758850098 -7.0460190773010254
v -5.8664188385009766 6.057945728302002 -3.6789577007293701
v -5.8664188385009766 5.5952420234680176 -10.413080215454102
v -5.8664188385009766 11.155856132507324 -0.64627915620803833
v -5.8664188385009766 7.3088607788085938 -0.3819509744644165
v -5.8664188385009766 3.4618659019470215 -0.11762281507253647
v -5.8664188385009766 4.5864152908325195 -3.5778484344482422
v -5.8664188385009766 6.173621654510498 -1.995427131652832
v -5.8664188385009766 4.7020912170410156 -1.8943177461624146
v -5.8664188385009766 3.9663257598876953 -1.8437631130218506
v -5.8664188385009766 4.7599291801452637 -1.0525524616241455
v -5.8664188385009766 4.0241637229919434 -1.0019978284835815
v -5.8664188385009766 3.6562809944152832 -0.97672051191329956
v -5.8664188385009766 4.0530824661254883 -0.58111518621444702
v -5.8664188385009766 3.6851999759674072 -0.55583786964416504
v -5.8664188385009766 3.5012588500976562 -0.54319918155670166
v -5.8664188385009766 3.6996595859527588 -0.34539651870727539
v -5.8664188385009766 3.5157182216644287 -0.3327578604221344
v -7.4664187431335449 1.75 0
v -7.4664187431335449 1.75 -13.531829833984375
v -9.1521329879760742 1.75 -1.9331185817718506
v -9.1521329879760742 1.75 -3.8662371635437012
v -9.1521329879760742 1.75 -5.7993555068969727
v -9.1521329879760742 1.75 -7.7324743270874023
v -9.1521329879760742 1.75 -9.665593147277832
v -9.1521329879760742 1.75 -11.598711013793945
v -10.837847709655762 1.75 -1.9331185817718506
v -10.837847709655762 1.75 -3.8662371635437012
v -10.837847709655762 1.75 -9.665593147277832
v -10.837847709655762 1.75 -11.598711013793945
v -12.523561477661133 1.75 -1.9331185817718506
v -12.523561477661133 1.75 -3.8662371635437012
v -12.523561477661133 1.75 -9.665593147277832
v -12.523561477661133 1.75 -11.598711013793945
v -14.20927619934082 1.75 -1.9331185817718506
v -14.20927619934082 1.75 -3.8662371635437012
v -14.20927619934082 1.75 -9.665593147277832
v -14.20927619934082 1.75 -11.598711013793945
v -15.894989967346191 1.75 -1.9331185817718506
v -15.894989967346191 1.75 -3.8662371635437012
v -15.894989967346191 1.75 -9.665593147277832
v -15.894989967346191 1.75 -11.598711013793945
v -17.580703735351562 1.75 -1.9331185817718506
v -17.580703735351562 1.75 -3.8662371635437012
v -17.580703735351562 1.75 -5.7993555068969727
v -17.580703735351562 1.75 -7.7324743270874023
v -17.580703735351562 1.75 -9.665593147277832
v -17.580703735351562 1.75 -11.598711013793945
v -19.26641845703125 1.75 0
v -19.26641845703125 1.75 -13.531829833984375
v -8.7775297164916992 1.75 0
v -10.088641166687012 1.75 0
v -11.399752616882324 1.75 0
v -12.71086311340332 1.75 0
v -14.021974563598633 1.75 0
v -15.333086013793945 1.75 0
v -16.644197463989258 1.75 0
v -17.955307006835938 1.75 0
v -17.955307006835938 1.75 -13.531829833984375
v -16.644197463989258 1.75 -13.531829833984375
v -15.333086013793945 1.75 -13.531829833984375
v -14.021974563598633 1.75 -13.531829833984375
v -12.71086311340332 1.75 -13.531829833984375
v -11.399752616882324 1.75 -13.531829833984375
v -10.088641166687012 1.75 -13.531829833984375
v -8.7775297164916992 1.75 -13.531829833984375
v -7.4664187431335449 1.75 -11.840351104736328
v -7.4664187431335449 1.75 -10.148872375488281
v -7.4664187431335449 1.75 -8.4573936462402344
v -7.4664187431335449 1.75 -6.7659149169921875
v -7.4664187431335449 1.75 -5.0744361877441406
v -7.4664187431335449 1.75 -3.3829574584960938
v -7.4664187431335449 1.75 -1.6914787292480469
v -19.26641845703125 1.75 -1.6914787292480469
v -19.26641845703125 1.75 -3.3829574584960938
v -19.26641845703125 1.75 -5.0744361877441406
v -19.26641845703125 1.75 -6.7659149169921875
v -19.26641845703125 1.75 -8.4573936462402344
v -19.26641845703125 1.75 -10.148872375488281
v -19.26641845703125 1.75 -11.840351104736328
v -15.847626686096191 1.75 -9.2659149169921875
v -16.069295883178711 1.75 -9.2445430755615234
v -16.288421630859375 1.75 -9.1789226531982422
v -16.494997024536133 1.75 -9.0685234069824219
v -16.676553726196289 1.75 -8.9174938201904297
v -16.823635101318359 1.75 -8.7330398559570312
v -16.928539276123047 1.75 -8.5273513793945312
v -17.007884979248047 1.75 -8.105656623840332
v -15.052133560180664 1.75 -9.665593147277832
v -15.473562240600586 1.75 -9.665593147277832
v -17.580703735351562 1.75 -8.6990337371826172
v -16.737848281860352 1.75 -9.665593147277832
v -15.894989967346191 1.75 -10.632152557373047
v -15.052133560180664 1.75 -11.598711013793945
v -14.20927619934082 1.75 -10.632152557373047
v -15.052133560180664 1.75 -10.632152557373047
v -16.737848281860352 1.75 -9.1823129653930664
v -16.31641960144043 1.75 -9.665593147277832
v -17.580703735351562 1.75 -10.632152557373047
v -16.737848281860352 1.75 -11.598711013793945
v -16.737848281860352 1.75 -10.632152557373047
v -17.580703735351562 1.75 -9.1823129653930664
v -17.159276962280273 1.75 -9.665593147277832
v -17.159276962280273 1.75 -8.6990337371826172
v -17.159276962280273 1.75 -9.1823129653930664
v -18.423561096191406 1.75 -9.665593147277832
v -18.423561096191406 1.75 -7.7324743270874023
v -18.423561096191406 1.75 -8.6990337371826172
v -17.580703735351562 1.75 -8.2157535552978516
v -17.159276962280273 1.75 -7.7324743270874023
v -17.159276962280273 1.75 -8.2157535552978516
v -9.8192634582519531 1.75 -8.105656623840332
v -9.8406352996826172 1.75 -8.3273239135742188
v -9.9062557220458984 1.75 -8.5464506149291992
v -10.016654968261719 1.75 -8.753026008605957
v -10.167684555053711 1.75 -8.9345836639404297
v -10.352138519287109 1.75 -9.0816640853881836
v -10.557826995849609 1.75 -9.1865692138671875
v -10.771106719970703 1.75 -9.2470426559448242
v -10.979521751403809 1.75 -9.2659149169921875
v -9.994990348815918 1.75 -9.665593147277832
v -9.1521329879760742 1.75 -8.6990337371826172
v -9.5735616683959961 1.75 -8.6990337371826172
v -9.1521329879760742 1.75 -8.2157535552978516
v -9.5735616683959961 1.75 -7.7324743270874023
v -9.5735616683959961 1.75 -8.2157535552978516
v -8.3092756271362305 1.75 -9.665593147277832
v -8.3092756271362305 1.75 -7.7324743270874023
v -8.3092756271362305 1.75 -8.6990337371826172
v -10.41641902923584 1.75 -9.665593147277832
v -9.994990348815918 1.75 -9.1823129653930664
v -11.680705070495605 1.75 -9.665593147277832
v -10.837847709655762 1.75 -10.632152557373047
v -9.994990348815918 1.75 -11.598711013793945
v -9.1521329879760742 1.75 -10.632152557373047
v -9.994990348815918 1.75 -10.632152557373047
v -11.259276390075684 1.75 -9.665593147277832
v -12.523561477661133 1.75 -10.632152557373047
v -11.680705070495605 1.75 -11.598711013793945
v -11.680705070495605 1.75 -10.632152557373047
v -10.979521751403809 1.75 -4.2659149169921875
v -10.757854461669922 1.75 -4.2872867584228516
v -10.538727760314941 1.75 -4.3529071807861328
v -10.332152366638184 1.75 -4.4633069038391113
v -10.150594711303711 1.75 -4.6143364906311035
v -10.003514289855957 1.75 -4.798790454864502
v -9.8986091613769531 1.75 -5.0044779777526855
v -9.8381357192993164 1.75 -5.2177581787109375
v -9.8192634582519531 1.75 -5.4261736869812012
v -11.680705070495605 1.75 -3.8662371635437012
v -11.259276390075684 1.75 -3.8662371635437012
v -9.1521329879760742 1.75 -4.832796573638916
v -9.994990348815918 1.75 -3.8662371635437012
v -12.523561477661133 1.75 -2.8996777534484863
v -10.837847709655762 1.75 -2.8996777534484863
v -11.680705070495605 1.75 -1.9331185817718506
v -11.680705070495605 1.75 -2.8996777534484863
v -9.994990348815918 1.75 -4.3495168685913086
v -10.41641902923584 1.75 -3.8662371635437012
v -9.1521329879760742 1.75 -2.8996777534484863
v -9.994990348815918 1.75 -1.9331185817718506
v -9.994990348815918 1.75 -2.8996777534484863
v -9.5735616683959961 1.75 -5.7993555068969727
v -9.1521329879760742 1.75 -5.3160762786865234
v -9.5735616683959961 1.75 -4.832796573638916
v -9.5735616683959961 1.75 -5.3160762786865234
v -8.3092756271362305 1.75 -5.7993555068969727
v -8.3092756271362305 1.75 -3.8662371635437012
v -8.3092756271362305 1.75 -4.832796573638916
v -17.007884979248047 1.75 -5.4261736869812012
v -16.986513137817383 1.75 -5.204505443572998
v -16.920892715454102 1.75 -4.9853792190551758
v -16.810493469238281 1.75 -4.778803825378418
v -16.659463882446289 1.75 -4.5972461700439453
v -16.475009918212891 1.75 -4.4501662254333496
v -16.269321441650391 1.75 -4.3452606201171875
v -15.847626686096191 1.75 -4.2659149169921875
v -17.580703735351562 1.75 -4.832796573638916
v -16.737848281860352 1.75 -3.8662371635437012
v -17.580703735351562 1.75 -5.3160762786865234
v -17.159276962280273 1.75 -5.7993555068969727
v -17.159276962280273 1.75 -4.832796573638916
v -17.159276962280273 1.75 -5.3160762786865234
v -18.423561096191406 1.75 -5.7993555068969727
v -18.423561096191406 1.75 -3.8662371635437012
v -18.423561096191406 1.75 -4.832796573638916
v -17.580703735351562 1.75 -4.3495168685913086
v -16.737848281860352 1.75 -4.3495168685913086
v -17.159276962280273 1.75 -3.8662371635437012
v -17.159276962280273 1.75 -4.3495168685913086
v -17.580703735351562 1.75 -2.8996777534484863
v -15.894989967346191 1.75 -2.8996777534484863
v -16.737848281860352 1.75 -1.9331185817718506
v -16.737848281860352 1.75 -2.8996777534484863
v -16.31641960144043 1.75 -3.8662371635437012
v -15.052133560180664 1.75 -3.8662371635437012
v -14.630600929260254 1.75 -4.2659149169921875
v -13.41357421875 1.75 -4.2659149169921875
v -12.196548461914062 1.75 -4.2659149169921875
v -9.8192634582519531 1.75 -6.7659149169921875
v -12.196548461914062 1.75 -9.2659149169921875
v -13.41357421875 1.75 -9.2659149169921875
v -14.630600929260254 1.75 -9.2659149169921875
v -17.007884979248047 1.75 -6.7659149169921875
v -20.866418838500977 13.465085983276367 -14.336776733398438
v -20.836946487426758 13.732330322265625 -14.35513973236084
v -20.746456146240234 13.996511459350586 -14.373291015625
v -20.594215393066406 14.245559692382812 -14.390403747558594
v -20.385944366455078 14.464447021484375 -14.40544319152832
v -20.131582260131836 14.641767501831055 -14.417627334594727
v -19.847938537597656 14.768242835998535 -14.42631721496582
v -19.553823471069336 14.841150283813477 -14.431326866149902
v -19.26641845703125 14.86390209197998 -14.432889938354492
v -20.866418838500977 13.671760559082031 -12.659499168395996
v -20.836946487426758 13.943719863891602 -12.67818546295166
v -20.746456146240234 14.212560653686523 -12.696657180786133
v -20.594215393066406 14.466002464294434 -12.714071273803711
v -20.385944366455078 14.688752174377441 -12.729376792907715
v -20.131582260131836 14.869200706481934 -12.741775512695312
v -19.847938537597656 14.997906684875488 -12.750618934631348
v -19.553823471069336 15.072100639343262 -12.755716323852539
v -19.26641845703125 15.095253944396973 -12.757308006286621
v -20.866418838500977 13.878434181213379 -10.982220649719238
v -20.836946487426758 14.155108451843262 -11.00123119354248
v -20.746456146240234 14.428609848022461 -11.020023345947266
v -20.594215393066406 14.686446189880371 -11.037739753723145
v -20.385944366455078 14.913056373596191 -11.053310394287109
v -20.131582260131836 15.096633911132812 -11.065923690795898
v -19.847938537597656 15.227571487426758 -11.074920654296875
v -19.553823471069336 15.303050994873047 -11.080106735229492
v -19.26641845703125 15.326605796813965 -11.081725120544434
v -20.866418838500977 14.085108757019043 -9.3049430847167969
v -20.836946487426758 14.366497039794922 -9.3242769241333008
v -20.746456146240234 14.644659996032715 -9.3433895111083984
v -20.594215393066406 14.906888961791992 -9.3614072799682617
v -20.385944366455078 15.137361526489258 -9.3772430419921875
v -20.131582260131836 15.324066162109375 -9.3900718688964844
v -19.847938537597656 15.457235336303711 -9.3992223739624023
v -19.553823471069336 15.534001350402832 -9.4044961929321289
v -19.26641845703125 15.557957649230957 -9.4061422348022461
v -20.866418838500977 14.291783332824707 -7.6276645660400391
v -20.836946487426758 14.577886581420898 -7.6473226547241211
v -20.746456146240234 14.860709190368652 -7.6667556762695312
v -20.594215393066406 15.12733268737793 -7.6850752830505371
v -20.385944366455078 15.361665725708008 -7.701176643371582
v -20.131582260131836 15.551499366760254 -7.7142200469970703
v -19.847938537597656 15.686899185180664 -7.7235236167907715
v -19.553823471069336 15.764951705932617 -7.728886604309082
v -19.26641845703125 15.789309501647949 -7.730560302734375
v -20.866418838500977 14.498456954956055 -5.9503865242004395
v -20.836946487426758 14.789275169372559 -5.9703688621520996
v -20.746456146240234 15.07675838470459 -5.9901218414306641
v -20.594215393066406 15.347775459289551 -6.0087432861328125
v -20.385944366455078 15.585970878601074 -6.0251097679138184
v -20.131582260131836 15.778932571411133 -6.0383682250976562
v -19.847938537597656 15.916563987731934 -6.0478248596191406
v -19.553823471069336 15.995902061462402 -6.053276538848877
v -19.26641845703125 16.020660400390625 -6.0549774169921875
v -20.866418838500977 14.705131530761719 -4.2731084823608398
v -20.836946487426758 15.000663757324219 -4.2934145927429199
v -20.746456146240234 15.292807579040527 -4.3134880065917969
v -20.594215393066406 15.568218231201172 -4.3324112892150879
v -20.385944366455078 15.810275077819824 -4.3490433692932129
v -20.131582260131836 16.006364822387695 -4.3625164031982422
v -19.847938537597656 16.146228790283203 -4.372126579284668
v -19.553823471069336 16.226852416992188 -4.3776664733886719
v -19.26641845703125 16.252012252807617 -4.3793950080871582
v -20.866418838500977 14.911806106567383 -2.5958302021026611
v -20.836946487426758 15.212053298950195 -2.6164603233337402
v -20.746456146240234 15.508857727050781 -2.6368539333343506
v -20.594215393066406 15.788661956787109 -2.6560792922973633
v -20.385944366455078 16.034580230712891 -2.6729764938354492
v -20.131582260131836 16.233798980712891 -2.6866648197174072
v -19.847938537597656 16.375892639160156 -2.6964280605316162
v -19.553823471069336 16.457801818847656 -2.7020561695098877
v -19.26641845703125 16.483364105224609 -2.7038125991821289
v -20.866418838500977 15.11847972869873 -0.9185522198677063
v -20.836946487426758 15.423441886901855 -0.93950623273849487
v -20.746456146240234 15.724906921386719 -0.96021997928619385
v -20.594215393066406 16.009105682373047 -0.97974729537963867
v -20.385944366455078 16.258884429931641 -0.9969097375869751
v -20.131582260131836 16.461231231689453 -1.0108129978179932
v -19.847938537597656 16.605556488037109 -1.020729660987854
v -19.553823471069336 16.688753128051758 -1.0264461040496826
v -19.26641845703125 16.714715957641602 -1.0282300710678101
v -19.408351898193359 15.089642524719238 -12.756921768188477
v -19.553823471069336 14.956624984741211 -13.593522071838379
v -19.408351898193359 14.974015235900879 -13.59471607208252
v -19.701040267944336 15.041729927062988 -12.753629684448242
v -19.847938537597656 14.883074760437012 -13.588467597961426
v -19.701040267944336 14.926517486572266 -13.591452598571777
v -20.263566970825195 14.785001754760742 -12.735989570617676
v -20.131582260131836 14.755484580993652 -13.57970142364502
v -20.385944366455078 14.57659912109375 -13.567410469055176
v -20.263566970825195 14.672015190124512 -13.573966026306152
v -20.496709823608398 14.581843376159668 -12.722030639648438
v -20.594215393066406 14.355781555175781 -13.552237510681152
v -20.496709823608398 14.470617294311523 -13.560128211975098
v -20.678115844726562 14.341753959655762 -12.705533981323242
v -20.746456146240234 14.104536056518555 -13.534974098205566
v -20.678115844726562 14.232609748840332 -13.543774604797363
v -20.79973030090332 14.078448295593262 -12.687442779541016
v -20.836946487426758 13.838025093078613 -13.51666259765625
v -20.79973030090332 13.971586227416992 -13.525839805603027
v -20.859287261962891 13.80601692199707 -12.668724060058594
v -20.859287261962891 13.701516151428223 -13.507283210754395
v -20.866418838500977 3.3462364673614502 -0.10967788100242615
v -20.836946487426758 3.0412747859954834 -0.088723868131637573
v -20.746456146240234 2.739809513092041 -0.068010106682777405
v -20.594215393066406 2.4556117057800293 -0.048482794314622879
v -20.385944366455078 2.2058320045471191 -0.031320352107286453
v -20.131582260131836 2.0034854412078857 -0.017417052760720253
v -19.847938537597656 1.8591604232788086 -0.0075004417449235916
v -19.553823471069336 1.7759635448455811 -0.0017839595675468445
v -19.26641845703125 1.75 0
v -20.866418838500977 3.321558952331543 -1.7994610071182251
v -20.836946487426758 3.0213117599487305 -1.7788310050964355
v -20.746456146240234 2.7245073318481445 -1.7584373950958252
v -20.594215393066406 2.4447031021118164 -1.7392120361328125
v -20.385944366455078 2.1987850666046143 -1.7223148345947266
v -20.131582260131836 1.9995665550231934 -1.7086265087127686
v -19.847938537597656 1.8574727773666382 -1.6988632678985596
v -19.553823471069336 1.775562047958374 -1.6932351589202881
v -19.26641845703125 1.75 -1.6914787292480469
v -20.866418838500977 3.2968814373016357 -3.4892442226409912
v -20.836946487426758 3.0013489723205566 -3.4689381122589111
v -20.746456146240234 2.709205150604248 -3.4488646984100342
v -20.594215393066406 2.4337944984436035 -3.4299411773681641
v -20.385944366455078 2.1917378902435303 -3.4133093357086182
v -20.131582260131836 1.995647668838501 -3.3998360633850098
v -19.847938537597656 1.8557851314544678 -3.3902261257171631
v -19.553823471069336 1.7751606702804565 -3.3846862316131592
v -19.26641845703125 1.75 -3.3829574584960938
v -20.866418838500977 3.2722039222717285 -5.1790270805358887
v -20.836946487426758 2.9813861846923828 -5.1590452194213867
v -20.746456146240234 2.6939027309417725 -5.1392922401428223
v -20.594215393066406 2.4228858947753906 -5.1206703186035156
v -20.385944366455078 2.1846907138824463 -5.1043038368225098
v -20.131582260131836 1.9917287826538086 -5.0910453796386719
v -19.847938537597656 1.8540976047515869 -5.0815887451171875
v -19.553823471069336 1.7747592926025391 -5.0761375427246094
v -19.26641845703125 1.75 -5.0744361877441406
v -20.866418838500977 3.2475264072418213 -6.8688106536865234
v -20.836946487426758 2.9614231586456299 -6.8491520881652832
v -20.746456146240234 2.678600549697876 -6.8297195434570312
v -20.594215393066406 2.4119772911071777 -6.8113994598388672
v -20.385944366455078 2.1776437759399414 -6.7952985763549805
v -20.131582260131836 1.9878100156784058 -6.7822551727294922
v -19.847938537597656 1.8524099588394165 -6.772951602935791
v -19.553823471069336 1.7743579149246216 -6.7675886154174805
v -19.26641845703125 1.75 -6.7659149169921875
v -20.866418838500977 3.2228488922119141 -8.55859375
v -20.836946487426758 2.9414603710174561 -8.5392589569091797
v -20.746456146240234 2.6632981300354004 -8.520146369934082
v -20.594215393066406 2.4010686874389648 -8.5021286010742188
v -20.385944366455078 2.1705965995788574 -8.486292839050293
v -20.131582260131836 1.9838911294937134 -8.4734640121459961
v -19.847938537597656 1.8507224321365356 -8.4643144607543945
v -19.553823471069336 1.7739565372467041 -8.4590396881103516
v -19.26641845703125 1.75 -8.4573936462402344
v -20.866418838500977 3.1981713771820068 -10.248376846313477
v -20.836946487426758 2.9214975833892822 -10.229366302490234
v -20.746456146240234 2.6479959487915039 -10.210574150085449
v -20.594215393066406 2.390160083770752 -10.19285774230957
v -20.385944366455078 2.1635496616363525 -10.177287101745605
v -20.131582260131836 1.9799723625183105 -10.164673805236816
v -19.847938537597656 1.8490347862243652 -10.15567684173584
v -19.553823471069336 1.7735551595687866 -10.150490760803223
v -19.26641845703125 1.75 -10.148872375488281
v -20.866418838500977 3.1734938621520996 -11.938159942626953
v -20.836946487426758 2.9015345573425293 -11.919473648071289
v -20.746456146240234 2.6326937675476074 -11.9010009765625
v -20.594215393066406 2.3792514801025391 -11.883586883544922
v -20.385944366455078 2.1565024852752686 -11.868282318115234
v -20.131582260131836 1.9760534763336182 -11.855883598327637
v -19.847938537597656 1.8473471403121948 -11.847040176391602
v -19.553823471069336 1.7731537818908691 -11.841941833496094
v -19.26641845703125 1.75 -11.840351104736328
v -20.866418838500977 3.1488163471221924 -13.62794303894043
v -20.836946487426758 2.8815717697143555 -13.609580993652344
v -20.746456146240234 2.6173913478851318 -13.591428756713867
v -20.594215393066406 2.3683428764343262 -13.574316024780273
v -20.385944366455078 2.1494553089141846 -13.559276580810547
v -20.131582260131836 1.9721347093582153 -13.547092437744141
v -19.847938537597656 1.845659613609314 -13.538402557373047
v -19.553823471069336 1.7727524042129517 -13.533392906188965
v -19.26641845703125 1.75 -13.531829833984375
v -20.836946487426758 2.8915531635284424 -12.764527320861816
v -20.859287261962891 3.0392367839813232 -11.928935050964355
v -20.859287261962891 3.0280618667602539 -12.773906707763672
v -20.746456146240234 2.6250424385070801 -12.746214866638184
v -20.79973030090332 2.76680588722229 -11.910216331481934
v -20.79973030090332 2.7579922676086426 -12.755350112915039
v -20.594215393066406 2.3737971782684326 -12.728951454162598
v -20.678115844726562 2.5034997463226318 -11.892124176025391
v -20.678115844726562 2.4969685077667236 -12.737415313720703
v -20.385944366455078 2.1529788970947266 -12.713779449462891
v -20.496709823608398 2.2634110450744629 -11.875627517700195
v -20.496709823608398 2.2589609622955322 -12.721061706542969
v -20.131582260131836 1.974094033241272 -12.701488494873047
v -20.263566970825195 2.0602524280548096 -11.861668586730957
v -20.263566970825195 2.0575630664825439 -12.707222938537598
v -19.553823471069336 1.7729530334472656 -12.687667846679688
v -19.701040267944336 1.803524374961853 -11.844028472900391
v -19.847938537597656 1.8465033769607544 -12.692721366882324
v -19.701040267944336 1.8030604124069214 -12.689736366271973
v -19.408351898193359 1.7556118965148926 -11.840736389160156
v -19.408351898193359 1.7555632591247559 -12.68647289276123
v -7.4664187431335449 14.86390209197998 -14.432889938354492
v -7.1607379913330078 14.838136672973633 -14.431119918823242
v -6.8585624694824219 14.759023666381836 -14.425683975219727
v -6.5736942291259766 14.625925064086914 -14.416538238525391
v -6.3233256340026855 14.443842887878418 -14.404027938842773
v -6.1205019950866699 14.221464157104492 -14.388748168945312
v -5.9758367538452148 13.973484992980957 -14.371708869934082
v -5.8924436569213867 13.716353416442871 -14.354042053222656
v -5.8664188385009766 13.465085983276367 -14.336776733398438
v -7.4664187431335449 15.095253944396973 -12.757308006286621
v -7.1607379913330078 15.069033622741699 -12.755505561828613
v -6.8585624694824219 14.988525390625 -12.749974250793457
v -6.5736942291259766 14.853078842163086 -12.740667343139648
v -6.3233256340026855 14.667783737182617 -12.727935791015625
v -6.1205019950866699 14.441481590270996 -12.712387084960938
v -5.9758367538452148 14.189128875732422 -12.695047378540039
v -5.8924436569213867 13.927459716796875 -12.677067756652832
v -5.8664188385009766 13.671760559082031 -12.659499168395996
v -7.4664187431335449 15.326605796813965 -11.081725120544434
v -7.1607379913330078 15.299930572509766 -11.079892158508301
v -6.8585624694824219 15.218027114868164 -11.074264526367188
v -6.5736942291259766 15.080232620239258 -11.064796447753906
v -6.3233256340026855 14.891725540161133 -11.051844596862793
v -6.1205019950866699 14.661499977111816 -11.036025047302246
v -5.9758367538452148 14.40477180480957 -11.018385887145996
v -5.8924436569213867 14.138566970825195 -11.000094413757324
v -5.8664188385009766 13.878434181213379 -10.982220649719238
v -7.4664187431335449 15.557957649230957 -9.4061422348022461
v -7.1607379913330078 15.530828475952148 -9.4042787551879883
v -6.8585624694824219 15.447527885437012 -9.398554801940918
v -6.5736942291259766 15.307385444641113 -9.3889255523681641
v -6.3233256340026855 15.115666389465332 -9.3757524490356445
v -6.1205019950866699 14.881518363952637 -9.3596639633178711
v -5.9758367538452148 14.620414733886719 -9.3417234420776367
v -5.8924436569213867 14.349674224853516 -9.3231210708618164
v -5.8664188385009766 14.085108757019043 -9.3049430847167969
v -7.4664187431335449 15.789309501647949 -7.730560302734375
v -7.1607379913330078 15.761725425720215 -7.7286648750305176
v -6.8585624694824219 15.677029609680176 -7.7228450775146484
v -6.5736942291259766 15.534539222717285 -7.7130546569824219
v -6.3233256340026855 15.339607238769531 -7.6996607780456543
v -6.1205019950866699 15.101535797119141 -7.6833028793334961
v -5.9758367538452148 14.836058616638184 -7.6650619506835938
v -5.8924436569213867 14.560781478881836 -7.6461477279663086
v -5.8664188385009766 14.291783332824707 -7.6276645660400391
v -7.4664187431335449 16.020660400390625 -6.0549774169921875
v -7.1607379913330078 15.992622375488281 -6.0530509948730469
v -6.8585624694824219 15.90653133392334 -6.0471358299255371
v -6.5736942291259766 15.761693000793457 -6.0371837615966797
v -6.3233256340026855 15.563549041748047 -6.0235691070556641
v -6.1205019950866699 15.321554183959961 -6.0069417953491211
v -5.9758367538452148 15.051701545715332 -5.9883999824523926
v -5.8924436569213867 14.771888732910156 -5.9691739082336426
v -5.8664188385009766 14.498456954956055 -5.9503865242004395
v -7.4664187431335449 16.252012252807617 -4.3793950080871582
v -7.1607379913330078 16.223520278930664 -4.3774371147155762
v -6.8585624694824219 16.136032104492188 -4.3714261054992676
v -6.5736942291259766 15.988845825195312 -4.3613128662109375
v -6.3233256340026855 15.787489891052246 -4.3474774360656738
v -6.1205019950866699 15.541572570800781 -4.3305807113647461
v -5.9758367538452148 15.26734447479248 -4.3117380142211914
v -5.8924436569213867 14.98299503326416 -4.2922005653381348
v -5.8664188385009766 14.705131530761719 -4.2731084823608398
v -7.4664187431335449 16.483364105224609 -2.7038125991821289
v -7.1607379913330078 16.454416275024414 -2.7018234729766846
v -6.8585624694824219 16.365533828735352 -2.695716381072998
v -6.5736942291259766 16.215999603271484 -2.6854419708251953
v -6.3233256340026855 16.011430740356445 -2.6713860034942627
v -6.1205019950866699 15.761590003967285 -2.6542191505432129
v -5.9758367538452148 15.482988357543945 -2.6350765228271484
v -5.8924436569213867 15.19410228729248 -2.6152269840240479
v -5.8664188385009766 14.911806106567383 -2.5958302021026611
v -7.4664187431335449 16.714715957641602 -1.0282300710678101
v -7.1607379913330078 16.685314178466797 -1.026209831237793
v -6.8585624694824219 16.595035552978516 -1.0200067758560181
v -6.5736942291259766 16.443153381347656 -1.0095709562301636
v -6.3233256340026855 16.235372543334961 -0.99529421329498291
v -6.1205019950866699 15.981608390808105 -0.97785800695419312
v -5.9758367538452148 15.698631286621094 -0.95841461420059204
v -5.8924436569213867 15.405209541320801 -0.93825346231460571
v -5.8664188385009766 15.11847972869873 -0.9185522198677063
v -5.8727269172668457 13.798036575317383 -12.66817569732666
v -5.8924436569213867 13.821907043457031 -13.515554428100586
v -5.8727269172668457 13.693604469299316 -13.506739616394043
v -5.9265799522399902 14.058436393737793 -12.686067581176758
v -5.9758367538452148 14.081306457519531 -13.533378601074219
v -5.9265799522399902 13.951747894287109 -13.524476051330566
v -6.0405244827270508 14.317516326904297 -12.703868865966797
v -6.1205019950866699 14.331473350524902 -13.550567626953125
v -6.0405244827270508 14.208581924438477 -13.542123794555664
v -6.2151408195495605 14.558906555175781 -12.720455169677734
v -6.3233256340026855 14.555813789367676 -13.565981864929199
v -6.2151408195495605 14.447879791259766 -13.558566093444824
v -6.4434905052185059 14.766330718994141 -12.734706878662109
v -6.5736942291259766 14.739501953125 -13.57860279083252
v -6.4434905052185059 14.653506278991699 -13.572693824768066
v -7.0093035697937012 15.035923004150391 -12.753231048583984
v -6.8585624694824219 14.873774528503418 -13.587828636169434
v -7.1607379913330078 14.953584671020508 -13.593313217163086
v -7.0093035697937012 14.920761108398438 -13.591057777404785
v -7.3155150413513184 15.088909149169922 -12.756871223449707
v -7.3155150413513184 14.973287582397461 -13.594666481018066
v -5.8664188385009766 3.1488163471221924 -13.62794303894043
v -5.8958907127380371 2.8815717697143555 -13.609580993652344
v -5.9863815307617188 2.6173913478851318 -13.591428756713867
v -6.1386227607727051 2.3683428764343262 -13.574316024780273
v -6.346893310546875 2.1494553089141846 -13.559276580810547
v -6.6012558937072754 1.9721347093582153 -13.547092437744141
v -6.8848996162414551 1.845659613609314 -13.538402557373047
v -7.179013729095459 1.7727524042129517 -13.533392906188965
v -7.4664187431335449 1.75 -13.531829833984375
v -5.8664188385009766 3.1734938621520996 -11.938159942626953
v -5.8958907127380371 2.9015345573425293 -11.919473648071289
v -5.9863815307617188 2.6326937675476074 -11.9010009765625
v -6.1386227607727051 2.3792514801025391 -11.883586883544922
v -6.346893310546875 2.1565024852752686 -11.868282318115234
v -6.6012558937072754 1.9760534763336182 -11.855883598327637
v -6.8848996162414551 1.8473471403121948 -11.847040176391602
v -7.179013729095459 1.7731537818908691 -11.841941833496094
v -7.4664187431335449 1.75 -11.840351104736328
v -5.8664188385009766 3.1981713771820068 -10.248376846313477
v -5.8958907127380371 2.9214975833892822 -10.229366302490234
v -5.9863815307617188 2.6479959487915039 -10.210574150085449
v -6.1386227607727051 2.390160083770752 -10.19285774230957
v -6.346893310546875 2.1635496616363525 -10.177287101745605
v -6.6012558937072754 1.9799723625183105 -10.164673805236816
v -6.8848996162414551 1.8490347862243652 -10.15567684173584
v -7.179013729095459 1.7735551595687866 -10.150490760803223
v -7.4664187431335449 1.75 -10.148872375488281
v -5.8664188385009766 3.2228488922119141 -8.55859375
v -5.8958907127380371 2.9414603710174561 -8.5392589569091797
v -5.9863815307617188 2.6632981300354004 -8.520146369934082
v -6.1386227607727051 2.4010686874389648 -8.5021286010742188
v -6.346893310546875 2.1705965995788574 -8.486292839050293
v -6.6012558937072754 1.9838911294937134 -8.4734640121459961
v -6.8848996162414551 1.8507224321365356 -8.4643144607543945
v -7.179013729095459 1.7739565372467041 -8.4590396881103516
v -7.4664187431335449 1.75 -8.4573936462402344
v -5.8664188385009766 3.2475264072418213 -6.8688106536865234
v -5.8958907127380371 2.9614231586456299 -6.8491520881652832
v -5.9863815307617188 2.678600549697876 -6.8297195434570312
v -6.1386227607727051 2.4119772911071777 -6.8113994598388672
v -6.346893310546875 2.1776437759399414 -6.7952985763549805
v -6.6012558937072754 1.9878100156784058 -6.7822551727294922
v -6.8848996162414551 1.8524099588394165 -6.772951602935791
v -7.179013729095459 1.7743579149246216 -6.7675886154174805
v -7.4664187431335449 1.75 -6.7659149169921875
v -5.8664188385009766 3.2722039222717285 -5.1790270805358887
v -5.8958907127380371 2.9813861846923828 -5.1590452194213867
v -5.9863815307617188 2.6939027309417725 -5.1392922401428223
v -6.1386227607727051 2.4228858947753906 -5.1206703186035156
v -6.346893310546875 2.1846907138824463 -5.1043038368225098
v -6.6012558937072754 1.9917287826538086 -5.0910453796386719
v -6.8848996162414551 1.8540976047515869 -5.0815887451171875
v -7.179013729095459 1.7747592926025391 -5.0761375427246094
v -7.4664187431335449 1.75 -5.0744361877441406
v -5.8664188385009766 3.2968814373016357 -3.4892442226409912
v -5.8958907127380371 3.0013489723205566 -3.4689381122589111
v -5.9863815307617188 2.709205150604248 -3.4488646984100342
v -6.1386227607727051 2.4337944984436035 -3.4299411773681641
v -6.346893310546875 2.1917378902435303 -3.4133093357086182
v -6.6012558937072754 1.995647668838501 -3.3998360633850098
v -6.8848996162414551 1.8557851314544678 -3.3902261257171631
v -7.179013729095459 1.7751606702804565 -3.3846862316131592
v -7.4664187431335449 1.75 -3.3829574584960938
v -5.8664188385009766 3.321558952331543 -1.7994610071182251
v -5.8958907127380371 3.0213117599487305 -1.7788310050964355
v -5.9863815307617188 2.7245073318481445 -1.7584373950958252
v -6.1386227607727051 2.4447031021118164 -1.7392120361328125
v -6.346893310546875 2.1987850666046143 -1.7223148345947266
v -6.6012558937072754 1.9995665550231934 -1.7086265087127686
v -6.8848996162414551 1.8574727773666382 -1.6988632678985596
v -7.179013729095459 1.775562047958374 -1.6932351589202881
v -7.4664187431335449 1.75 -1.6914787292480469
v -5.8664188385009766 3.3462364673614502 -0.10967788100242615
v -5.8958907127380371 3.0412747859954834 -0.088723868131637573
v -5.9863815307617188 2.739809513092041 -0.068010106682777405
v -6.1386227607727051 2.4556117057800293 -0.048482794314622879
v -6.346893310546875 2.2058320045471191 -0.031320352107286453
v -6.6012558937072754 2.0034854412078857 -0.017417052760720253
v -6.8848996162414551 1.8591604232788086 -0.0075004417449235916
v -7.179013729095459 1.7759635448455811 -0.0017839595675468445
v -7.4664187431335449 1.75 0
v -7.3244853019714355 1.7556118965148926 -11.840736389160156
v -7.179013729095459 1.7729530334472656 -12.687667846679688
v -7.3244853019714355 1.7555632591247559 -12.68647289276123
v -7.031796932220459 1.803524374961853 -11.844028472900391
v -6.8848996162414551 1.8465033769607544 -12.692721366882324
v -7.031796932220459 1.8030604124069214 -12.689736366271973
v -6.469271183013916 2.0602524280548096 -11.861668586730957
v -6.6012558937072754 1.974094033241272 -12.701488494873047
v -6.346893310546875 2.1529788970947266 -12.713779449462891
v -6.469271183013916 2.0575630664825439 -12.707222938537598
v -6.2361273765563965 2.2634110450744629 -11.875627517700195
v -6.1386227607727051 2.3737971782684326 -12.728951454162598
v -6.2361273765563965 2.2589609622955322 -12.721061706542969
v -6.054722785949707 2.5034997463226318 -11.892124176025391
v -5.9863815307617188 2.6250424385070801 -12.746214866638184
v -6.054722785949707 2.4969685077667236 -12.737415313720703
v -5.9331068992614746 2.76680588722229 -11.910216331481934
v -5.8958907127380371 2.8915531635284424 -12.764527320861816
v -5.9331068992614746 2.7579922676086426 -12.755350112915039
v -5.8735508918762207 3.0392367839813232 -11.928935050964355
v -5.8735508918762207 3.0280618667602539 -12.773906707763672
v -20.866418838500977 3.1488163471221924 -13.62794303894043
v -20.866418838500977 8.3069515228271484 -13.982359886169434
v -20.866418838500977 13.465085983276367 -14.336776733398438
v -19.26641845703125 14.86390209197998 -14.432889938354492
v -13.366418838500977 14.86390209197998 -14.432889938354492
v -7.4664187431335449 14.86390209197998 -14.432889938354492
v -5.8664188385009766 13.465085983276367 -14.336776733398438
v -5.8664188385009766 8.3069515228271484 -13.982359886169434
v -5.8664188385009766 3.1488163471221924 -13.62794303894043
v -7.4664187431335449 1.75 -13.531829833984375
v -8.7775297164916992 1.75 -13.531829833984375
v -10.088641166687012 1.75 -13.531829833984375
v -11.399752616882324 1.75 -13.531829833984375
v -12.71086311340332 1.75 -13.531829833984375
v -14.021974563598633 1.75 -13.531829833984375
v -15.333086013793945 1.75 -13.531829833984375
v -16.644197463989258 1.75 -13.531829833984375
v -17.955307006835938 1.75 -13.531829833984375
v -19.26641845703125 1.75 -13.531829833984375
v -13.366418838500977 8.3069515228271484 -13.982359886169434
v -13.366418838500977 5.0284757614135742 -13.757095336914062
v -9.6164188385009766 8.3069515228271484 -13.982359886169434
v -9.6164188385009766 5.0284757614135742 -13.757095336914062
v -17.116418838500977 8.3069515228271484 -13.982359886169434
v -17.116418838500977 5.0284757614135742 -13.757095336914062
v -20.836946487426758 13.732330322265625 -14.35513973236084
v -20.746456146240234 13.996511459350586 -14.373291015625
v -20.594215393066406 14.245559692382812 -14.390403747558594
v -20.385944366455078 14.464447021484375 -14.40544319152832
v -20.131582260131836 14.641767501831055 -14.417627334594727
v -19.847938537597656 14.768242835998535 -14.42631721496582
v -19.553823471069336 14.841150283813477 -14.431326866149902
v -13.366418838500977 11.585427284240723 -14.207625389099121
v -17.116418838500977 11.585427284240723 -14.207625389099121
v -17.116418838500977 13.224664688110352 -14.320257186889648
v -18.991418838500977 11.585427284240723 -14.207625389099121
v -18.991418838500977 13.224664688110352 -14.320257186889648
v -18.991418838500977 14.044283866882324 -14.37657356262207
v -19.928918838500977 13.224664688110352 -14.320257186889648
v -19.928918838500977 14.044283866882324 -14.37657356262207
v -19.928918838500977 13.63447380065918 -14.348415374755859
v -20.397668838500977 13.224664688110352 -14.320257186889648
v -20.397668838500977 14.044283866882324 -14.37657356262207
v -20.397668838500977 13.63447380065918 -14.348415374755859
v -18.991418838500977 12.405045509338379 -14.263940811157227
v -19.928918838500977 11.585427284240723 -14.207625389099121
v -19.928918838500977 12.405045509338379 -14.263940811157227
v -17.116418838500977 9.9461889266967773 -14.094992637634277
v -18.991418838500977 8.3069515228271484 -13.982359886169434
v -18.991418838500977 9.9461889266967773 -14.094992637634277
v -19.928918838500977 14.454092979431152 -14.404731750488281
v -18.991418838500977 14.454092979431152 -14.404731750488281
v -19.460168838500977 14.044283866882324 -14.37657356262207
v -19.460168838500977 14.454092979431152 -14.404731750488281
v -17.116418838500977 14.044283866882324 -14.37657356262207
v -18.053918838500977 13.224664688110352 -14.320257186889648
v -18.053918838500977 14.044283866882324 -14.37657356262207
v -13.366418838500977 13.224664688110352 -14.320257186889648
v -15.241418838500977 11.585427284240723 -14.207625389099121
v -15.241418838500977 13.224664688110352 -14.320257186889648
v -9.6164188385009766 11.585427284240723 -14.207625389099121
v -19.553823471069336 1.7727524042129517 -13.533392906188965
v -19.847938537597656 1.845659613609314 -13.538402557373047
v -20.131582260131836 1.9721347093582153 -13.547092437744141
v -20.385944366455078 2.1494553089141846 -13.559276580810547
v -20.594215393066406 2.3683428764343262 -13.574316024780273
v -20.746456146240234 2.6173913478851318 -13.591428756713867
v -20.836946487426758 2.8815717697143555 -13.609580993652344
v -17.116418838500977 3.3892378807067871 -13.644462585449219
v -18.991418838500977 5.0284757614135742 -13.757095336914062
v -18.991418838500977 3.3892378807067871 -13.644462585449219
v -18.991418838500977 2.5696189403533936 -13.588146209716797
v -19.928918838500977 3.3892378807067871 -13.644462585449219
v -19.928918838500977 2.5696189403533936 -13.588146209716797
v -18.991418838500977 2.1598093509674072 -13.559988021850586
v -19.928918838500977 2.1598093509674072 -13.559988021850586
v -19.460168838500977 2.5696189403533936 -13.588146209716797
v -19.460168838500977 2.1598093509674072 -13.559988021850586
v -17.116418838500977 2.5696189403533936 -13.588146209716797
v -18.053918838500977 3.3892378807067871 -13.644462585449219
v -18.053918838500977 2.5696189403533936 -13.588146209716797
v -13.366418838500977 3.3892378807067871 -13.644462585449219
v -15.241418838500977 5.0284757614135742 -13.757095336914062
v -15.241418838500977 3.3892378807067871 -13.644462585449219
v -20.397668838500977 2.5696189403533936 -13.588146209716797
v -19.928918838500977 2.9794282913208008 -13.616304397583008
v -20.397668838500977 3.3892378807067871 -13.644462585449219
v -20.397668838500977 2.9794282913208008 -13.616304397583008
v -18.991418838500977 4.2088565826416016 -13.700778961181641
v -19.928918838500977 5.0284757614135742 -13.757095336914062
v -19.928918838500977 4.2088565826416016 -13.700778961181641
v -17.116418838500977 6.6677136421203613 -13.86972713470459
v -18.991418838500977 6.6677136421203613 -13.86972713470459
v -7.1607379913330078 14.838136672973633 -14.431119918823242
v -6.8585624694824219 14.759023666381836 -14.425683975219727
v -6.5736942291259766 14.625925064086914 -14.416538238525391
v -6.3233256340026855 14.443842887878418 -14.404027938842773
v -6.1205019950866699 14.221464157104492 -14.388748168945312
v -5.9758367538452148 13.973484992980957 -14.371708869934082
v -5.8924436569213867 13.716353416442871 -14.354042053222656
v -7.7414188385009766 11.585427284240723 -14.207625389099121
v -9.6164188385009766 13.224664688110352 -14.320257186889648
v -7.7414188385009766 13.224664688110352 -14.320257186889648
v -6.8039188385009766 13.224664688110352 -14.320257186889648
v -7.7414188385009766 14.044283866882324 -14.37657356262207
v -6.8039188385009766 14.044283866882324 -14.37657356262207
v -6.3351688385009766 14.044283866882324 -14.37657356262207
v -6.3351688385009766 13.224664688110352 -14.320257186889648
v -6.8039188385009766 13.63447380065918 -14.348415374755859
v -6.3351688385009766 13.63447380065918 -14.348415374755859
v -6.8039188385009766 11.585427284240723 -14.207625389099121
v -7.7414188385009766 12.405045509338379 -14.263940811157227
v -6.8039188385009766 12.405045509338379 -14.263940811157227
v -7.7414188385009766 8.3069515228271484 -13.982359886169434
v -9.6164188385009766 9.9461889266967773 -14.094992637634277
v -7.7414188385009766 9.9461889266967773 -14.094992637634277
v -5.8958907127380371 2.8815717697143555 -13.609580993652344
v -5.9863815307617188 2.6173913478851318 -13.591428756713867
v -6.1386227607727051 2.3683428764343262 -13.574316024780273
v -6.346893310546875 2.1494553089141846 -13.559276580810547
v -6.6012558937072754 1.9721347093582153 -13.547092437744141
v -6.8848996162414551 1.845659613609314 -13.538402557373047
v -7.179013729095459 1.7727524042129517 -13.533392906188965
v -9.6164188385009766 3.3892378807067871 -13.644462585449219
v -7.7414188385009766 5.0284757614135742 -13.757095336914062
v -7.7414188385009766 3.3892378807067871 -13.644462585449219
v -7.7414188385009766 2.5696189403533936 -13.588146209716797
v -6.8039188385009766 3.3892378807067871 -13.644462585449219
v -6.8039188385009766 2.5696189403533936 -13.588146209716797
v -6.3351688385009766 2.5696189403533936 -13.588146209716797
v -6.8039188385009766 2.9794282913208008 -13.616304397583008
v -6.3351688385009766 3.3892378807067871 -13.644462585449219
v -6.3351688385009766 2.9794282913208008 -13.616304397583008
v -7.7414188385009766 4.2088565826416016 -13.700778961181641
v -6.8039188385009766 5.0284757614135742 -13.757095336914062
v -6.8039188385009766 4.2088565826416016 -13.700778961181641
v -9.6164188385009766 6.6677136421203613 -13.86972713470459
v -7.7414188385009766 6.6677136421203613 -13.86972713470459
v -6.8039188385009766 2.1598093509674072 -13.559988021850586
v -7.7414188385009766 2.1598093509674072 -13.559988021850586
v -7.2726688385009766 2.5696189403533936 -13.588146209716797
v -7.2726688385009766 2.1598093509674072 -13.559988021850586
v -9.6164188385009766 2.5696189403533936 -13.588146209716797
v -8.6789188385009766 3.3892378807067871 -13.644462585449219
v -8.6789188385009766 2.5696189403533936 -13.588146209716797
v -11.491418838500977 5.0284757614135742 -13.757095336914062
v -11.491418838500977 3.3892378807067871 -13.644462585449219
v -20.866418838500977 15.002850532531738 -0.91060727834701538
v -20.866418838500977 3.4618659019470215 -0.11762281507253647
v -20.116418838500977 9.1980838775634766 -1.0129389762878418
v -20.866418838500977 7.3088607788085938 -0.3819509744644165
v -20.866418838500977 11.155856132507324 -0.64627915620803833
v -19.366582870483398 5.3883333206176758 -1.2522388696670532
v -20.311042785644531 14.238711357116699 -1.2292263507843018
v -19.366582870483398 12.939300537109375 -1.7710680961608887
v -20.116418838500977 11.698630332946777 -1.1847522258758545
v -20.491418838500977 9.2152214050292969 -0.76352697610855103
v -20.491418838500977 11.908117294311523 -0.94855672121047974
v -19.366582870483398 11.995429992675781 -1.706214427947998
v -19.366582870483398 11.051559448242188 -1.6413607597351074
v -19.366582870483398 10.107687950134277 -1.5765070915222168
v -19.366582870483398 9.1638174057006836 -1.5116534233093262
v -19.366582870483398 8.2199459075927734 -1.4467998743057251
v -19.366582870483398 7.2760753631591797 -1.3819462060928345
v -19.366582870483398 6.3322043418884277 -1.3170925378799438
v -19.741418838500977 9.1809463500976562 -1.2623509168624878
v -19.741418838500977 11.489143371582031 -1.420947790145874
v -20.116418838500977 6.6975374221801758 -0.84112560749053955
v -19.741418838500977 6.8727498054504395 -1.1037540435791016
v -16.329010009765625 2.2316868305206299 -0.28368628025054932
v -13.366418838500977 2.2316868305206299 -0.28368628025054932
v -10.403826713562012 2.2316868305206299 -0.28368628025054932
v -16.173084259033203 2.7133734226226807 -0.56737256050109863
v -13.366418838500977 2.7133734226226807 -0.56737256050109863
v -10.559752464294434 2.7133734226226807 -0.56737256050109863
v -16.017158508300781 3.1950602531433105 -0.85105884075164795
v -13.366418838500977 3.1950602531433105 -0.85105884075164795
v -10.715679168701172 3.1950602531433105 -0.85105884075164795
v -7.4664187431335449 1.75 0
v -8.7775297164916992 1.75 0
v -10.088641166687012 1.75 0
v -11.399752616882324 1.75 0
v -12.71086311340332 1.75 0
v -14.021974563598633 1.75 0
v -15.333086013793945 1.75 0
v -16.644197463989258 1.75 0
v -17.955307006835938 1.75 0
v -19.26641845703125 1.75 0
v -17.983015060424805 3.6767468452453613 -1.1347451210021973
v -16.957103729248047 3.6767468452453613 -1.1347451210021973
v -15.931194305419922 3.6767468452453613 -1.1347451210021973
v -14.90528392791748 3.6767468452453613 -1.1347451210021973
v -13.879373550415039 3.6767468452453613 -1.1347451210021973
v -12.853464126586914 3.6767468452453613 -1.1347451210021973
v -11.827553749084473 3.6767468452453613 -1.1347451210021973
v -10.801643371582031 3.6767468452453613 -1.1347451210021973
v -9.7757339477539062 3.6767468452453613 -1.1347451210021973
v -8.7498235702514648 3.6767468452453613 -1.1347451210021973
v -19.472972869873047 1.762898325920105 -0.0075963712297379971
v -7.2598648071289062 1.762898325920105 -0.0075963712297379971
v -8.9225311279296875 2.2316868305206299 -0.28368628025054932
v -10.325863838195801 1.9908434152603149 -0.14184314012527466
v -8.8055868148803711 1.9908434152603149 -0.14184314012527466
v -8.0454483032226562 1.9908434152603149 -0.14184314012527466
v -8.7471141815185547 1.8704216480255127 -0.070921570062637329
v -7.9772305488586426 1.8704216480255127 -0.070921570062637329
v -17.810306549072266 2.2316868305206299 -0.28368628025054932
v -16.406972885131836 1.9908434152603149 -0.14184314012527466
v -17.927251815795898 1.9908434152603149 -0.14184314012527466
v -18.687389373779297 1.9908434152603149 -0.14184314012527466
v -17.985723495483398 1.8704216480255127 -0.070921570062637329
v -18.755607604980469 1.8704216480255127 -0.070921570062637329
v -5.8664188385009766 3.4618659019470215 -0.11762281507253647
v -5.8664188385009766 15.002850532531738 -0.91060727834701538
v -6.6164188385009766 9.1980838775634766 -1.0129389762878418
v -5.8664188385009766 11.155856132507324 -0.64627915620803833
v -5.8664188385009766 7.3088607788085938 -0.3819509744644165
v -6.4217944145202637 4.1752443313598633 -0.53776252269744873
v -7.3662543296813965 5.3883333206176758 -1.2522388696670532
v -6.6164188385009766 6.6975374221801758 -0.84112560749053955
v -6.2414188385009766 9.2152214050292969 -0.76352697610855103
v -6.2414188385009766 6.5223245620727539 -0.57849729061126709
v -7.3662543296813965 12.939300537109375 -1.7710680961608887
v -7.3662543296813965 6.3322043418884277 -1.3170925378799438
v -7.3662543296813965 7.2760753631591797 -1.3819462060928345
v -7.3662543296813965 8.2199459075927734 -1.4467998743057251
v -7.3662543296813965 9.1638174057006836 -1.5116534233093262
v -7.3662543296813965 10.107687950134277 -1.5765070915222168
v -7.3662543296813965 11.051559448242188 -1.6413607597351074
v -7.3662543296813965 11.995429992675781 -1.706214427947998
v -6.9914188385009766 9.1809463500976562 -1.2623509168624878
v -6.9914188385009766 6.8727498054504395 -1.1037540435791016
v -6.6164188385009766 11.698630332946777 -1.1847522258758545
v -6.9914188385009766 11.489143371582031 -1.420947790145874
v -10.403826713562012 16.198755264282227 -1.2433676719665527
v -13.366418838500977 16.198755264282227 -1.2433676719665527
v -16.329010009765625 16.198755264282227 -1.2433676719665527
v -10.559752464294434 15.682794570922852 -1.4585052728652954
v -13.366418838500977 15.682794570922852 -1.4585052728652954
v -16.173084259033203 15.682794570922852 -1.4585052728652954
v -10.715679168701172 15.166833877563477 -1.6736428737640381
v -13.366418838500977 15.166833877563477 -1.6736428737640381
v -16.017158508300781 15.166833877563477 -1.6736428737640381
v -19.26641845703125 16.714715957641602 -1.0282300710678101
v -17.299753189086914 16.714715957641602 -1.0282300710678101
v -15.333086013793945 16.714715957641602 -1.0282300710678101
v -13.366418838500977 16.714715957641602 -1.0282300710678101
v -11.399752616882324 16.714715957641602 -1.0282300710678101
v -9.4330854415893555 16.714715957641602 -1.0282300710678101
v -7.4664187431335449 16.714715957641602 -1.0282300710678101
v -8.7498235702514648 14.650872230529785 -1.8887804746627808
v -9.7757339477539062 14.650872230529785 -1.8887804746627808
v -10.801643371582031 14.650872230529785 -1.8887804746627808
v -11.827553749084473 14.650872230529785 -1.8887804746627808
v -12.853464126586914 14.650872230529785 -1.8887804746627808
v -13.879373550415039 14.650872230529785 -1.8887804746627808
v -14.90528392791748 14.650872230529785 -1.8887804746627808
v -15.931194305419922 14.650872230529785 -1.8887804746627808
v -16.957103729248047 14.650872230529785 -1.8887804746627808
v -17.983015060424805 14.650872230529785 -1.8887804746627808
v -7.2598648071289062 16.700901031494141 -1.0339909791946411
v -19.472972869873047 16.700901031494141 -1.0339909791946411
v -17.810306549072266 16.198755264282227 -1.2433676719665527
v -16.406972885131836 16.456735610961914 -1.1357989311218262
v -17.927251815795898 16.456735610961914 -1.1357989311218262
v -18.687389373779297 16.456735610961914 -1.1357989311218262
v -17.985723495483398 16.585725784301758 -1.0820145606994629
v -18.755607604980469 16.585725784301758 -1.0820145606994629
v -8.9225311279296875 16.198755264282227 -1.2433676719665527
v -10.325863838195801 16.456735610961914 -1.1357989311218262
v -8.8055868148803711 16.456735610961914 -1.1357989311218262
v -8.0454483032226562 16.456735610961914 -1.1357989311218262
v -8.7471141815185547 16.585725784301758 -1.0820145606994629
v -7.9772305488586426 16.585725784301758 -1.0820145606994629
v -19.366582870483398 5.3883333206176758 -1.2522388696670532
v -19.099193572998047 3.1106369495391846 -0.74349451065063477
v -19.540195465087891 3.4414718151092529 -0.76470452547073364
v -19.950447082519531 3.802396297454834 -0.69417679309844971
v -20.866418838500977 3.3462364673614502 -0.10967788100242615
v -20.866418838500977 3.4618659019470215 -0.11762281507253647
v -20.137964248657227 3.9885246753692627 -0.62601310014724731
v -20.422595977783203 3.1959233283996582 -0.33699846267700195
v -20.610111236572266 3.3820517063140869 -0.26883476972579956
v -20.698558807373047 3.4754841327667236 -0.22710870206356049
v -20.845769882202148 3.0906109809875488 -0.092113777995109558
v -20.849330902099609 3.1204819679260254 -0.09416622668504715
v -20.816596984863281 3.3238658905029297 -0.13781411945819855
v -20.654800415039062 3.4287681579589844 -0.24858647584915161
v -20.728147506713867 3.230433464050293 -0.17954020202159882
v -20.772836685180664 3.2771499156951904 -0.15929189324378967
v -20.226411819458008 4.0819568634033203 -0.58428704738616943
v -20.37403678894043 3.6852881908416748 -0.44742393493652344
v -20.462486267089844 3.7787206172943115 -0.40569788217544556
v -19.478300094604492 4.4088692665100098 -1.0513551235198975
v -19.665815353393555 4.5949978828430176 -0.98319143056869507
v -20.518047332763672 3.2887656688690186 -0.30553263425827026
v -20.658668518066406 2.8926868438720703 -0.15840931236743927
v -19.750421524047852 3.6192474365234375 -0.74074399471282959
v -20.01234245300293 2.8349988460540771 -0.40752622485160828
v -20.222568511962891 3.0127744674682617 -0.38356569409370422
v -20.831855773925781 3.2013406753540039 -0.1146446093916893
v -20.750608444213867 3.2537894248962402 -0.16957151889801025
v -20.787166595458984 3.1546244621276855 -0.13489291071891785
v -20.809625625610352 3.1779804229736328 -0.12492422759532928
v -20.800592422485352 3.0321354866027832 -0.1092364564538002
v -20.564517974853516 3.3353719711303711 -0.28782561421394348
v -20.636083602905273 3.1371474266052246 -0.21623806655406952
v -20.682554244995117 3.1837537288665771 -0.19853104650974274
v -20.045900344848633 3.8952386379241943 -0.66271096467971802
v -20.186521530151367 3.4991598129272461 -0.51558762788772583
v -20.281972885131836 3.5920021533966064 -0.48412179946899414
v -17.983015060424805 3.6767468452453613 -1.1347451210021973
v -19.472972869873047 1.762898325920105 -0.0075963712297379971
v -19.614850997924805 1.7872169017791748 -0.018468596041202545
v -19.753656387329102 1.8241310119628906 -0.029578005895018578
v -19.888580322265625 1.873436450958252 -0.040383130311965942
v -20.018814086914062 1.9349286556243896 -0.050342507660388947
v -20.143043518066406 2.0080749988555908 -0.058965101838111877
v -20.259860992431641 2.0920329093933105 -0.066111534833908081
v -20.368625640869141 2.1862919330596924 -0.07178971916437149
v -20.468690872192383 2.2903413772583008 -0.076007567346096039
v -20.558877944946289 2.4029667377471924 -0.07884690910577774
v -20.638381958007812 2.5230367183685303 -0.080759964883327484
v -20.706771850585938 2.6497738361358643 -0.082297652959823608
v -20.763616561889648 2.7824018001556396 -0.084010891616344452
v -20.81236457824707 2.9344930648803711 -0.086904928088188171
v -19.571340560913086 2.5041639804840088 -0.3863162100315094
v -18.872583389282227 2.9606149196624756 -0.69867491722106934
v -19.344732284545898 2.3541419506072998 -0.34149658679962158
v -19.580804824829102 2.0509054660797119 -0.16290742158889771
v -19.231613159179688 2.2840538024902344 -0.3109745979309082
v -19.467687606811523 1.9808171987533569 -0.13238543272018433
v -19.807415008544922 2.2009274959564209 -0.20772704482078552
v -19.458093643188477 2.4275712966918945 -0.36666879057884216
v -19.694168090820312 2.1243348121643066 -0.18807962536811829
v -19.322092056274414 3.2711524963378906 -0.76559263467788696
v -19.794239044189453 2.6646797657012939 -0.40841430425643921
v -20.030313491821289 2.3614432811737061 -0.22982513904571533
v -19.683210372924805 2.5830743312835693 -0.40020743012428284
v -19.919282913208008 2.2798378467559814 -0.22161826491355896
v -20.248416900634766 2.5317623615264893 -0.2289370596408844
v -19.904069900512695 2.7487401962280273 -0.41086560487747192
v -20.140144348144531 2.4455037117004395 -0.23227642476558685
v -20.458642959594727 2.7095379829406738 -0.20497652888298035
v -20.118574142456055 2.9230680465698242 -0.39841359853744507
v -20.354646682739258 2.6198315620422363 -0.21982443332672119
v -20.324008941650391 3.1038258075714111 -0.36305731534957886
v -20.560083389282227 2.8005893230438232 -0.18446815013885498
v -19.349258422851562 5.0476851463317871 -1.228846549987793
v -19.296627044677734 4.736933708190918 -1.2075085639953613
v -19.208154678344727 4.4609384536743164 -1.1885583400726318
v -19.151594161987305 4.3391928672790527 -1.1801996231079102
v -19.084011077880859 4.2231988906860352 -1.1722363233566284
v -19.009696960449219 4.120704174041748 -1.1652001142501831
v -18.925090789794922 4.0265111923217773 -1.1587344408035278
v -18.833272933959961 3.9444210529327393 -1.1531000137329102
v -18.732999801635742 3.8728597164154053 -1.1481889486312866
v -18.624416351318359 3.8121988773345947 -1.1440267562866211
v -18.509994506835938 3.7633540630340576 -1.1406760215759277
v -18.386022567749023 3.7248110771179199 -1.1380331516265869
v -18.258903503417969 3.6982049942016602 -1.1362100839614868
v -19.27827262878418 4.2257204055786133 -1.0979223251342773
v -19.379714965820312 4.3167719841003418 -1.0774139165878296
v -18.627044677734375 3.7171099185943604 -1.1006728410720825
v -18.400436401367188 3.5670878887176514 -1.0558532476425171
v -18.513797760009766 3.6405172348022461 -1.0810254812240601
v -7.3662543296813965 5.3883333206176758 -1.2522388696670532
v -6.4217944145202637 4.1752443313598633 -0.53776252269744873
v -6.7860097885131836 3.7989485263824463 -0.69524598121643066
v -7.1971983909606934 3.4377727508544922 -0.76496386528015137
v -7.6378202438354492 3.1077547073364258 -0.74286901950836182
v -5.8664188385009766 3.4618659019470215 -0.11762281507253647
v -5.8664188385009766 3.3462364673614502 -0.10967788100242615
v -6.3138618469238281 3.1924757957458496 -0.3380676805973053
v -6.5965576171875 3.9867842197418213 -0.6267436146736145
v -6.1244096755981445 3.3803112506866455 -0.26956531405448914
v -6.0350852012634277 3.4746139049530029 -0.22752001881599426
v -7.2598648071289062 1.762898325920105 -0.0075963712297379971
v -8.7498235702514648 3.6767468452453613 -1.1347451210021973
v -5.8870687484741211 3.0906109809875488 -0.092113777995109558
v -5.9204740524291992 2.9344930648803711 -0.086904928088188171
v -5.9692211151123047 2.7824018001556396 -0.084010891616344452
v -6.0260658264160156 2.6497738361358643 -0.082297652959823608
v -6.0944552421569824 2.5230367183685303 -0.080759964883327484
v -6.1739597320556641 2.4029667377471924 -0.07884690910577774
v -6.2641472816467285 2.2903413772583008 -0.076007567346096039
v -6.3642125129699707 2.1862919330596924 -0.07178971916437149
v -6.4729766845703125 2.0920329093933105 -0.066111534833908081
v -6.5897946357727051 2.0080749988555908 -0.058965101838111877
v -6.7140231132507324 1.9349286556243896 -0.050342507660388947
v -6.8442568778991699 1.873436450958252 -0.040383130311965942
v -6.9791817665100098 1.8241310119628906 -0.029578005895018578
v -7.1179871559143066 1.7872169017791748 -0.018468596041202545
v -6.0777883529663086 2.8892393112182617 -0.15947851538658142
v -6.2174134254455566 3.2861630916595459 -0.3064841628074646
v -6.7250504493713379 2.8312997817993164 -0.40778553485870361
v -6.9865155220031738 3.6156435012817383 -0.74144488573074341
v -6.5143680572509766 3.0091705322265625 -0.38426655530929565
v -6.2782940864562988 2.7059340476989746 -0.20567740499973297
v -6.412689208984375 3.1002929210662842 -0.36395201086997986
v -6.1766152381896973 2.7970564365386963 -0.18536286056041718
v -6.4889764785766602 2.5280632972717285 -0.22919635474681854
v -6.6185951232910156 2.9194083213806152 -0.39890226721763611
v -6.3825211524963379 2.6161718368530273 -0.22031311690807343
v -7.165672779083252 2.50128173828125 -0.38569068908691406
v -7.4151458740234375 3.2678549289703369 -0.76537555456161499
v -6.942997932434082 2.6613819599151611 -0.40819722414016724
v -6.7069239616394043 2.3581454753875732 -0.22960804402828217
v -6.8332548141479492 2.7452392578125 -0.41087883710861206
v -6.5971808433532715 2.4420027732849121 -0.23228967189788818
v -6.9295988082885742 2.1980452537536621 -0.20710153877735138
v -7.0539240837097168 2.5799834728240967 -0.39977705478668213
v -6.8178501129150391 2.2767469882965088 -0.22118787467479706
v -7.8623456954956055 2.9592900276184082 -0.69815927743911743
v -7.39019775390625 2.3528170585632324 -0.34098094701766968
v -7.1541237831115723 2.0495805740356445 -0.1623917818069458
v -7.2778830528259277 2.4254941940307617 -0.36604529619216919
v -7.04180908203125 2.1222577095031738 -0.18745613098144531
v -7.5022659301757812 2.2834227085113525 -0.31066852807998657
v -7.2661919593811035 1.9801862239837646 -0.1320793479681015
v -5.8835067749023438 3.1204819679260254 -0.09416622668504715
v -6.0063724517822266 3.2286930084228516 -0.180270716547966
v -6.0792737007141113 3.427462100982666 -0.24916931986808777
v -5.917048454284668 3.322995662689209 -0.13822543621063232
v -5.9612369537353516 3.2758438587188721 -0.15987473726272583
v -6.3604836463928223 3.6835477352142334 -0.44815447926521301
v -6.5072331428527832 4.0810866355895996 -0.58469831943511963
v -6.2711591720581055 3.7778501510620117 -0.40610918402671814
v -7.2581577301025391 4.4054217338562012 -1.0524243116378784
v -7.0687055587768555 4.593256950378418 -0.98392194509506226
v -5.9473543167114258 3.152883768081665 -0.13562344014644623
v -5.9836878776550293 3.2522659301757812 -0.17023122310638428
v -5.9022183418273926 3.2000346183776855 -0.11522744596004486
v -5.9246697425842285 3.1764566898345947 -0.12558393180370331
v -5.934391975402832 3.0299623012542725 -0.11009009927511215
v -6.0993766784667969 3.134544849395752 -0.21718958020210266
v -6.1704654693603516 3.3331987857818604 -0.28867927193641663
v -6.0524287223815918 3.1815805435180664 -0.19938468933105469
v -6.5499358177185059 3.4957120418548584 -0.51665681600570679
v -6.6895613670349121 3.8926360607147217 -0.66366249322891235
v -6.4534873962402344 3.5893995761871338 -0.48507332801818848
v -8.473933219909668 3.6982049942016602 -1.1362100839614868
v -8.3468141555786133 3.7248110771179199 -1.1380331516265869
v -8.2228431701660156 3.7633540630340576 -1.1406760215759277
v -8.1084222793579102 3.8121988773345947 -1.1440267562866211
v -7.9998383522033691 3.8728597164154053 -1.1481889486312866
v -7.8995652198791504 3.9444210529327393 -1.1531000137329102
v -7.807746410369873 4.0265111923217773 -1.1587344408035278
v -7.7231416702270508 4.120704174041748 -1.1652001142501831
v -7.6488265991210938 4.2231988906860352 -1.1722363233566284
v -7.5812435150146484 4.3391928672790527 -1.1801996231079102
v -7.5246825218200684 4.4609384536743164 -1.1885583400726318
v -7.4362101554870605 4.736933708190918 -1.2075085639953613
v -7.383580207824707 5.0476846694946289 -1.228846549987793
v -8.1099681854248047 3.7142276763916016 -1.1000473499298096
v -8.3344936370849609 3.565762996673584 -1.0553375482559204
v -8.2221784591674805 3.6384401321411133 -1.0804018974304199
v -7.4586634635925293 4.2221164703369141 -1.0986231565475464
v -7.3569850921630859 4.3132386207580566 -1.0783087015151978
v -7.3662543296813965 12.939300537109375 -1.7710680961608887
v -7.6336450576782227 15.265175819396973 -1.5786364078521729
v -7.1926431655883789 14.934548377990723 -1.5543972253799438
v -6.7823901176452637 14.586662292480469 -1.4351669549942017
v -5.8664188385009766 15.11847972869873 -0.9185522198677063
v -5.8664188385009766 15.002850532531738 -0.91060727834701538
v -6.594874382019043 14.411605834960938 -1.3421860933303833
v -6.3102421760559082 15.236289024353027 -1.1642955541610718
v -6.1227264404296875 15.061232566833496 -1.071314811706543
v -6.034278392791748 14.974385261535645 -1.0172016620635986
v -8.7498235702514648 14.650872230529785 -1.8887804746627808
v -7.2598648071289062 16.700901031494141 -1.0339909791946411
v -5.8870687484741211 15.374105453491211 -0.93611633777618408
v -5.8835067749023438 15.344234466552734 -0.93406385183334351
v -5.9162416458129883 15.136792182922363 -0.94948375225067139
v -6.0780372619628906 15.017724990844727 -1.0448671579360962
v -6.0046892166137695 15.223639488220215 -1.0035969018936157
v -5.9600000381469727 15.180131912231445 -0.97714930772781372
v -6.5064263343811035 14.324759483337402 -1.288072943687439
v -6.3588004112243652 14.736419677734375 -1.2067503929138184
v -6.2703523635864258 14.649572372436523 -1.1526373624801636
v -7.2545380592346191 13.93703556060791 -1.706038236618042
v -7.0670223236083984 13.761980056762695 -1.6130574941635132
v -6.2147903442382812 15.148622512817383 -1.1204268932342529
v -6.0741682052612305 15.561101913452148 -1.0288598537445068
v -6.9824166297912598 14.761720657348633 -1.5063467025756836
v -6.7204952239990234 15.584175109863281 -1.2835259437561035
v -6.5102686882019043 15.411347389221191 -1.2354753017425537
v -5.9009819030761719 15.261334419250488 -0.9432903528213501
v -5.9822301864624023 15.201866149902344 -0.9905274510383606
v -5.9456710815429688 15.304842948913574 -0.96973800659179688
v -5.9232115745544434 15.283069610595703 -0.95666849613189697
v -5.932246208190918 15.429689407348633 -0.96107608079910278
v -6.1683201789855957 15.104876518249512 -1.0965117216110229
v -6.0967535972595215 15.311029434204102 -1.0527091026306152
v -6.0502829551696777 15.267282485961914 -1.0287939310073853
v -6.6869382858276367 14.498996734619141 -1.3912982940673828
v -6.5463161468505859 14.91147518157959 -1.2997312545776367
v -6.450864315032959 14.823809623718262 -1.2558625936508179
v -7.1179871559143066 16.675323486328125 -1.0414347648620605
v -6.9791817665100098 16.637237548828125 -1.0473908185958862
v -6.8442568778991699 16.586915969848633 -1.0513507127761841
v -6.7140231132507324 16.524641036987305 -1.0528059005737305
v -6.5897946357727051 16.45100212097168 -1.0513428449630737
v -6.4729766845703125 16.366855621337891 -1.0469388961791992
v -6.3642125129699707 16.272705078125 -1.0396714210510254
v -6.2641472816467285 16.169057846069336 -1.0296182632446289
v -6.1739597320556641 16.057102203369141 -1.0170265436172485
v -6.0944552421569824 15.937898635864258 -1.0024991035461426
v -6.0260658264160156 15.812142372131348 -0.98668789863586426
v -5.9692211151123047 15.680526733398438 -0.9702448844909668
v -5.9204740524291992 15.529468536376953 -0.95230942964553833
v -7.1614971160888672 15.914801597595215 -1.3077651262283325
v -7.8602538108825684 15.419918060302734 -1.5547572374343872
v -7.3881058692932129 16.069543838500977 -1.2838859558105469
v -7.1520318984985352 16.394357681274414 -1.1484502553939819
v -7.5012240409851074 16.143148422241211 -1.2632371187210083
v -7.2651500701904297 16.467962265014648 -1.1278014183044434
v -6.9254231452941895 16.239614486694336 -1.1723294258117676
v -7.2747435569763184 15.993361473083496 -1.2987782955169678
v -7.0386695861816406 16.318174362182617 -1.1633425951004028
v -7.4107456207275391 15.103145599365234 -1.5785723924636841
v -6.9385981559753418 15.752772331237793 -1.3077009916305542
v -6.7025241851806641 16.077585220336914 -1.1722652912139893
v -7.0496282577514648 15.834733009338379 -1.3107328414916992
v -6.8135542869567871 16.1595458984375 -1.1752971410751343
v -6.4844212532043457 15.908987998962402 -1.1480902433395386
v -6.8287677764892578 15.669166564941406 -1.2986319065093994
v -6.5926942825317383 15.993979454040527 -1.1631962060928345
v -6.2741947174072266 15.736160278320312 -1.1000396013259888
v -6.6142640113830566 15.498180389404297 -1.2624531984329224
v -6.3781900405883789 15.822993278503418 -1.127017617225647
v -6.4088277816772461 15.323956489562988 -1.2027060985565186
v -6.1727542877197266 15.648770332336426 -1.0672703981399536
v -7.383580207824707 13.279947280883789 -1.7944878339767456
v -7.4362101554870605 13.590697288513184 -1.8158532381057739
v -7.5246825218200684 13.866690635681152 -1.8348302841186523
v -7.5812435150146484 13.988434791564941 -1.8432018756866455
v -7.6488265991210938 14.104427337646484 -1.8511784076690674
v -7.7231416702270508 14.206921577453613 -1.8582271337509155
v -7.807746410369873 14.301114082336426 -1.8647054433822632
v -7.8995652198791504 14.383203506469727 -1.8703519105911255
v -7.9998383522033691 14.454763412475586 -1.8752747774124146
v -8.1084222793579102 14.515423774719238 -1.8794485330581665
v -8.2228431701660156 14.564268112182617 -1.8828099966049194
v -8.3468141555786133 14.602809906005859 -1.8854637145996094
v -8.473933219909668 14.629415512084961 -1.8872967958450317
v -7.4545645713806152 14.112094879150391 -1.7772179841995239
v -7.353123664855957 14.024703979492188 -1.7444489002227783
v -8.1057929992675781 14.615549087524414 -1.8495078086853027
v -8.332402229309082 14.770291328430176 -1.8256286382675171
v -8.2190389633178711 14.694108963012695 -1.840520977973938
v -19.366582870483398 12.939300537109375 -1.7710680961608887
v -20.311042785644531 14.238711357116699 -1.2292263507843018
v -19.946828842163086 14.589931488037109 -1.4366976022720337
v -19.535638809204102 14.938177108764648 -1.5551600456237793
v -19.095016479492188 15.268115997314453 -1.5784111022949219
v -20.866418838500977 15.002850532531738 -0.91060727834701538
v -20.866418838500977 15.11847972869873 -0.9185522198677063
v -20.418975830078125 15.239558219909668 -1.1658263206481934
v -20.136280059814453 14.413230895996094 -1.343147873878479
v -20.608428955078125 15.062856674194336 -1.0722764730453491
v -20.697751998901367 14.975191116333008 -1.0177280902862549
v -19.472972869873047 16.700901031494141 -1.0339909791946411
v -17.983015060424805 14.650872230529785 -1.8887804746627808
v -20.845769882202148 15.374105453491211 -0.93611633777618408
v -20.81236457824707 15.529468536376953 -0.95230942964553833
v -20.763616561889648 15.680526733398438 -0.9702448844909668
v -20.706771850585938 15.812142372131348 -0.98668789863586426
v -20.638381958007812 15.937898635864258 -1.0024991035461426
v -20.558877944946289 16.057102203369141 -1.0170265436172485
v -20.468690872192383 16.169057846069336 -1.0296182632446289
v -20.368625640869141 16.272705078125 -1.0396714210510254
v -20.259860992431641 16.366855621337891 -1.0469388961791992
v -20.143043518066406 16.45100212097168 -1.0513428449630737
v -20.018814086914062 16.524641036987305 -1.0528059005737305
v -19.888580322265625 16.586915969848633 -1.0513507127761841
v -19.753656387329102 16.637237548828125 -1.0473908185958862
v -19.614850997924805 16.675323486328125 -1.0414347648620605
v -20.655050277709961 15.564371109008789 -1.0303906202316284
v -20.515424728393555 15.151070594787598 -1.1217254400253296
v -20.007787704467773 15.587803840637207 -1.2842886447906494
v -19.746322631835938 14.765194892883301 -1.5075339078903198
v -20.218469619750977 15.414821624755859 -1.2366625070571899
v -20.454544067382812 15.73963451385498 -1.101226806640625
v -20.320148468017578 15.327334403991699 -1.2040756940841675
v -20.556222915649414 15.65214729309082 -1.0686399936676025
v -20.243862152099609 15.912616729736328 -1.148853063583374
v -20.114242553710938 15.501738548278809 -1.2634378671646118
v -20.350317001342773 15.82655143737793 -1.1280021667480469
v -19.567165374755859 15.917742729187012 -1.307539701461792
v -19.317691802978516 15.106442451477051 -1.5788083076477051
v -19.789840698242188 15.756068229675293 -1.3079370260238647
v -20.025913238525391 16.080881118774414 -1.1725013256072998
v -19.89958381652832 15.672632217407227 -1.2991238832473755
v -20.135656356811523 15.997446060180664 -1.1636881828308105
v -19.803239822387695 16.242555618286133 -1.1721040010452271
v -19.678913116455078 15.83785343170166 -1.3107292652130127
v -19.914987564086914 16.162666320800781 -1.1752935647964478
v -18.870492935180664 15.421300888061523 -1.5544277429580688
v -19.342639923095703 16.070926666259766 -1.283556342124939
v -19.578714370727539 16.395740509033203 -1.148120641708374
v -19.454954147338867 15.995504379272461 -1.2984447479248047
v -19.691028594970703 16.320318222045898 -1.1630090475082397
v -19.230571746826172 16.143815994262695 -1.2630201578140259
v -19.466646194458008 16.4686279296875 -1.1275844573974609
v -20.849330902099609 15.344234466552734 -0.93406385183334351
v -20.726465225219727 15.225263595581055 -1.0045586824417114
v -20.653564453125 15.018939018249512 -1.0456230640411377
v -20.815790176391602 15.137598037719727 -0.95001024007797241
v -20.771600723266602 15.18134593963623 -0.9779052734375
v -20.372354507446289 14.738043785095215 -1.2077121734619141
v -20.225605010986328 14.325565338134766 -1.2885994911193848
v -20.461679458618164 14.650378227233887 -1.1531637907028198
v -19.474679946899414 13.940304756164551 -1.7075690031051636
v -19.664133071899414 13.763604164123535 -1.6140192747116089
v -20.785484313964844 15.306467056274414 -0.9706997275352478
v -20.749149322509766 15.203285217285156 -0.99138933420181274
v -20.830619812011719 15.262548446655273 -0.94404637813568115
v -20.808168411254883 15.284488677978516 -0.95753037929534912
v -20.798446655273438 15.43172550201416 -0.96221894025802612
v -20.633460998535156 15.313477516174316 -1.0540076494216919
v -20.562372207641602 15.106912612915039 -1.0976545810699463
v -20.680408477783203 15.269318580627441 -1.0299367904663086
v -20.182901382446289 14.91474437713623 -1.3012619018554688
v -20.043275833129883 14.501443862915039 -1.3925968408584595
v -20.279350280761719 14.826257705688477 -1.2571611404418945
v -18.258903503417969 14.629415512084961 -1.8872967958450317
v -18.386022567749023 14.602809906005859 -1.8854637145996094
v -18.509994506835938 14.564268112182617 -1.8828099966049194
v -18.624416351318359 14.515423774719238 -1.8794485330581665
v -18.732999801635742 14.454763412475586 -1.8752747774124146
v -18.833272933959961 14.383203506469727 -1.8703519105911255
v -18.925090789794922 14.301114082336426 -1.8647054433822632
v -19.009696960449219 14.206921577453613 -1.8582271337509155
v -19.084011077880859 14.104427337646484 -1.8511784076690674
v -19.151594161987305 13.988434791564941 -1.8432018756866455
v -19.208154678344727 13.866690635681152 -1.8348302841186523
v -19.296627044677734 13.590697288513184 -1.8158532381057739
v -19.349258422851562 13.279947280883789 -1.7944878339767456
v -18.622869491577148 14.618489265441895 -1.8492823839187622
v -18.398344039916992 14.771674156188965 -1.8252990245819092
v -18.510658264160156 14.69625186920166 -1.8401874303817749
v -19.274173736572266 14.115569114685059 -1.7784051895141602
v -19.375852584838867 14.028080940246582 -1.7458183765411377
v -17.866542816162109 5.0485177040100098 -1.2289278507232666
v -17.866542816162109 6.420283317565918 -1.3231773376464844
v -17.866542816162109 7.7920494079589844 -1.4174268245697021
v -17.866542816162109 9.1638154983520508 -1.5116763114929199
v -17.866542816162109 10.535581588745117 -1.6059257984161377
v -17.866542816162109 11.907347679138184 -1.7001752853393555
v -17.866542816162109 13.27911376953125 -1.7944247722625732
v -16.366500854492188 5.0485167503356934 -1.228937029838562
v -16.366500854492188 6.4202828407287598 -1.3231865167617798
v -16.366500854492188 7.7920489311218262 -1.4174360036849976
v -16.366500854492188 9.1638145446777344 -1.5116854906082153
v -16.366500854492188 10.535580635070801 -1.6059350967407227
v -16.366500854492188 11.907346725463867 -1.7001845836639404
v -16.366500854492188 13.279112815856934 -1.7944340705871582
v -14.866459846496582 5.0485162734985352 -1.228946328163147
v -14.866459846496582 6.4202823638916016 -1.3231958150863647
v -14.866459846496582 7.792048454284668 -1.4174453020095825
v -14.866459846496582 9.1638145446777344 -1.5116947889328003
v -14.866459846496582 10.535580635070801 -1.6059442758560181
v -14.866459846496582 11.907346725463867 -1.7001937627792358
v -14.866459846496582 13.279112815856934 -1.7944432497024536
v -13.366418838500977 5.048515796661377 -1.2289556264877319
v -13.366418838500977 6.4202814102172852 -1.3232051134109497
v -13.366418838500977 7.7920475006103516 -1.4174546003341675
v -13.366418838500977 9.163813591003418 -1.5117040872573853
v -13.366418838500977 10.535579681396484 -1.605953574180603
v -13.366418838500977 11.907345771789551 -1.7002030611038208
v -13.366418838500977 13.279111862182617 -1.7944525480270386
v -11.866377830505371 5.0485148429870605 -1.2289648056030273
v -11.866377830505371 6.420280933380127 -1.3232142925262451
v -11.866377830505371 7.7920470237731934 -1.4174637794494629
v -11.866377830505371 9.1638126373291016 -1.5117132663726807
v -11.866377830505371 10.535578727722168 -1.6059627532958984
v -11.866377830505371 11.907344818115234 -1.7002122402191162
v -11.866377830505371 13.279110908508301 -1.794461727142334
v -10.366336822509766 5.0485143661499023 -1.2289741039276123
v -10.366336822509766 6.4202804565429688 -1.3232235908508301
v -10.366336822509766 7.7920465469360352 -1.4174730777740479
v -10.366336822509766 9.1638126373291016 -1.5117225646972656
v -10.366336822509766 10.535578727722168 -1.6059720516204834
v -10.366336822509766 11.907344818115234 -1.7002215385437012
v -10.366336822509766 13.279110908508301 -1.7944710254669189
v -8.8662958145141602 5.0485138893127441 -1.2289832830429077
v -8.8662958145141602 6.4202795028686523 -1.3232327699661255
v -8.8662958145141602 7.7920455932617188 -1.4174822568893433
v -8.8662958145141602 9.1638116836547852 -1.511731743812561
v -8.8662958145141602 10.535577774047852 -1.6059812307357788
v -8.8662958145141602 11.907343864440918 -1.7002307176589966
v -8.8662958145141602 13.279109954833984 -1.7944803237915039
v -17.983015060424805 3.6767468452453613 -1.1347451210021973
v -16.957103729248047 3.6767468452453613 -1.1347451210021973
v -15.931194305419922 3.6767468452453613 -1.1347451210021973
v -14.90528392791748 3.6767468452453613 -1.1347451210021973
v -13.879373550415039 3.6767468452453613 -1.1347451210021973
v -12.853464126586914 3.6767468452453613 -1.1347451210021973
v -11.827553749084473 3.6767468452453613 -1.1347451210021973
v -10.801643371582031 3.6767468452453613 -1.1347451210021973
v -9.7757339477539062 3.6767468452453613 -1.1347451210021973
v -8.7498235702514648 3.6767468452453613 -1.1347451210021973
v -8.7498235702514648 14.650872230529785 -1.8887804746627808
v -9.7757339477539062 14.650872230529785 -1.8887804746627808
v -10.801643371582031 14.650872230529785 -1.8887804746627808
v -11.827553749084473 14.650872230529785 -1.8887804746627808
v -12.853464126586914 14.650872230529785 -1.8887804746627808
v -13.879373550415039 14.650872230529785 -1.8887804746627808
v -14.90528392791748 14.650872230529785 -1.8887804746627808
v -15.931194305419922 14.650872230529785 -1.8887804746627808
v -16.957103729248047 14.650872230529785 -1.8887804746627808
v -17.983015060424805 14.650872230529785 -1.8887804746627808
v -19.366582870483398 12.939300537109375 -1.7710680961608887
v -19.366582870483398 11.995429992675781 -1.706214427947998
v -19.366582870483398 11.051559448242188 -1.6413607597351074
v -19.366582870483398 10.107687950134277 -1.5765070915222168
v -19.366582870483398 9.1638174057006836 -1.5116534233093262
v -19.366582870483398 8.2199459075927734 -1.4467998743057251
v -19.366582870483398 7.2760753631591797 -1.3819462060928345
v -19.366582870483398 6.3322043418884277 -1.3170925378799438
v -19.366582870483398 5.3883333206176758 -1.2522388696670532
v -19.349258422851562 5.0476851463317871 -1.228846549987793
v -19.296627044677734 4.736933708190918 -1.2075085639953613
v -19.208154678344727 4.4609384536743164 -1.1885583400726318
v -19.151594161987305 4.3391928672790527 -1.1801996231079102
v -19.084011077880859 4.2231988906860352 -1.1722363233566284
v -19.009696960449219 4.120704174041748 -1.1652001142501831
v -18.925090789794922 4.0265111923217773 -1.1587344408035278
v -18.833272933959961 3.9444210529327393 -1.1531000137329102
v -18.732999801635742 3.8728597164154053 -1.1481889486312866
v -18.624416351318359 3.8121988773345947 -1.1440267562866211
v -18.509994506835938 3.7633540630340576 -1.1406760215759277
v -18.386022567749023 3.7248110771179199 -1.1380331516265869
v -18.258903503417969 3.6982049942016602 -1.1362100839614868
v -17.866542816162109 5.7344002723693848 -1.2760525941848755
v -18.616561889648438 6.4202837944030762 -1.3231726884841919
v -18.616561889648438 5.0485177040100098 -1.2289232015609741
v -18.616561889648438 5.734400749206543 -1.276047945022583
v -17.866542816162109 4.3626346588134766 -1.1818031072616577
v -18.616561889648438 4.3626346588134766 -1.1817984580993652
v -18.616561889648438 4.7055764198303223 -1.2053608894348145
v -18.991573333740234 5.048518180847168 -1.2289209365844727
v -18.991573333740234 4.3626351356506348 -1.1817961931228638
v -18.991573333740234 4.7055764198303223 -1.2053585052490234
v -18.616561889648438 4.0196933746337891 -1.158236026763916
v -17.866542816162109 4.0196928977966309 -1.1582406759262085
v -18.241552352905273 4.3626346588134766 -1.1818007230758667
v -18.241552352905273 4.0196928977966309 -1.158238410949707
v -16.366500854492188 4.3626337051391602 -1.1818122863769531
v -17.116521835327148 5.0485172271728516 -1.2289324998855591
v -17.116521835327148 4.3626341819763184 -1.1818077564239502
v -8.473933219909668 3.6982049942016602 -1.1362100839614868
v -8.3468141555786133 3.7248110771179199 -1.1380331516265869
v -8.2228431701660156 3.7633540630340576 -1.1406760215759277
v -8.1084222793579102 3.8121988773345947 -1.1440267562866211
v -7.9998383522033691 3.8728597164154053 -1.1481889486312866
v -7.8995652198791504 3.9444210529327393 -1.1531000137329102
v -7.807746410369873 4.0265111923217773 -1.1587344408035278
v -7.7231416702270508 4.120704174041748 -1.1652001142501831
v -7.6488265991210938 4.2231988906860352 -1.1722363233566284
v -7.5812435150146484 4.3391928672790527 -1.1801996231079102
v -7.5246825218200684 4.4609384536743164 -1.1885583400726318
v -7.4362101554870605 4.736933708190918 -1.2075085639953613
v -7.383580207824707 5.0476846694946289 -1.228846549987793
v -7.3662543296813965 5.3883333206176758 -1.2522388696670532
v -8.1162748336791992 5.0485134124755859 -1.2289879322052002
v -8.8662958145141602 4.3626308441162109 -1.1818585395812988
v -8.1162748336791992 4.3626303672790527 -1.1818631887435913
v -8.1162748336791992 4.019688606262207 -1.1583008766174316
v -8.4912853240966797 4.3626303672790527 -1.1818609237670898
v -8.8662958145141602 4.0196890830993652 -1.1582962274551392
v -8.4912853240966797 4.0196890830993652 -1.1582984924316406
v -9.6163158416748047 5.0485138893127441 -1.2289787530899048
v -10.366336822509766 4.3626313209533691 -1.1818493604660034
v -9.6163158416748047 4.3626308441162109 -1.1818538904190063
v -7.741264820098877 4.3626303672790527 -1.1818654537200928
v -7.741264820098877 5.0485134124755859 -1.2289901971817017
v -8.1162748336791992 4.7055716514587402 -1.2054256200790405
v -7.741264820098877 4.7055716514587402 -1.205427885055542
v -8.1162748336791992 6.4202795028686523 -1.323237419128418
v -8.8662958145141602 5.7343964576721191 -1.2761080265045166
v -8.1162748336791992 5.7343964576721191 -1.2761126756668091
v -7.3662543296813965 6.3322043418884277 -1.3170925378799438
v -7.3662543296813965 7.2760753631591797 -1.3819462060928345
v -7.3662543296813965 8.2199459075927734 -1.4467998743057251
v -7.3662543296813965 9.1638174057006836 -1.5116534233093262
v -7.3662543296813965 10.107687950134277 -1.5765070915222168
v -7.3662543296813965 11.051559448242188 -1.6413607597351074
v -7.3662543296813965 11.995429992675781 -1.706214427947998
v -7.3662543296813965 12.939300537109375 -1.7710680961608887
v -7.383580207824707 13.279947280883789 -1.7944878339767456
v -7.4362101554870605 13.590697288513184 -1.8158532381057739
v -7.5246825218200684 13.866690635681152 -1.8348302841186523
v -7.5812435150146484 13.988434791564941 -1.8432018756866455
v -7.6488265991210938 14.104427337646484 -1.8511784076690674
v -7.7231416702270508 14.206921577453613 -1.8582271337509155
v -7.807746410369873 14.301114082336426 -1.8647054433822632
v -7.8995652198791504 14.383203506469727 -1.8703519105911255
v -7.9998383522033691 14.454763412475586 -1.8752747774124146
v -8.1084222793579102 14.515423774719238 -1.8794485330581665
v -8.2228431701660156 14.564268112182617 -1.8828099966049194
v -8.3468141555786133 14.602809906005859 -1.8854637145996094
v -8.473933219909668 14.629415512084961 -1.8872967958450317
v -8.1162748336791992 13.279109954833984 -1.7944848537445068
v -8.8662958145141602 12.593226432800293 -1.7473554611206055
v -8.1162748336791992 11.907343864440918 -1.7002353668212891
v -8.1162748336791992 12.593226432800293 -1.7473601102828979
v -8.8662958145141602 13.964992523193359 -1.8416050672531128
v -8.1162748336791992 13.964992523193359 -1.8416095972061157
v -7.741264820098877 13.964992523193359 -1.8416119813919067
v -8.1162748336791992 13.622051239013672 -1.8180472850799561
v -7.741264820098877 13.279109001159668 -1.7944872379302979
v -7.741264820098877 13.622051239013672 -1.8180495500564575
v -8.1162748336791992 14.307933807373047 -1.8651720285415649
v -8.8662958145141602 14.307934761047363 -1.8651673793792725
v -8.4912853240966797 13.964992523193359 -1.8416073322296143
v -8.4912853240966797 14.307933807373047 -1.8651696443557739
v -10.366336822509766 13.964993476867676 -1.8415957689285278
v -9.6163158416748047 13.279109954833984 -1.7944756746292114
v -9.6163158416748047 13.964993476867676 -1.8416004180908203
v -18.258903503417969 14.629415512084961 -1.8872967958450317
v -18.386022567749023 14.602809906005859 -1.8854637145996094
v -18.509994506835938 14.564268112182617 -1.8828099966049194
v -18.624416351318359 14.515423774719238 -1.8794485330581665
v -18.732999801635742 14.454763412475586 -1.8752747774124146
v -18.833272933959961 14.383203506469727 -1.8703519105911255
v -18.925090789794922 14.301114082336426 -1.8647054433822632
v -19.009696960449219 14.206921577453613 -1.8582271337509155
v -19.084011077880859 14.104427337646484 -1.8511784076690674
v -19.151594161987305 13.988434791564941 -1.8432018756866455
v -19.208154678344727 13.866690635681152 -1.8348302841186523
v -19.296627044677734 13.590697288513184 -1.8158532381057739
v -19.349258422851562 13.279947280883789 -1.7944878339767456
v -17.866542816162109 13.964996337890625 -1.8415495157241821
v -18.616561889648438 13.27911376953125 -1.7944201231002808
v -18.616561889648438 13.964997291564941 -1.8415448665618896
v -17.866542816162109 14.307938575744629 -1.8651119470596313
v -18.616561889648438 14.307938575744629 -1.8651072978973389
v -18.241552352905273 13.964997291564941 -1.8415472507476807
v -18.241552352905273 14.307938575744629 -1.8651095628738403
v -16.366500854492188 13.964996337890625 -1.8415588140487671
v -17.116521835327148 13.27911376953125 -1.7944294214248657
v -17.116521835327148 13.964996337890625 -1.8415541648864746
v -18.991573333740234 13.964997291564941 -1.8415426015853882
v -18.616561889648438 13.622055053710938 -1.81798255443573
v -18.991573333740234 13.27911376953125 -1.7944178581237793
v -18.991573333740234 13.622056007385254 -1.817980170249939
v -17.866542816162109 12.593230247497559 -1.7473000288009644
v -18.616561889648438 11.907347679138184 -1.700170636177063
v -18.616561889648438 12.593231201171875 -1.7472953796386719
v -15.847626686096191 0.375 -9.2659149169921875
v -15.847626686096191 1.0625 -9.2659149169921875
v -15.847626686096191 1.75 -9.2659149169921875
v -16.069295883178711 0.375 -9.2445430755615234
v -16.069295883178711 1.75 -9.2445430755615234
v -16.288421630859375 0.375 -9.1789226531982422
v -16.288421630859375 1.75 -9.1789226531982422
v -16.494997024536133 0.375 -9.0685234069824219
v -16.494997024536133 1.75 -9.0685234069824219
v -16.676553726196289 0.375 -8.9174938201904297
v -16.676553726196289 1.75 -8.9174938201904297
v -16.823635101318359 0.375 -8.7330398559570312
v -16.823635101318359 1.75 -8.7330398559570312
v -16.928539276123047 0.375 -8.5273513793945312
v -16.928539276123047 1.75 -8.5273513793945312
v -16.989013671875 0.375 -8.3140716552734375
v -17.007884979248047 0.375 -8.105656623840332
v -17.007884979248047 1.0625 -8.105656623840332
v -17.007884979248047 1.75 -8.105656623840332
v -16.288421630859375 1.0625 -9.1789226531982422
v -16.494997024536133 1.0625 -9.0685234069824219
v -16.676553726196289 1.0625 -8.9174938201904297
v -16.823635101318359 1.0625 -8.7330398559570312
v -16.928539276123047 1.0625 -8.5273513793945312
v -16.989013671875 1.0625 -8.3140716552734375
v -9.8192634582519531 0.375 -8.105656623840332
v -9.8192634582519531 1.0625 -8.105656623840332
v -9.8192634582519531 1.75 -8.105656623840332
v -9.8406352996826172 0.375 -8.3273239135742188
v -9.8406352996826172 1.75 -8.3273239135742188
v -9.9062557220458984 0.375 -8.5464506149291992
v -9.9062557220458984 1.75 -8.5464506149291992
v -10.016654968261719 0.375 -8.753026008605957
v -10.016654968261719 1.75 -8.753026008605957
v -10.167684555053711 0.375 -8.9345836639404297
v -10.167684555053711 1.75 -8.9345836639404297
v -10.352138519287109 0.375 -9.0816640853881836
v -10.352138519287109 1.75 -9.0816640853881836
v -10.557826995849609 0.375 -9.1865692138671875
v -10.557826995849609 1.75 -9.1865692138671875
v -10.771106719970703 0.375 -9.2470426559448242
v -10.771106719970703 1.75 -9.2470426559448242
v -10.979521751403809 0.375 -9.2659149169921875
v -10.979521751403809 1.0625 -9.2659149169921875
v -10.979521751403809 1.75 -9.2659149169921875
v -9.9062557220458984 1.0625 -8.5464506149291992
v -10.016654968261719 1.0625 -8.753026008605957
v -10.167684555053711 1.0625 -8.9345836639404297
v -10.352138519287109 1.0625 -9.0816640853881836
v -10.557826995849609 1.0625 -9.1865692138671875
v -10.771106719970703 1.0625 -9.2470426559448242
v -10.979521751403809 0.375 -4.2659149169921875
v -10.979521751403809 1.0625 -4.2659149169921875
v -10.979521751403809 1.75 -4.2659149169921875
v -10.757854461669922 0.375 -4.2872867584228516
v -10.757854461669922 1.75 -4.2872867584228516
v -10.538727760314941 0.375 -4.3529071807861328
v -10.538727760314941 1.75 -4.3529071807861328
v -10.332152366638184 0.375 -4.4633069038391113
v -10.332152366638184 1.75 -4.4633069038391113
v -10.150594711303711 0.375 -4.6143364906311035
v -10.150594711303711 1.75 -4.6143364906311035
v -10.003514289855957 0.375 -4.798790454864502
v -10.003514289855957 1.75 -4.798790454864502
v -9.8986091613769531 0.375 -5.0044779777526855
v -9.8986091613769531 1.75 -5.0044779777526855
v -9.8381357192993164 0.375 -5.2177581787109375
v -9.8381357192993164 1.75 -5.2177581787109375
v -9.8192634582519531 0.375 -5.4261736869812012
v -9.8192634582519531 1.0625 -5.4261736869812012
v -9.8192634582519531 1.75 -5.4261736869812012
v -10.538727760314941 1.0625 -4.3529071807861328
v -10.332152366638184 1.0625 -4.4633069038391113
v -10.150594711303711 1.0625 -4.6143364906311035
v -10.003514289855957 1.0625 -4.798790454864502
v -9.8986091613769531 1.0625 -5.0044779777526855
v -9.8381357192993164 1.0625 -5.2177581787109375
v -17.007884979248047 0.375 -5.4261736869812012
v -17.007884979248047 1.0625 -5.4261736869812012
v -17.007884979248047 1.75 -5.4261736869812012
v -16.986513137817383 0.375 -5.204505443572998
v -16.986513137817383 1.75 -5.204505443572998
v -16.920892715454102 0.375 -4.9853792190551758
v -16.920892715454102 1.75 -4.9853792190551758
v -16.810493469238281 0.375 -4.778803825378418
v -16.810493469238281 1.75 -4.778803825378418
v -16.659463882446289 0.375 -4.5972461700439453
v -16.659463882446289 1.75 -4.5972461700439453
v -16.475009918212891 0.375 -4.4501662254333496
v -16.475009918212891 1.75 -4.4501662254333496
v -16.269321441650391 0.375 -4.3452606201171875
v -16.269321441650391 1.75 -4.3452606201171875
v -16.056041717529297 0.375 -4.2847871780395508
v -15.847626686096191 0.375 -4.2659149169921875
v -15.847626686096191 1.0625 -4.2659149169921875
v -15.847626686096191 1.75 -4.2659149169921875
v -16.920892715454102 1.0625 -4.9853792190551758
v -16.810493469238281 1.0625 -4.778803825378418
v -16.659463882446289 1.0625 -4.5972461700439453
v -16.475009918212891 1.0625 -4.4501662254333496
v -16.269321441650391 1.0625 -4.3452606201171875
v -16.056041717529297 1.0625 -4.2847871780395508
v -17.007884979248047 0.375 -8.105656623840332
v -16.989013671875 0.375 -8.3140716552734375
v -16.928539276123047 0.375 -8.5273513793945312
v -16.823635101318359 0.375 -8.7330398559570312
v -16.676553726196289 0.375 -8.9174938201904297
v -16.494997024536133 0.375 -9.0685234069824219
v -16.288421630859375 0.375 -9.1789226531982422
v -16.069295883178711 0.375 -9.2445430755615234
v -15.847626686096191 0.375 -9.2659149169921875
v -9.8192634582519531 0.375 -6.7659149169921875
v -13.41357421875 0.375 -6.7659149169921875
v -13.41357421875 0.375 -8.0159149169921875
v -15.210729598999023 0.375 -6.7659149169921875
v -15.210729598999023 0.375 -8.0159149169921875
v -15.210729598999023 0.375 -8.6409149169921875
v -16.109308242797852 0.375 -8.0159149169921875
v -16.109308242797852 0.375 -8.6409149169921875
v -16.558597564697266 0.375 -8.6409149169921875
v -16.109308242797852 0.375 -8.3284149169921875
v -16.558597564697266 0.375 -8.0159149169921875
v -16.558597564697266 0.375 -8.3284149169921875
v -15.210729598999023 0.375 -7.3909149169921875
v -16.109308242797852 0.375 -6.7659149169921875
v -16.109308242797852 0.375 -7.3909149169921875
v -13.41357421875 0.375 -5.5159149169921875
v -15.210729598999023 0.375 -5.5159149169921875
v -16.109308242797852 0.375 -8.9534149169921875
v -16.558597564697266 0.375 -8.9534149169921875
v -15.210729598999023 0.375 -8.9534149169921875
v -15.660018920898438 0.375 -8.6409149169921875
v -15.660018920898438 0.375 -8.9534149169921875
v -13.41357421875 0.375 -8.6409149169921875
v -14.312151908874512 0.375 -8.0159149169921875
v -14.312151908874512 0.375 -8.6409149169921875
v -11.616418838500977 0.375 -6.7659149169921875
v -11.616418838500977 0.375 -8.0159149169921875
v -10.979521751403809 0.375 -9.2659149169921875
v -10.771106719970703 0.375 -9.2470426559448242
v -10.557826995849609 0.375 -9.1865692138671875
v -10.352138519287109 0.375 -9.0816640853881836
v -10.167684555053711 0.375 -8.9345836639404297
v -10.016654968261719 0.375 -8.753026008605957
v -9.9062557220458984 0.375 -8.5464506149291992
v -9.8406352996826172 0.375 -8.3273239135742188
v -9.8192634582519531 0.375 -8.105656623840332
v -10.717841148376465 0.375 -8.0159149169921875
v -11.616418838500977 0.375 -8.6409149169921875
v -10.717841148376465 0.375 -8.6409149169921875
v -10.717841148376465 0.375 -8.9534149169921875
v -11.167130470275879 0.375 -8.6409149169921875
v -11.616418838500977 0.375 -8.9534149169921875
v -11.167130470275879 0.375 -8.9534149169921875
v -12.514996528625488 0.375 -8.0159149169921875
v -12.514996528625488 0.375 -8.6409149169921875
v -10.268551826477051 0.375 -8.6409149169921875
v -10.268551826477051 0.375 -8.0159149169921875
v -10.717841148376465 0.375 -8.3284149169921875
v -10.268551826477051 0.375 -8.3284149169921875
v -10.717841148376465 0.375 -6.7659149169921875
v -11.616418838500977 0.375 -7.3909149169921875
v -10.717841148376465 0.375 -7.3909149169921875
v -11.616418838500977 0.375 -5.5159149169921875
v -9.8192634582519531 0.375 -5.4261736869812012
v -9.8381357192993164 0.375 -5.2177581787109375
v -9.8986091613769531 0.375 -5.0044779777526855
v -10.003514289855957 0.375 -4.798790454864502
v -10.150594711303711 0.375 -4.6143364906311035
v -10.332152366638184 0.375 -4.4633069038391113
v -10.538727760314941 0.375 -4.3529071807861328
v -10.757854461669922 0.375 -4.2872867584228516
v -10.979521751403809 0.375 -4.2659149169921875
v -10.717841148376465 0.375 -5.5159149169921875
v -11.616418838500977 0.375 -4.8909149169921875
v -10.717841148376465 0.375 -4.8909149169921875
v -10.268551826477051 0.375 -5.5159149169921875
v -10.268551826477051 0.375 -4.8909149169921875
v -10.717841148376465 0.375 -5.2034149169921875
v -10.268551826477051 0.375 -5.2034149169921875
v -11.616418838500977 0.375 -6.1409149169921875
v -10.717841148376465 0.375 -6.1409149169921875
v -10.717841148376465 0.375 -4.5784149169921875
v -10.268551826477051 0.375 -4.5784149169921875
v -11.167130470275879 0.375 -4.8909149169921875
v -11.616418838500977 0.375 -4.5784149169921875
v -11.167130470275879 0.375 -4.5784149169921875
v -12.514996528625488 0.375 -5.5159149169921875
v -13.41357421875 0.375 -4.8909149169921875
v -12.514996528625488 0.375 -4.8909149169921875
v -15.847626686096191 0.375 -4.2659149169921875
v -16.056041717529297 0.375 -4.2847871780395508
v -16.269321441650391 0.375 -4.3452606201171875
v -16.475009918212891 0.375 -4.4501662254333496
v -16.659463882446289 0.375 -4.5972461700439453
v -16.810493469238281 0.375 -4.778803825378418
v -16.920892715454102 0.375 -4.9853792190551758
v -16.986513137817383 0.375 -5.204505443572998
v -17.007884979248047 0.375 -5.4261736869812012
v -16.109308242797852 0.375 -5.5159149169921875
v -15.210729598999023 0.375 -4.8909149169921875
v -16.109308242797852 0.375 -4.8909149169921875
v -15.660018920898438 0.375 -4.8909149169921875
v -15.210729598999023 0.375 -4.5784149169921875
v -16.109308242797852 0.375 -4.5784149169921875
v -15.660018920898438 0.375 -4.5784149169921875
v -14.312151908874512 0.375 -5.5159149169921875
v -14.312151908874512 0.375 -4.8909149169921875
v -16.558597564697266 0.375 -4.8909149169921875
v -16.558597564697266 0.375 -5.5159149169921875
v -16.109308242797852 0.375 -5.2034149169921875
v -16.558597564697266 0.375 -5.2034149169921875
v -15.210729598999023 0.375 -6.1409149169921875
v -16.109308242797852 0.375 -6.1409149169921875
v -13.41357421875 0.375 -4.2659149169921875
v -13.41357421875 0.375 -9.2659149169921875
v -17.007884979248047 0.375 -6.7659149169921875
v -15.847626686096191 0.375 -4.2659149169921875
v -15.847626686096191 1.75 -4.2659149169921875
v -10.979521751403809 0.375 -4.2659149169921875
v -10.979521751403809 1.75 -4.2659149169921875
v -13.41357421875 0.375 -4.2659149169921875
v -15.847626686096191 1.0625 -4.2659149169921875
v -10.979521751403809 1.0625 -4.2659149169921875
v -12.196548461914062 1.75 -4.2659149169921875
v -13.41357421875 1.75 -4.2659149169921875
v -14.630600929260254 1.75 -4.2659149169921875
v -9.8192634582519531 0.375 -5.4261736869812012
v -9.8192634582519531 1.75 -5.4261736869812012
v -9.8192634582519531 0.375 -8.105656623840332
v -9.8192634582519531 1.75 -8.105656623840332
v -9.8192634582519531 0.375 -6.7659149169921875
v -9.8192634582519531 1.0625 -5.4261736869812012
v -9.8192634582519531 1.0625 -8.105656623840332
v -9.8192634582519531 1.75 -6.7659149169921875
v -10.979521751403809 0.375 -9.2659149169921875
v -10.979521751403809 1.75 -9.2659149169921875
v -15.847626686096191 0.375 -9.2659149169921875
v -15.847626686096191 1.75 -9.2659149169921875
v -13.41357421875 0.375 -9.2659149169921875
v -10.979521751403809 1.0625 -9.2659149169921875
v -13.41357421875 1.75 -9.2659149169921875
v -15.847626686096191 1.0625 -9.2659149169921875
v -14.630600929260254 1.75 -9.2659149169921875
v -12.196548461914062 1.75 -9.2659149169921875
v -17.007884979248047 0.375 -8.105656623840332
v -17.007884979248047 1.75 -8.105656623840332
v -17.007884979248047 0.375 -5.4261736869812012
v -17.007884979248047 1.75 -5.4261736869812012
v -17.007884979248047 0.375 -6.7659149169921875
v -17.007884979248047 1.0625 -5.4261736869812012
v -17.007884979248047 1.0625 -8.105656623840332
v -17.007884979248047 1.75 -6.7659149169921875
vt 0.99853515625 0.48795557022094727
vt 0.99853515625 0.74693387746810913
vt 0.99853515625 0.49049931764602661
vt 0.70371127128601074 0.61744469404220581
vt 0.85112321376800537 0.61744469404220581
vt 0.92482918500900269 0.61744469404220581
vt 0.85112321376800537 0.55270016193389893
vt 0.92482918500900269 0.55270016193389893
vt 0.96168214082717896 0.55270016193389893
vt 0.92482918500900269 0.5203278660774231
vt 0.96168214082717896 0.5203278660774231
vt 0.98010867834091187 0.5203278660774231
vt 0.96168214082717896 0.50414168834686279
vt 0.98010867834091187 0.50414168834686279
vt 0.98932188749313354 0.50414168834686279
vt 0.98010867834091187 0.49604862928390503
vt 0.98932188749313354 0.49604862928390503
vt 0.99392855167388916 0.49604862928390503
vt 0.98932188749313354 0.49200209975242615
vt 0.99392855167388916 0.49200209975242615
vt 0.70371127128601074 0.50397062301635742
vt 0.74056422710418701 0.50196874141693115
vt 0.77741724252700806 0.4999668300151825
vt 0.81427019834518433 0.49796494841575623
vt 0.85112321376800537 0.49596306681632996
vt 0.88797616958618164 0.49396121501922607
vt 0.92482918500900269 0.4919593334197998
vt 0.96168214082717896 0.48995745182037354
vt 0.77741724252700806 0.61744469404220581
vt 0.77741724252700806 0.55270016193389893
vt 0.70371127128601074 0.73091882467269897
vt 0.96168214082717896 0.74493199586868286
vt 0.92482918500900269 0.74293011426925659
vt 0.88797616958618164 0.74092823266983032
vt 0.85112321376800537 0.73892635107040405
vt 0.81427019834518433 0.73692446947097778
vt 0.77741724252700806 0.73492258787155151
vt 0.74056422710418701 0.73292076587677002
vt 0.85112321376800537 0.68218928575515747
vt 0.92482918500900269 0.68218928575515747
vt 0.77741724252700806 0.68218928575515747
vt 0.99853515625 0.74439013004302979
vt 0.92482918500900269 0.7145615816116333
vt 0.96168214082717896 0.68218928575515747
vt 0.96168214082717896 0.7145615816116333
vt 0.96168214082717896 0.7307477593421936
vt 0.98010867834091187 0.7145615816116333
vt 0.98010867834091187 0.7307477593421936
vt 0.98010867834091187 0.73884081840515137
vt 0.98932188749313354 0.7307477593421936
vt 0.98932188749313354 0.73884081840515137
vt 0.98932188749313354 0.74288731813430786
vt 0.99392855167388916 0.73884081840515137
vt 0.99392855167388916 0.74288731813430786
vt 0.99853515625 0.57512956857681274
vt 0.99853515625 0.65975987911224365
vt 0.70224642753601074 0.71693283319473267
vt 0.40672391653060913 0.71693283319473267
vt 0.70224642753601074 0.97444629669189453
vt 0.40672391653060913 0.97444629669189453
vt 0.70224642753601074 0.75985169410705566
vt 0.70224642753601074 0.80277061462402344
vt 0.70224642753601074 0.84568953514099121
vt 0.70224642753601074 0.88860845565795898
vt 0.70224642753601074 0.93152737617492676
vt 0.62836575508117676 0.71693283319473267
vt 0.66530609130859375 0.97444629669189453
vt 0.62836575508117676 0.97444629669189453
vt 0.59142547845840454 0.97444629669189453
vt 0.55448514223098755 0.97444629669189453
vt 0.51754486560821533 0.97444629669189453
vt 0.48060452938079834 0.97444629669189453
vt 0.44366422295570374 0.97444629669189453
vt 0.40672391653060913 0.84568953514099121
vt 0.44366422295570374 0.71693283319473267
vt 0.48060452938079834 0.71693283319473267
vt 0.51754486560821533 0.71693283319473267
vt 0.55448514223098755 0.71693283319473267
vt 0.59142547845840454 0.71693283319473267
vt 0.66530609130859375 0.71693283319473267
vt 0.99853515625 0
vt 0.99853515625 0.25897830724716187
vt 0.99853515625 0.0025437413714826107
vt 0.70371127128601074 0.12948915362358093
vt 0.85112321376800537 0.12948915362358093
vt 0.92482918500900269 0.12948915362358093
vt 0.85112321376800537 0.064744576811790466
vt 0.92482918500900269 0.064744576811790466
vt 0.96168214082717896 0.064744576811790466
vt 0.92482918500900269 0.032372288405895233
vt 0.96168214082717896 0.032372288405895233
vt 0.98010867834091187 0.032372288405895233
vt 0.96168214082717896 0.016186144202947617
vt 0.98010867834091187 0.016186144202947617
vt 0.98932188749313354 0.016186144202947617
vt 0.98010867834091187 0.0080930721014738083
vt 0.98932188749313354 0.0080930721014738083
vt 0.99392855167388916 0.0080930721014738083
vt 0.98932188749313354 0.0040465360507369041
vt 0.99392855167388916 0.0040465360507369041
vt 0.70371127128601074 0.016015030443668365
vt 0.74056422710418701 0.014013150706887245
vt 0.77741724252700806 0.012011271901428699
vt 0.81427019834518433 0.010009393095970154
vt 0.85112321376800537 0.0080075152218341827
vt 0.88797616958618164 0.0060056359507143497
vt 0.92482918500900269 0.0040037576109170914
vt 0.96168214082717896 0.0020018788054585457
vt 0.77741724252700806 0.12948915362358093
vt 0.77741724252700806 0.064744576811790466
vt 0.70371127128601074 0.2429632842540741
vt 0.96168214082717896 0.25697645545005798
vt 0.92482918500900269 0.25497454404830933
vt 0.88797616958618164 0.25297269225120544
vt 0.85112321376800537 0.25097081065177917
vt 0.81427019834518433 0.24896891415119171
vt 0.77741724252700806 0.24696704745292664
vt 0.74056422710418701 0.24496518075466156
vt 0.85112321376800537 0.19423374533653259
vt 0.92482918500900269 0.19423374533653259
vt 0.77741724252700806 0.19423374533653259
vt 0.99853515625 0.087174020707607269
vt 0.99853515625 0.17180429399013519
vt 0.99853515625 0.25643458962440491
vt 0.92482918500900269 0.22660602629184723
vt 0.96168214082717896 0.19423374533653259
vt 0.96168214082717896 0.22660602629184723
vt 0.96168214082717896 0.24279217422008514
vt 0.98010867834091187 0.22660602629184723
vt 0.98010867834091187 0.24279217422008514
vt 0.98010867834091187 0.2508852481842041
vt 0.98932188749313354 0.24279217422008514
vt 0.98932188749313354 0.2508852481842041
vt 0.98932188749313354 0.25493177771568298
vt 0.99392855167388916 0.2508852481842041
vt 0.99392855167388916 0.25493177771568298
vt 0.70224642753601074 0.45795449614524841
vt 0.40672391653060913 0.45795449614524841
vt 0.66002887487411499 0.49474212527275085
vt 0.61781138181686401 0.49474212527275085
vt 0.57559388875961304 0.49474212527275085
vt 0.53337639570236206 0.49474212527275085
vt 0.49115890264511108 0.49474212527275085
vt 0.44894140958786011 0.49474212527275085
vt 0.66002887487411499 0.53152978420257568
vt 0.61781138181686401 0.53152978420257568
vt 0.49115890264511108 0.53152978420257568
vt 0.44894140958786011 0.53152978420257568
vt 0.66002887487411499 0.56831741333007812
vt 0.61781138181686401 0.56831741333007812
vt 0.49115890264511108 0.56831741333007812
vt 0.44894140958786011 0.56831741333007812
vt 0.66002887487411499 0.60510504245758057
vt 0.61781138181686401 0.60510504245758057
vt 0.49115890264511108 0.60510504245758057
vt 0.44894140958786011 0.60510504245758057
vt 0.66002887487411499 0.64189267158508301
vt 0.61781138181686401 0.64189267158508301
vt 0.49115890264511108 0.64189267158508301
vt 0.44894140958786011 0.64189267158508301
vt 0.66002887487411499 0.67868030071258545
vt 0.61781138181686401 0.67868030071258545
vt 0.57559388875961304 0.67868030071258545
vt 0.53337639570236206 0.67868030071258545
vt 0.49115890264511108 0.67868030071258545
vt 0.44894140958786011 0.67868030071258545
vt 0.70224642753601074 0.71546798944473267
vt 0.40672391653060913 0.71546798944473267
vt 0.70224642753601074 0.48656710982322693
vt 0.70224642753601074 0.51517969369888306
vt 0.70224642753601074 0.54379230737686157
vt 0.70224642753601074 0.57240492105484009
vt 0.70224642753601074 0.6010175347328186
vt 0.70224642753601074 0.62963014841079712
vt 0.70224642753601074 0.65824276208877563
vt 0.70224642753601074 0.68685537576675415
vt 0.40672391653060913 0.68685537576675415
vt 0.40672391653060913 0.65824276208877563
vt 0.40672391653060913 0.62963014841079712
vt 0.40672391653060913 0.6010175347328186
vt 0.40672391653060913 0.57240492105484009
vt 0.40672391653060913 0.54379230737686157
vt 0.40672391653060913 0.51517969369888306
vt 0.40672391653060913 0.48656710982322693
vt 0.44366422295570374 0.45795449614524841
vt 0.48060452938079834 0.45795449614524841
vt 0.51754486560821533 0.45795449614524841
vt 0.55448514223098755 0.45795449614524841
vt 0.59142547845840454 0.45795449614524841
vt 0.62836575508117676 0.45795449614524841
vt 0.66530609130859375 0.45795449614524841
vt 0.66530609130859375 0.71546798944473267
vt 0.62836575508117676 0.71546798944473267
vt 0.59142547845840454 0.71546798944473267
vt 0.55448514223098755 0.71546798944473267
vt 0.51754486560821533 0.71546798944473267
vt 0.48060452938079834 0.71546798944473267
vt 0.44366422295570374 0.71546798944473267
vt 0.49988749623298645 0.64085906744003296
vt 0.50035423040390015 0.64569658041000366
vt 0.50178730487823486 0.65047860145568848
vt 0.50419837236404419 0.65498673915863037
vt 0.50749671459197998 0.65894889831542969
vt 0.51152497529983521 0.66215866804122925
vt 0.51601701974868774 0.66444802284240723
vt 0.52522647380828857 0.6661795973777771
vt 0.49115890264511108 0.62349885702133179
vt 0.49115890264511108 0.63269579410552979
vt 0.51226764917373657 0.67868030071258545
vt 0.49115890264511108 0.66028648614883423
vt 0.4700501561164856 0.64189267158508301
vt 0.44894140958786011 0.62349885702133179
vt 0.4700501561164856 0.60510504245758057
vt 0.4700501561164856 0.62349885702133179
vt 0.50171327590942383 0.66028648614883423
vt 0.49115890264511108 0.65108960866928101
vt 0.4700501561164856 0.67868030071258545
vt 0.44894140958786011 0.66028648614883423
vt 0.4700501561164856 0.66028648614883423
vt 0.50171327590942383 0.67868030071258545
vt 0.49115890264511108 0.66948342323303223
vt 0.51226764917373657 0.66948342323303223
vt 0.50171327590942383 0.66948342323303223
vt 0.49115890264511108 0.69707411527633667
vt 0.53337639570236206 0.69707411527633667
vt 0.51226764917373657 0.69707411527633667
vt 0.52282202243804932 0.67868030071258545
vt 0.53337639570236206 0.66948342323303223
vt 0.52282202243804932 0.66948342323303223
vt 0.52522647380828857 0.50930100679397583
vt 0.52038544416427612 0.50976741313934326
vt 0.51559990644454956 0.5111994743347168
vt 0.51108849048614502 0.51360875368118286
vt 0.50712347030639648 0.51690471172332764
vt 0.50391137599945068 0.52093005180358887
vt 0.50162035226821899 0.52541881799697876
vt 0.50029963254928589 0.53007328510284424
vt 0.49988749623298645 0.53462153673171997
vt 0.49115890264511108 0.51313596963882446
vt 0.51226764917373657 0.49474212527275085
vt 0.51226764917373657 0.50393903255462646
vt 0.52282202243804932 0.49474212527275085
vt 0.53337639570236206 0.50393903255462646
vt 0.52282202243804932 0.50393903255462646
vt 0.49115890264511108 0.47634831070899963
vt 0.53337639570236206 0.47634831070899963
vt 0.51226764917373657 0.47634831070899963
vt 0.49115890264511108 0.52233284711837769
vt 0.50171327590942383 0.51313596963882446
vt 0.49115890264511108 0.5499235987663269
vt 0.4700501561164856 0.53152978420257568
vt 0.44894140958786011 0.51313596963882446
vt 0.4700501561164856 0.49474212527275085
vt 0.4700501561164856 0.51313596963882446
vt 0.49115890264511108 0.54072666168212891
vt 0.4700501561164856 0.56831741333007812
vt 0.44894140958786011 0.5499235987663269
vt 0.4700501561164856 0.5499235987663269
vt 0.60908281803131104 0.53462153673171997
vt 0.60861605405807495 0.52978408336639404
vt 0.60718297958374023 0.52500200271606445
vt 0.60477197170257568 0.52049392461776733
vt 0.60147362947463989 0.51653170585632324
vt 0.59744530916213989 0.51332199573516846
vt 0.59295326471328735 0.5110325813293457
vt 0.58829545974731445 0.50971287488937378
vt 0.5837438702583313 0.50930100679397583
vt 0.61781138181686401 0.5499235987663269
vt 0.61781138181686401 0.54072666168212891
vt 0.59670263528823853 0.49474212527275085
vt 0.61781138181686401 0.51313596963882446
vt 0.6389201283454895 0.56831741333007812
vt 0.6389201283454895 0.53152978420257568
vt 0.66002887487411499 0.5499235987663269
vt 0.6389201283454895 0.5499235987663269
vt 0.60725700855255127 0.51313596963882446
vt 0.61781138181686401 0.52233284711837769
vt 0.6389201283454895 0.49474212527275085
vt 0.66002887487411499 0.51313596963882446
vt 0.6389201283454895 0.51313596963882446
vt 0.57559388875961304 0.50393903255462646
vt 0.58614826202392578 0.49474212527275085
vt 0.59670263528823853 0.50393903255462646
vt 0.58614826202392578 0.50393903255462646
vt 0.57559388875961304 0.47634831070899963
vt 0.61781138181686401 0.47634831070899963
vt 0.59670263528823853 0.47634831070899963
vt 0.5837438702583313 0.6661795973777771
vt 0.58858489990234375 0.66571319103240967
vt 0.59337037801742554 0.66428112983703613
vt 0.59788179397583008 0.66187191009521484
vt 0.60184687376022339 0.65857595205307007
vt 0.60505896806716919 0.65455055236816406
vt 0.60734999179840088 0.65006178617477417
vt 0.60908281803131104 0.64085906744003296
vt 0.59670263528823853 0.67868030071258545
vt 0.61781138181686401 0.66028648614883423
vt 0.58614826202392578 0.67868030071258545
vt 0.57559388875961304 0.66948342323303223
vt 0.59670263528823853 0.66948342323303223
vt 0.58614826202392578 0.66948342323303223
vt 0.57559388875961304 0.69707411527633667
vt 0.61781138181686401 0.69707411527633667
vt 0.59670263528823853 0.69707411527633667
vt 0.60725700855255127 0.67868030071258545
vt 0.60725700855255127 0.66028648614883423
vt 0.61781138181686401 0.66948342323303223
vt 0.60725700855255127 0.66948342323303223
vt 0.6389201283454895 0.67868030071258545
vt 0.6389201283454895 0.64189267158508301
vt 0.66002887487411499 0.66028648614883423
vt 0.6389201283454895 0.66028648614883423
vt 0.61781138181686401 0.65108960866928101
vt 0.61781138181686401 0.62349885702133179
vt 0.60908281803131104 0.6142997145652771
vt 0.60908281803131104 0.58774030208587646
vt 0.60908281803131104 0.56118094921112061
vt 0.55448514223098755 0.50930100679397583
vt 0.49988749623298645 0.56118094921112061
vt 0.49988749623298645 0.58774030208587646
vt 0.49988749623298645 0.6142997145652771
vt 0.55448514223098755 0.6661795973777771
vt 0.10973657667636871 0.91296881437301636
vt 0.10973657667636871 0.92020112276077271
vt 0.10973657667636871 0.92720085382461548
vt 0.10973657667636871 0.93408763408660889
vt 0.10973657667636871 0.94089609384536743
vt 0.10973657667636871 0.9477044939994812
vt 0.10973657667636871 0.95451295375823975
vt 0.10973657667636871 0.96132135391235352
vt 0.10973657667636871 0.96812975406646729
vt 0.14667688310146332 0.91296881437301636
vt 0.14667688310146332 0.92020112276077271
vt 0.14667688310146332 0.92720085382461548
vt 0.14667688310146332 0.93408763408660889
vt 0.14667688310146332 0.94089609384536743
vt 0.14667688310146332 0.9477044939994812
vt 0.14667688310146332 0.95451295375823975
vt 0.14667688310146332 0.96132135391235352
vt 0.14667688310146332 0.96812975406646729
vt 0.18361720442771912 0.91296881437301636
vt 0.18361720442771912 0.92020112276077271
vt 0.18361720442771912 0.92720085382461548
vt 0.18361720442771912 0.93408763408660889
vt 0.18361720442771912 0.94089609384536743
vt 0.18361720442771912 0.9477044939994812
vt 0.18361720442771912 0.95451295375823975
vt 0.18361720442771912 0.96132135391235352
vt 0.18361720442771912 0.96812975406646729
vt 0.22055751085281372 0.91296881437301636
vt 0.22055751085281372 0.92020112276077271
vt 0.22055751085281372 0.92720085382461548
vt 0.22055751085281372 0.93408763408660889
vt 0.22055751085281372 0.94089609384536743
vt 0.22055751085281372 0.9477044939994812
vt 0.22055751085281372 0.95451295375823975
vt 0.22055751085281372 0.96132135391235352
vt 0.22055751085281372 0.96812975406646729
vt 0.25749781727790833 0.91296881437301636
vt 0.25749781727790833 0.92020112276077271
vt 0.25749781727790833 0.92720085382461548
vt 0.25749781727790833 0.93408763408660889
vt 0.25749781727790833 0.94089609384536743
vt 0.25749781727790833 0.9477044939994812
vt 0.25749781727790833 0.95451295375823975
vt 0.25749781727790833 0.96132135391235352
vt 0.25749781727790833 0.96812975406646729
vt 0.29443812370300293 0.91296881437301636
vt 0.29443812370300293 0.92020112276077271
vt 0.29443812370300293 0.92720085382461548
vt 0.29443812370300293 0.93408763408660889
vt 0.29443812370300293 0.94089609384536743
vt 0.29443812370300293 0.9477044939994812
vt 0.29443812370300293 0.95451295375823975
vt 0.29443812370300293 0.96132135391235352
vt 0.29443812370300293 0.96812975406646729
vt 0.33137843012809753 0.91296881437301636
vt 0.33137843012809753 0.92020112276077271
vt 0.33137843012809753 0.92720085382461548
vt 0.33137843012809753 0.93408763408660889
vt 0.33137843012809753 0.94089609384536743
vt 0.33137843012809753 0.9477044939994812
vt 0.33137843012809753 0.95451295375823975
vt 0.33137843012809753 0.96132135391235352
vt 0.33137843012809753 0.96812975406646729
vt 0.36831876635551453 0.91296881437301636
vt 0.36831876635551453 0.92020112276077271
vt 0.36831876635551453 0.92720085382461548
vt 0.36831876635551453 0.93408763408660889
vt 0.36831876635551453 0.94089609384536743
vt 0.36831876635551453 0.9477044939994812
vt 0.36831876635551453 0.95451295375823975
vt 0.36831876635551453 0.96132135391235352
vt 0.36831876635551453 0.96812975406646729
vt 0.40525907278060913 0.91296881437301636
vt 0.40525907278060913 0.92020112276077271
vt 0.40525907278060913 0.92720085382461548
vt 0.40525907278060913 0.93408763408660889
vt 0.40525907278060913 0.94089609384536743
vt 0.40525907278060913 0.9477044939994812
vt 0.40525907278060913 0.95451295375823975
vt 0.40525907278060913 0.96132135391235352
vt 0.40525907278060913 0.96812975406646729
vt 0.14667688310146332 0.9647255539894104
vt 0.12820672988891602 0.96132135391235352
vt 0.12820672988891602 0.9647255539894104
vt 0.14667688310146332 0.95791715383529663
vt 0.12820672988891602 0.95451295375823975
vt 0.12820672988891602 0.95791715383529663
vt 0.14667688310146332 0.94430029392242432
vt 0.12820672988891602 0.9477044939994812
vt 0.12820672988891602 0.94089609384536743
vt 0.12820672988891602 0.94430029392242432
vt 0.14667688310146332 0.93749183416366577
vt 0.12820672988891602 0.93408763408660889
vt 0.12820672988891602 0.93749183416366577
vt 0.14667688310146332 0.93064427375793457
vt 0.12820672988891602 0.92720085382461548
vt 0.12820672988891602 0.93064427375793457
vt 0.14667688310146332 0.92370098829269409
vt 0.12820672988891602 0.92020112276077271
vt 0.12820672988891602 0.92370098829269409
vt 0.14667688310146332 0.91658496856689453
vt 0.12820672988891602 0.91658496856689453
vt 0 0.67724502086639404
vt 0 0.68447732925415039
vt 0 0.69147700071334839
vt 0 0.6983637809753418
vt 0 0.70517224073410034
vt 0 0.71198064088821411
vt 0 0.71878910064697266
vt 0 0.72559750080108643
vt 0 0.73240596055984497
vt 0.037123415619134903 0.67724502086639404
vt 0.037123415619134903 0.68447732925415039
vt 0.037123415619134903 0.69147700071334839
vt 0.037123415619134903 0.6983637809753418
vt 0.037123415619134903 0.70517224073410034
vt 0.037123415619134903 0.71198064088821411
vt 0.037123415619134903 0.71878910064697266
vt 0.037123415619134903 0.72559750080108643
vt 0.037123415619134903 0.73240596055984497
vt 0.074246831238269806 0.67724502086639404
vt 0.074246831238269806 0.68447732925415039
vt 0.074246831238269806 0.69147700071334839
vt 0.074246831238269806 0.6983637809753418
vt 0.074246831238269806 0.70517224073410034
vt 0.074246831238269806 0.71198064088821411
vt 0.074246831238269806 0.71878910064697266
vt 0.074246831238269806 0.72559750080108643
vt 0.074246831238269806 0.73240596055984497
vt 0.11137025058269501 0.67724502086639404
vt 0.11137025058269501 0.68447732925415039
vt 0.11137025058269501 0.69147700071334839
vt 0.11137025058269501 0.6983637809753418
vt 0.11137025058269501 0.70517224073410034
vt 0.11137025058269501 0.71198064088821411
vt 0.11137025058269501 0.71878910064697266
vt 0.11137025058269501 0.72559750080108643
vt 0.11137025058269501 0.73240596055984497
vt 0.14849366247653961 0.67724502086639404
vt 0.14849366247653961 0.68447732925415039
vt 0.14849366247653961 0.69147700071334839
vt 0.14849366247653961 0.6983637809753418
vt 0.14849366247653961 0.70517224073410034
vt 0.14849366247653961 0.71198064088821411
vt 0.14849366247653961 0.71878910064697266
vt 0.14849366247653961 0.72559750080108643
vt 0.14849366247653961 0.73240596055984497
vt 0.18561708927154541 0.67724502086639404
vt 0.18561708927154541 0.68447732925415039
vt 0.18561708927154541 0.69147700071334839
vt 0.18561708927154541 0.6983637809753418
vt 0.18561708927154541 0.70517224073410034
vt 0.18561708927154541 0.71198064088821411
vt 0.18561708927154541 0.71878910064697266
vt 0.18561708927154541 0.72559750080108643
vt 0.18561708927154541 0.73240596055984497
vt 0.22274050116539001 0.67724502086639404
vt 0.22274050116539001 0.68447732925415039
vt 0.22274050116539001 0.69147700071334839
vt 0.22274050116539001 0.6983637809753418
vt 0.22274050116539001 0.70517224073410034
vt 0.22274050116539001 0.71198064088821411
vt 0.22274050116539001 0.71878910064697266
vt 0.22274050116539001 0.72559750080108643
vt 0.22274050116539001 0.73240596055984497
vt 0.25986391305923462 0.67724502086639404
vt 0.25986391305923462 0.68447732925415039
vt 0.25986391305923462 0.69147700071334839
vt 0.25986391305923462 0.6983637809753418
vt 0.25986391305923462 0.70517224073410034
vt 0.25986391305923462 0.71198064088821411
vt 0.25986391305923462 0.71878910064697266
vt 0.25986391305923462 0.72559750080108643
vt 0.25986391305923462 0.73240596055984497
vt 0.29698732495307922 0.67724502086639404
vt 0.29698732495307922 0.68447732925415039
vt 0.29698732495307922 0.69147700071334839
vt 0.29698732495307922 0.6983637809753418
vt 0.29698732495307922 0.70517224073410034
vt 0.29698732495307922 0.71198064088821411
vt 0.29698732495307922 0.71878910064697266
vt 0.29698732495307922 0.72559750080108643
vt 0.29698732495307922 0.73240596055984497
vt 0.27842563390731812 0.68447732925415039
vt 0.25986391305923462 0.68086117506027222
vt 0.27842563390731812 0.68086117506027222
vt 0.27842563390731812 0.69147700071334839
vt 0.25986391305923462 0.687977135181427
vt 0.27842563390731812 0.687977135181427
vt 0.27842563390731812 0.6983637809753418
vt 0.25986391305923462 0.69492042064666748
vt 0.27842563390731812 0.69492042064666748
vt 0.27842563390731812 0.70517224073410034
vt 0.25986391305923462 0.70176804065704346
vt 0.27842563390731812 0.70176804065704346
vt 0.27842563390731812 0.71198064088821411
vt 0.25986391305923462 0.70857644081115723
vt 0.27842563390731812 0.70857644081115723
vt 0.27842563390731812 0.72559750080108643
vt 0.25986391305923462 0.72219330072402954
vt 0.27842563390731812 0.71878910064697266
vt 0.27842563390731812 0.72219330072402954
vt 0.25986391305923462 0.72900170087814331
vt 0.27842563390731812 0.72900170087814331
vt 0.10973657667636871 0.85002654790878296
vt 0.10973657667636871 0.85725885629653931
vt 0.10973657667636871 0.86425858736038208
vt 0.10973657667636871 0.87114536762237549
vt 0.10973657667636871 0.87795376777648926
vt 0.10973657667636871 0.8847622275352478
vt 0.10973657667636871 0.89157062768936157
vt 0.10973657667636871 0.89837908744812012
vt 0.10973657667636871 0.90518748760223389
vt 0.14667688310146332 0.85002654790878296
vt 0.14667688310146332 0.85725885629653931
vt 0.14667688310146332 0.86425858736038208
vt 0.14667688310146332 0.87114536762237549
vt 0.14667688310146332 0.87795376777648926
vt 0.14667688310146332 0.8847622275352478
vt 0.14667688310146332 0.89157062768936157
vt 0.14667688310146332 0.89837908744812012
vt 0.14667688310146332 0.90518748760223389
vt 0.18361720442771912 0.85002654790878296
vt 0.18361720442771912 0.85725885629653931
vt 0.18361720442771912 0.86425858736038208
vt 0.18361720442771912 0.87114536762237549
vt 0.18361720442771912 0.87795376777648926
vt 0.18361720442771912 0.8847622275352478
vt 0.18361720442771912 0.89157062768936157
vt 0.18361720442771912 0.89837908744812012
vt 0.18361720442771912 0.90518748760223389
vt 0.22055751085281372 0.85002654790878296
vt 0.22055751085281372 0.85725885629653931
vt 0.22055751085281372 0.86425858736038208
vt 0.22055751085281372 0.87114536762237549
vt 0.22055751085281372 0.87795376777648926
vt 0.22055751085281372 0.8847622275352478
vt 0.22055751085281372 0.89157062768936157
vt 0.22055751085281372 0.89837908744812012
vt 0.22055751085281372 0.90518748760223389
vt 0.25749781727790833 0.85002654790878296
vt 0.25749781727790833 0.85725885629653931
vt 0.25749781727790833 0.86425858736038208
vt 0.25749781727790833 0.87114536762237549
vt 0.25749781727790833 0.87795376777648926
vt 0.25749781727790833 0.8847622275352478
vt 0.25749781727790833 0.89157062768936157
vt 0.25749781727790833 0.89837908744812012
vt 0.25749781727790833 0.90518748760223389
vt 0.29443812370300293 0.85002654790878296
vt 0.29443812370300293 0.85725885629653931
vt 0.29443812370300293 0.86425858736038208
vt 0.29443812370300293 0.87114536762237549
vt 0.29443812370300293 0.87795376777648926
vt 0.29443812370300293 0.8847622275352478
vt 0.29443812370300293 0.89157062768936157
vt 0.29443812370300293 0.89837908744812012
vt 0.29443812370300293 0.90518748760223389
vt 0.33137843012809753 0.85002654790878296
vt 0.33137843012809753 0.85725885629653931
vt 0.33137843012809753 0.86425858736038208
vt 0.33137843012809753 0.87114536762237549
vt 0.33137843012809753 0.87795376777648926
vt 0.33137843012809753 0.8847622275352478
vt 0.33137843012809753 0.89157062768936157
vt 0.33137843012809753 0.89837908744812012
vt 0.33137843012809753 0.90518748760223389
vt 0.36831876635551453 0.85002654790878296
vt 0.36831876635551453 0.85725885629653931
vt 0.36831876635551453 0.86425858736038208
vt 0.36831876635551453 0.87114536762237549
vt 0.36831876635551453 0.87795376777648926
vt 0.36831876635551453 0.8847622275352478
vt 0.36831876635551453 0.89157062768936157
vt 0.36831876635551453 0.89837908744812012
vt 0.36831876635551453 0.90518748760223389
vt 0.40525907278060913 0.85002654790878296
vt 0.40525907278060913 0.85725885629653931
vt 0.40525907278060913 0.86425858736038208
vt 0.40525907278060913 0.87114536762237549
vt 0.40525907278060913 0.87795376777648926
vt 0.40525907278060913 0.8847622275352478
vt 0.40525907278060913 0.89157062768936157
vt 0.40525907278060913 0.89837908744812012
vt 0.40525907278060913 0.90518748760223389
vt 0.14667688310146332 0.901783287525177
vt 0.12820672988891602 0.89837908744812012
vt 0.12820672988891602 0.901783287525177
vt 0.14667688310146332 0.89497482776641846
vt 0.12820672988891602 0.89157062768936157
vt 0.12820672988891602 0.89497482776641846
vt 0.14667688310146332 0.88816642761230469
vt 0.12820672988891602 0.8847622275352478
vt 0.12820672988891602 0.88816642761230469
vt 0.14667688310146332 0.88135802745819092
vt 0.12820672988891602 0.87795376777648926
vt 0.12820672988891602 0.88135802745819092
vt 0.14667688310146332 0.87454956769943237
vt 0.12820672988891602 0.87114536762237549
vt 0.12820672988891602 0.87454956769943237
vt 0.14667688310146332 0.86075872182846069
vt 0.12820672988891602 0.86425858736038208
vt 0.12820672988891602 0.85725885629653931
vt 0.12820672988891602 0.86075872182846069
vt 0.14667688310146332 0.85364270210266113
vt 0.12820672988891602 0.85364270210266113
vt 0 0.61430269479751587
vt 0 0.62153500318527222
vt 0 0.62853473424911499
vt 0 0.6354215145111084
vt 0 0.64222997426986694
vt 0 0.64903837442398071
vt 0 0.65584677457809448
vt 0 0.66265523433685303
vt 0 0.6694636344909668
vt 0.037123415619134903 0.61430269479751587
vt 0.037123415619134903 0.62153500318527222
vt 0.037123415619134903 0.62853473424911499
vt 0.037123415619134903 0.6354215145111084
vt 0.037123415619134903 0.64222997426986694
vt 0.037123415619134903 0.64903837442398071
vt 0.037123415619134903 0.65584677457809448
vt 0.037123415619134903 0.66265523433685303
vt 0.037123415619134903 0.6694636344909668
vt 0.074246831238269806 0.61430269479751587
vt 0.074246831238269806 0.62153500318527222
vt 0.074246831238269806 0.62853473424911499
vt 0.074246831238269806 0.6354215145111084
vt 0.074246831238269806 0.64222997426986694
vt 0.074246831238269806 0.64903837442398071
vt 0.074246831238269806 0.65584677457809448
vt 0.074246831238269806 0.66265523433685303
vt 0.074246831238269806 0.6694636344909668
vt 0.11137025058269501 0.61430269479751587
vt 0.11137025058269501 0.62153500318527222
vt 0.11137025058269501 0.62853473424911499
vt 0.11137025058269501 0.6354215145111084
vt 0.11137025058269501 0.64222997426986694
vt 0.11137025058269501 0.64903837442398071
vt 0.11137025058269501 0.65584677457809448
vt 0.11137025058269501 0.66265523433685303
vt 0.11137025058269501 0.6694636344909668
vt 0.14849366247653961 0.61430269479751587
vt 0.14849366247653961 0.62153500318527222
vt 0.14849366247653961 0.62853473424911499
vt 0.14849366247653961 0.6354215145111084
vt 0.14849366247653961 0.64222997426986694
vt 0.14849366247653961 0.64903837442398071
vt 0.14849366247653961 0.65584677457809448
vt 0.14849366247653961 0.66265523433685303
vt 0.14849366247653961 0.6694636344909668
vt 0.18561708927154541 0.61430269479751587
vt 0.18561708927154541 0.62153500318527222
vt 0.18561708927154541 0.62853473424911499
vt 0.18561708927154541 0.6354215145111084
vt 0.18561708927154541 0.64222997426986694
vt 0.18561708927154541 0.64903837442398071
vt 0.18561708927154541 0.65584677457809448
vt 0.18561708927154541 0.66265523433685303
vt 0.18561708927154541 0.6694636344909668
vt 0.22274050116539001 0.61430269479751587
vt 0.22274050116539001 0.62153500318527222
vt 0.22274050116539001 0.62853473424911499
vt 0.22274050116539001 0.6354215145111084
vt 0.22274050116539001 0.64222997426986694
vt 0.22274050116539001 0.64903837442398071
vt 0.22274050116539001 0.65584677457809448
vt 0.22274050116539001 0.66265523433685303
vt 0.22274050116539001 0.6694636344909668
vt 0.25986391305923462 0.61430269479751587
vt 0.25986391305923462 0.62153500318527222
vt 0.25986391305923462 0.62853473424911499
vt 0.25986391305923462 0.6354215145111084
vt 0.25986391305923462 0.64222997426986694
vt 0.25986391305923462 0.64903837442398071
vt 0.25986391305923462 0.65584677457809448
vt 0.25986391305923462 0.66265523433685303
vt 0.25986391305923462 0.6694636344909668
vt 0.29698732495307922 0.61430269479751587
vt 0.29698732495307922 0.62153500318527222
vt 0.29698732495307922 0.62853473424911499
vt 0.29698732495307922 0.6354215145111084
vt 0.29698732495307922 0.64222997426986694
vt 0.29698732495307922 0.64903837442398071
vt 0.29698732495307922 0.65584677457809448
vt 0.29698732495307922 0.66265523433685303
vt 0.29698732495307922 0.6694636344909668
vt 0.037123415619134903 0.66605943441390991
vt 0.018561707809567451 0.66265523433685303
vt 0.018561707809567451 0.66605943441390991
vt 0.037123415619134903 0.65925103425979614
vt 0.018561707809567451 0.65584677457809448
vt 0.018561707809567451 0.65925103425979614
vt 0.037123415619134903 0.64563417434692383
vt 0.018561707809567451 0.64903837442398071
vt 0.018561707809567451 0.64222997426986694
vt 0.018561707809567451 0.64563417434692383
vt 0.037123415619134903 0.63882571458816528
vt 0.018561707809567451 0.6354215145111084
vt 0.018561707809567451 0.63882571458816528
vt 0.037123415619134903 0.63197809457778931
vt 0.018561707809567451 0.62853473424911499
vt 0.018561707809567451 0.63197809457778931
vt 0.037123415619134903 0.6250348687171936
vt 0.018561707809567451 0.62153500318527222
vt 0.018561707809567451 0.6250348687171936
vt 0.037123415619134903 0.61791884899139404
vt 0.018561707809567451 0.61791884899139404
vt 0.030772650614380836 0
vt 0.14424677193164825 0
vt 0.25772091746330261 0
vt 0.28849354386329651 0.035115703940391541
vt 0.28849354386329651 0.16460485756397247
vt 0.28849354386329651 0.2940940260887146
vt 0.25772091746330261 0.32920971512794495
vt 0.14424677193164825 0.32920971512794495
vt 0.030772650614380836 0.32920971512794495
vt 0 0.2940940260887146
vt 0 0.26531863212585449
vt 0 0.23654328286647797
vt 0 0.20776790380477905
vt 0 0.17899253964424133
vt 0 0.15021717548370361
vt 0 0.12144181132316589
vt 0 0.092666439712047577
vt 0 0.063891075551509857
vt 0 0.035115703940391541
vt 0.14424677193164825 0.16460485756397247
vt 0.072123385965824127 0.16460485756397247
vt 0.14424677193164825 0.24690729379653931
vt 0.072123385965824127 0.24690729379653931
vt 0.14424677193164825 0.082302428781986237
vt 0.072123385965824127 0.082302428781986237
vt 0.26360002160072327 0.00064682384254410863
vt 0.26941174268722534 0.0026328603271394968
vt 0.27489060163497925 0.0059741409495472908
vt 0.27970591187477112 0.010545120574533939
vt 0.28360679745674133 0.016127694398164749
vt 0.28638914227485657 0.022352918982505798
vt 0.28799301385879517 0.028807930648326874
vt 0.21637016534805298 0.16460485756397247
vt 0.21637016534805298 0.082302428781986237
vt 0.25243186950683594 0.082302428781986237
vt 0.21637016534805298 0.041151214390993118
vt 0.25243186950683594 0.041151214390993118
vt 0.27046269178390503 0.041151214390993118
vt 0.25243186950683594 0.020575607195496559
vt 0.27046269178390503 0.020575607195496559
vt 0.26144728064537048 0.020575607195496559
vt 0.25243186950683594 0.01028780359774828
vt 0.27046269178390503 0.01028780359774828
vt 0.26144728064537048 0.01028780359774828
vt 0.23440100252628326 0.041151214390993118
vt 0.21637016534805298 0.020575607195496559
vt 0.23440100252628326 0.020575607195496559
vt 0.18030847609043121 0.082302428781986237
vt 0.14424677193164825 0.041151214390993118
vt 0.18030847609043121 0.041151214390993118
vt 0.27947813272476196 0.020575607195496559
vt 0.27947813272476196 0.041151214390993118
vt 0.27046269178390503 0.030863411724567413
vt 0.27947813272476196 0.030863411724567413
vt 0.27046269178390503 0.082302428781986237
vt 0.25243186950683594 0.061726823449134827
vt 0.27046269178390503 0.061726823449134827
vt 0.25243186950683594 0.16460485756397247
vt 0.21637016534805298 0.12345364689826965
vt 0.25243186950683594 0.12345364689826965
vt 0.21637016534805298 0.24690729379653931
vt 0.00050052825827151537 0.028807930648326874
vt 0.0021044265013188124 0.022352918982505798
vt 0.0048867533914744854 0.016127694398164749
vt 0.0087876515462994576 0.010545120574533939
vt 0.013602957129478455 0.0059741409495472908
vt 0.019081804901361465 0.0026328603271394968
vt 0.024893524125218391 0.00064682384254410863
vt 0.036061692982912064 0.082302428781986237
vt 0.072123385965824127 0.041151214390993118
vt 0.036061692982912064 0.041151214390993118
vt 0.018030846491456032 0.041151214390993118
vt 0.036061692982912064 0.020575607195496559
vt 0.018030846491456032 0.020575607195496559
vt 0.0090154232457280159 0.041151214390993118
vt 0.0090154232457280159 0.020575607195496559
vt 0.018030846491456032 0.030863411724567413
vt 0.0090154232457280159 0.030863411724567413
vt 0.018030846491456032 0.082302428781986237
vt 0.036061692982912064 0.061726823449134827
vt 0.018030846491456032 0.061726823449134827
vt 0.036061692982912064 0.16460485756397247
vt 0.072123385965824127 0.12345364689826965
vt 0.036061692982912064 0.12345364689826965
vt 0.018030846491456032 0.01028780359774828
vt 0.027046270668506622 0.020575607195496559
vt 0.036061692982912064 0.01028780359774828
vt 0.027046270668506622 0.01028780359774828
vt 0.054092541337013245 0.041151214390993118
vt 0.072123385965824127 0.020575607195496559
vt 0.054092541337013245 0.020575607195496559
vt 0.10818508267402649 0.082302428781986237
vt 0.10818508267402649 0.041151214390993118
vt 0.28792673349380493 0.30080288648605347
vt 0.28618630766868591 0.30743482708930969
vt 0.28325828909873962 0.31368693709373474
vt 0.27925264835357666 0.31918182969093323
vt 0.27436050772666931 0.32363328337669373
vt 0.26890522241592407 0.32680830359458923
vt 0.26324853301048279 0.32863855361938477
vt 0.21637016534805298 0.28805851936340332
vt 0.25243186950683594 0.24690729379653931
vt 0.25243186950683594 0.28805851936340332
vt 0.25243186950683594 0.30863413214683533
vt 0.27046269178390503 0.28805851936340332
vt 0.27046269178390503 0.30863413214683533
vt 0.27046269178390503 0.31892192363739014
vt 0.25243186950683594 0.31892192363739014
vt 0.26144728064537048 0.30863413214683533
vt 0.26144728064537048 0.31892192363739014
vt 0.21637016534805298 0.30863413214683533
vt 0.23440100252628326 0.28805851936340332
vt 0.23440100252628326 0.30863413214683533
vt 0.14424677193164825 0.28805851936340332
vt 0.18030847609043121 0.24690729379653931
vt 0.18030847609043121 0.28805851936340332
vt 0.024893524125218391 0.32856291532516479
vt 0.019081804901361465 0.32657685875892639
vt 0.013602957129478455 0.32323557138442993
vt 0.0087876515462994576 0.31866461038589478
vt 0.0048867533914744854 0.31308203935623169
vt 0.0021044265013188124 0.30685681104660034
vt 0.00050052825827151537 0.30040180683135986
vt 0.036061692982912064 0.24690729379653931
vt 0.072123385965824127 0.28805851936340332
vt 0.036061692982912064 0.28805851936340332
vt 0.018030846491456032 0.28805851936340332
vt 0.036061692982912064 0.30863413214683533
vt 0.018030846491456032 0.30863413214683533
vt 0.018030846491456032 0.31892192363739014
vt 0.027046270668506622 0.30863413214683533
vt 0.036061692982912064 0.31892192363739014
vt 0.027046270668506622 0.31892192363739014
vt 0.054092541337013245 0.28805851936340332
vt 0.072123385965824127 0.30863413214683533
vt 0.054092541337013245 0.30863413214683533
vt 0.10818508267402649 0.24690729379653931
vt 0.10818508267402649 0.28805851936340332
vt 0.0090154232457280159 0.30863413214683533
vt 0.0090154232457280159 0.28805851936340332
vt 0.018030846491456032 0.29834631085395813
vt 0.0090154232457280159 0.29834631085395813
vt 0.018030846491456032 0.24690729379653931
vt 0.036061692982912064 0.26748290657997131
vt 0.018030846491456032 0.26748290657997131
vt 0.072123385965824127 0.20575608313083649
vt 0.036061692982912064 0.20575608313083649
vt 0.61495870351791382 0.052071493119001389
vt 0.36106786131858826 0.052071493119001389
vt 0.48801329731941223 0.077374823391437531
vt 0.44569814205169678 0.052071493119001389
vt 0.53032839298248291 0.052071493119001389
vt 0.37475812435150146 0.10267814248800278
vt 0.61083310842514038 0.070808619260787964
vt 0.601268470287323 0.10267814248800278
vt 0.55148601531982422 0.077374823391437531
vt 0.48801329731941223 0.06472315639257431
vt 0.55148601531982422 0.06472315639257431
vt 0.57295465469360352 0.10267814248800278
vt 0.54464083909988403 0.10267814248800278
vt 0.51632708311080933 0.10267814248800278
vt 0.48801329731941223 0.10267814248800278
vt 0.45969948172569275 0.10267814248800278
vt 0.43138569593429565 0.10267814248800278
vt 0.40307191014289856 0.10267814248800278
vt 0.48801329731941223 0.090026482939720154
vt 0.55148601531982422 0.090026482939720154
vt 0.42454057931900024 0.077374823391437531
vt 0.42454057931900024 0.090026482939720154
vt 0.56639713048934937 0.11782565712928772
vt 0.49795404076576233 0.11782565712928772
vt 0.42951095104217529 0.11782565712928772
vt 0.56639713048934937 0.13150832056999207
vt 0.49795404076576233 0.13150832056999207
vt 0.42951095104217529 0.13150832056999207
vt 0.56639713048934937 0.1451909989118576
vt 0.49795404076576233 0.1451909989118576
vt 0.42951095104217529 0.1451909989118576
vt 0.3684648871421814 0.10414298623800278
vt 0.39724025130271912 0.10414298623800278
vt 0.42601564526557922 0.10414298623800278
vt 0.45479100942611694 0.10414298623800278
vt 0.48356637358665466 0.10414298623800278
vt 0.51234173774719238 0.10414298623800278
vt 0.54111713171005249 0.10414298623800278
vt 0.56989246606826782 0.10414298623800278
vt 0.59866786003112793 0.10414298623800278
vt 0.62744319438934326 0.10414298623800278
vt 0.62460637092590332 0.15887366235256195
vt 0.59646141529083252 0.15887366235256195
vt 0.56831645965576172 0.15887366235256195
vt 0.54017150402069092 0.15887366235256195
vt 0.51202654838562012 0.15887366235256195
vt 0.48388156294822693 0.15887366235256195
vt 0.45573660731315613 0.15887366235256195
vt 0.42759165167808533 0.15887366235256195
vt 0.39944666624069214 0.15887366235256195
vt 0.37130171060562134 0.15887366235256195
vt 0.63215619325637817 0.1045093759894371
vt 0.36375191807746887 0.1045093759894371
vt 0.39528942108154297 0.11782565712928772
vt 0.42951095104217529 0.11098432540893555
vt 0.39528942108154297 0.11098432540893555
vt 0.37817862629890442 0.11098432540893555
vt 0.39528942108154297 0.10756365954875946
vt 0.37817862629890442 0.10756365954875946
vt 0.60061866044998169 0.11782565712928772
vt 0.56639713048934937 0.11098432540893555
vt 0.60061866044998169 0.11098432540893555
vt 0.61772948503494263 0.11098432540893555
vt 0.60061866044998169 0.10756365954875946
vt 0.61772948503494263 0.10756365954875946
vt 0.61495870351791382 0
vt 0.36106786131858826 0
vt 0.48801329731941223 0.025303324684500694
vt 0.44569814205169678 0
vt 0.53032839298248291 0
vt 0.61083310842514038 0.018737126141786575
vt 0.601268470287323 0.050606649369001389
vt 0.55148601531982422 0.025303324684500694
vt 0.48801329731941223 0.012651662342250347
vt 0.55148601531982422 0.012651662342250347
vt 0.37475812435150146 0.050606649369001389
vt 0.57295465469360352 0.050606649369001389
vt 0.54464083909988403 0.050606649369001389
vt 0.51632708311080933 0.050606649369001389
vt 0.48801329731941223 0.050606649369001389
vt 0.45969948172569275 0.050606649369001389
vt 0.43138569593429565 0.050606649369001389
vt 0.40307191014289856 0.050606649369001389
vt 0.48801329731941223 0.037954989820718765
vt 0.55148601531982422 0.037954989820718765
vt 0.42454057931900024 0.025303324684500694
vt 0.42454057931900024 0.037954989820718765
vt 0.56639713048934937 0.1740211695432663
vt 0.49795404076576233 0.1740211695432663
vt 0.42951095104217529 0.1740211695432663
vt 0.56639713048934937 0.18770384788513184
vt 0.49795404076576233 0.18770384788513184
vt 0.42951095104217529 0.18770384788513184
vt 0.56639713048934937 0.20138651132583618
vt 0.49795404076576233 0.20138651132583618
vt 0.42951095104217529 0.20138651132583618
vt 0.3684648871421814 0.16033850610256195
vt 0.41162794828414917 0.16033850610256195
vt 0.45479100942611694 0.16033850610256195
vt 0.49795404076576233 0.16033850610256195
vt 0.54111713171005249 0.16033850610256195
vt 0.58428013324737549 0.16033850610256195
vt 0.62744319438934326 0.16033850610256195
vt 0.62460637092590332 0.21506917476654053
vt 0.59646141529083252 0.21506917476654053
vt 0.56831645965576172 0.21506917476654053
vt 0.54017150402069092 0.21506917476654053
vt 0.51202654838562012 0.21506917476654053
vt 0.48388156294822693 0.21506917476654053
vt 0.45573660731315613 0.21506917476654053
vt 0.42759165167808533 0.21506917476654053
vt 0.39944666624069214 0.21506917476654053
vt 0.37130171060562134 0.21506917476654053
vt 0.63215619325637817 0.16070489585399628
vt 0.36375191807746887 0.16070489585399628
vt 0.39528942108154297 0.1740211695432663
vt 0.42951095104217529 0.16717983782291412
vt 0.39528942108154297 0.16717983782291412
vt 0.37817862629890442 0.16717983782291412
vt 0.39528942108154297 0.16375917196273804
vt 0.37817862629890442 0.16375917196273804
vt 0.60061866044998169 0.1740211695432663
vt 0.56639713048934937 0.16717983782291412
vt 0.60061866044998169 0.16717983782291412
vt 0.61772948503494263 0.16717983782291412
vt 0.60061866044998169 0.16375917196273804
vt 0.61772948503494263 0.16375917196273804
vt 0.25823023915290833 0.78831738233566284
vt 0.29543232917785645 0.75229978561401367
vt 0.29543232917785645 0.76431602239608765
vt 0.29543232917785645 0.77631670236587524
vt 0.31918695569038391 0.78656518459320068
vt 0.31731224060058594 0.78831738233566284
vt 0.29543232917785645 0.78231704235076904
vt 0.31403335928916931 0.77631670236587524
vt 0.31403335928916931 0.78231704235076904
vt 0.31403335928916931 0.78531724214553833
vt 0.32312518358230591 0.78247755765914917
vt 0.32267865538597107 0.7829698920249939
vt 0.31868362426757812 0.78531724214553833
vt 0.31403335928916931 0.7838171124458313
vt 0.31868362426757812 0.78231704235076904
vt 0.31868362426757812 0.7838171124458313
vt 0.29543232917785645 0.78531724214553833
vt 0.30473282933235168 0.78231704235076904
vt 0.30473282933235168 0.78531724214553833
vt 0.27683126926422119 0.77631670236587524
vt 0.27683126926422119 0.78231704235076904
vt 0.31403335928916931 0.77931690216064453
vt 0.32333388924598694 0.77631670236587524
vt 0.29543232917785645 0.77031636238098145
vt 0.31403335928916931 0.76431602239608765
vt 0.31403335928916931 0.77031636238098145
vt 0.32100874185562134 0.7838171124458313
vt 0.31868362426757812 0.78306710720062256
vt 0.32100874185562134 0.78231704235076904
vt 0.32100874185562134 0.78306710720062256
vt 0.32333388924598694 0.78081697225570679
vt 0.31403335928916931 0.78081697225570679
vt 0.31868362426757812 0.77931690216064453
vt 0.31868362426757812 0.78081697225570679
vt 0.29543232917785645 0.77931690216064453
vt 0.30473282933235168 0.77631670236587524
vt 0.30473282933235168 0.77931690216064453
vt 0.26927575469017029 0.74018728733062744
vt 0.32797512412071228 0.74018728733062744
vt 0.32922688126564026 0.74315041303634644
vt 0.33024105429649353 0.74617725610733032
vt 0.33101674914360046 0.7492554783821106
vt 0.33155179023742676 0.75237494707107544
vt 0.33184158802032471 0.75551414489746094
vt 0.33188480138778687 0.75864773988723755
vt 0.33168217539787292 0.76176875829696655
vt 0.33123305439949036 0.7648700475692749
vt 0.33054015040397644 0.7679254412651062
vt 0.32960855960845947 0.77091538906097412
vt 0.32844054698944092 0.77382957935333252
vt 0.32703718543052673 0.77665567398071289
vt 0.32521733641624451 0.77965104579925537
vt 0.31403335928916931 0.75229978561401367
vt 0.29543232917785645 0.74624353647232056
vt 0.31403335928916931 0.74624353647232056
vt 0.32333388924598694 0.74624353647232056
vt 0.31403335928916931 0.74321538209915161
vt 0.32333388924598694 0.74321538209915161
vt 0.32333388924598694 0.75229978561401367
vt 0.31403335928916931 0.74927163124084473
vt 0.32333388924598694 0.74927163124084473
vt 0.29543232917785645 0.75830793380737305
vt 0.31403335928916931 0.75830793380737305
vt 0.32333388924598694 0.75830793380737305
vt 0.31403335928916931 0.75530385971069336
vt 0.32333388924598694 0.75530385971069336
vt 0.32333388924598694 0.76431602239608765
vt 0.31403335928916931 0.76131194829940796
vt 0.32333388924598694 0.76131194829940796
vt 0.32333388924598694 0.77031636238098145
vt 0.31403335928916931 0.76731622219085693
vt 0.32333388924598694 0.76731622219085693
vt 0.31403335928916931 0.77331656217575073
vt 0.32333388924598694 0.77331656217575073
vt 0.2635771632194519 0.78297704458236694
vt 0.26801234483718872 0.77762883901596069
vt 0.27144145965576172 0.77228039503097534
vt 0.27273961901664734 0.76965314149856567
vt 0.27380925416946411 0.76693159341812134
vt 0.27457582950592041 0.76428717374801636
vt 0.27508077025413513 0.76158243417739868
vt 0.27529934048652649 0.75891411304473877
vt 0.27524289488792419 0.75623315572738647
vt 0.27490702271461487 0.75354009866714478
vt 0.27430519461631775 0.75088411569595337
vt 0.27341616153717041 0.74817383289337158
vt 0.27229905128479004 0.74553549289703369
vt 0.27683126926422119 0.77031636238098145
vt 0.27683126926422119 0.77331656217575073
vt 0.27683126926422119 0.75229978561401367
vt 0.27683126926422119 0.74624353647232056
vt 0.27683126926422119 0.74927163124084473
vt 0.25823023915290833 0.79510694742202759
vt 0.29543232917785645 0.79510694742202759
vt 0.29543232917785645 0.80721938610076904
vt 0.29543232917785645 0.81923568248748779
vt 0.29543232917785645 0.83123636245727539
vt 0.31731224060058594 0.79510694742202759
vt 0.31918695569038391 0.79685914516448975
vt 0.31403335928916931 0.80721938610076904
vt 0.29543232917785645 0.80116313695907593
vt 0.31403335928916931 0.80116313695907593
vt 0.31403335928916931 0.79813504219055176
vt 0.32797512412071228 0.84323704242706299
vt 0.26927575469017029 0.84323704242706299
vt 0.32312518358230591 0.80094677209854126
vt 0.32521733641624451 0.80377322435379028
vt 0.32703718543052673 0.80676859617233276
vt 0.32844054698944092 0.80959475040435791
vt 0.32960855960845947 0.81250894069671631
vt 0.33054015040397644 0.81549888849258423
vt 0.33123305439949036 0.81855428218841553
vt 0.33168217539787292 0.82165557146072388
vt 0.33188480138778687 0.82477653026580811
vt 0.33184158802032471 0.82791018486022949
vt 0.33155179023742676 0.83104938268661499
vt 0.33101674914360046 0.83416885137557983
vt 0.33024105429649353 0.83724707365036011
vt 0.32922688126564026 0.84027385711669922
vt 0.32333388924598694 0.80721938610076904
vt 0.31403335928916931 0.80419129133224487
vt 0.31403335928916931 0.81923568248748779
vt 0.29543232917785645 0.81322753429412842
vt 0.31403335928916931 0.81322753429412842
vt 0.32333388924598694 0.81322753429412842
vt 0.31403335928916931 0.81022346019744873
vt 0.32333388924598694 0.81022346019744873
vt 0.32333388924598694 0.81923568248748779
vt 0.31403335928916931 0.81623160839080811
vt 0.32333388924598694 0.81623160839080811
vt 0.31403335928916931 0.83123636245727539
vt 0.29543232917785645 0.82523602247238159
vt 0.31403335928916931 0.82523602247238159
vt 0.32333388924598694 0.82523602247238159
vt 0.31403335928916931 0.8222358226776123
vt 0.32333388924598694 0.8222358226776123
vt 0.32333388924598694 0.83123636245727539
vt 0.31403335928916931 0.8282361626625061
vt 0.32333388924598694 0.8282361626625061
vt 0.29543232917785645 0.83723670244216919
vt 0.31403335928916931 0.83723670244216919
vt 0.32333388924598694 0.83723670244216919
vt 0.31403335928916931 0.8342365026473999
vt 0.32333388924598694 0.8342365026473999
vt 0.31403335928916931 0.8402368426322937
vt 0.32333388924598694 0.8402368426322937
vt 0.32267865538597107 0.80045443773269653
vt 0.31868362426757812 0.80116313695907593
vt 0.31403335928916931 0.79964911937713623
vt 0.31868362426757812 0.79813504219055176
vt 0.31868362426757812 0.79964911937713623
vt 0.30473282933235168 0.80116313695907593
vt 0.29543232917785645 0.79813504219055176
vt 0.30473282933235168 0.79813504219055176
vt 0.27683126926422119 0.80721938610076904
vt 0.27683126926422119 0.80116313695907593
vt 0.32100874185562134 0.80116313695907593
vt 0.31868362426757812 0.80040615797042847
vt 0.32100874185562134 0.79964911937713623
vt 0.32100874185562134 0.80040615797042847
vt 0.32333388924598694 0.8026772141456604
vt 0.31868362426757812 0.80419129133224487
vt 0.31403335928916931 0.8026772141456604
vt 0.31868362426757812 0.8026772141456604
vt 0.30473282933235168 0.80721938610076904
vt 0.29543232917785645 0.80419129133224487
vt 0.30473282933235168 0.80419129133224487
vt 0.27229905128479004 0.83788883686065674
vt 0.27341616153717041 0.83525049686431885
vt 0.27430519461631775 0.83254015445709229
vt 0.27490702271461487 0.82988417148590088
vt 0.27524289488792419 0.82719111442565918
vt 0.27529934048652649 0.82451021671295166
vt 0.27508077025413513 0.82184183597564697
vt 0.27457582950592041 0.8191370964050293
vt 0.27380925416946411 0.81649267673492432
vt 0.27273961901664734 0.81377118825912476
vt 0.27144145965576172 0.81114387512207031
vt 0.26801234483718872 0.80579549074172974
vt 0.2635771632194519 0.80044728517532349
vt 0.27683126926422119 0.83123636245727539
vt 0.27683126926422119 0.83723670244216919
vt 0.27683126926422119 0.8342365026473999
vt 0.27683126926422119 0.81322753429412842
vt 0.27683126926422119 0.81022346019744873
vt 0.10973657667636871 0.84323704242706299
vt 0.14693865180015564 0.80721938610076904
vt 0.14693865180015564 0.81923568248748779
vt 0.14693865180015564 0.83123636245727539
vt 0.1706932932138443 0.84148478507995605
vt 0.16881857812404633 0.84323704242706299
vt 0.14693865180015564 0.83723670244216919
vt 0.16553968191146851 0.83123636245727539
vt 0.16553968191146851 0.83723670244216919
vt 0.16553968191146851 0.8402368426322937
vt 0.12078209966421127 0.79510694742202759
vt 0.17948144674301147 0.79510694742202759
vt 0.17463153600692749 0.83739715814590454
vt 0.17418499290943146 0.83788949251174927
vt 0.17018994688987732 0.8402368426322937
vt 0.16553968191146851 0.83873677253723145
vt 0.17018994688987732 0.83723670244216919
vt 0.17018994688987732 0.83873677253723145
vt 0.14693865180015564 0.8402368426322937
vt 0.15623916685581207 0.83723670244216919
vt 0.15623916685581207 0.8402368426322937
vt 0.12833760678768158 0.83123636245727539
vt 0.12833760678768158 0.83723670244216919
vt 0.16553968191146851 0.8342365026473999
vt 0.17484021186828613 0.83123636245727539
vt 0.14693865180015564 0.82523602247238159
vt 0.16553968191146851 0.81923568248748779
vt 0.16553968191146851 0.82523602247238159
vt 0.17251507937908173 0.83873677253723145
vt 0.17018994688987732 0.83798670768737793
vt 0.17251507937908173 0.83723670244216919
vt 0.17251507937908173 0.83798670768737793
vt 0.17484021186828613 0.83573657274246216
vt 0.16553968191146851 0.83573657274246216
vt 0.17018994688987732 0.8342365026473999
vt 0.17018994688987732 0.83573657274246216
vt 0.14693865180015564 0.8342365026473999
vt 0.15623916685581207 0.83123636245727539
vt 0.15623916685581207 0.8342365026473999
vt 0.18073321878910065 0.79807007312774658
vt 0.18174739181995392 0.80109685659408569
vt 0.18252308666706085 0.80417507886886597
vt 0.18305811285972595 0.80729454755783081
vt 0.1833479106426239 0.81043374538421631
vt 0.18339112401008606 0.8135673999786377
vt 0.18318851292133331 0.81668835878372192
vt 0.18273940682411194 0.81978964805603027
vt 0.18204648792743683 0.82284504175186157
vt 0.18111489713191986 0.82583498954772949
vt 0.17994688451290131 0.82874917984008789
vt 0.17854350805282593 0.83157533407211304
vt 0.1767236739397049 0.83457070589065552
vt 0.16553968191146851 0.80721938610076904
vt 0.14693865180015564 0.80116313695907593
vt 0.16553968191146851 0.80116313695907593
vt 0.17484021186828613 0.80116313695907593
vt 0.16553968191146851 0.79813504219055176
vt 0.17484021186828613 0.79813504219055176
vt 0.17484021186828613 0.80721938610076904
vt 0.16553968191146851 0.80419129133224487
vt 0.17484021186828613 0.80419129133224487
vt 0.14693865180015564 0.81322753429412842
vt 0.16553968191146851 0.81322753429412842
vt 0.17484021186828613 0.81322753429412842
vt 0.16553968191146851 0.81022346019744873
vt 0.17484021186828613 0.81022346019744873
vt 0.17484021186828613 0.81923568248748779
vt 0.16553968191146851 0.81623160839080811
vt 0.17484021186828613 0.81623160839080811
vt 0.17484021186828613 0.82523602247238159
vt 0.16553968191146851 0.8222358226776123
vt 0.17484021186828613 0.8222358226776123
vt 0.16553968191146851 0.8282361626625061
vt 0.17484021186828613 0.8282361626625061
vt 0.11508350819349289 0.83789664506912231
vt 0.11951866745948792 0.83254843950271606
vt 0.12294779717922211 0.82720005512237549
vt 0.12424594908952713 0.82457274198532104
vt 0.1253155916929245 0.82185125350952148
vt 0.1260821670293808 0.8192068338394165
vt 0.12658709287643433 0.81650209426879883
vt 0.12680569291114807 0.81383371353149414
vt 0.12674923241138458 0.81115281581878662
vt 0.12641336023807526 0.80845975875854492
vt 0.12581154704093933 0.80580377578735352
vt 0.1249224841594696 0.80309343338012695
vt 0.12380538880825043 0.80045515298843384
vt 0.12833760678768158 0.82523602247238159
vt 0.12833760678768158 0.8282361626625061
vt 0.12833760678768158 0.80721938610076904
vt 0.12833760678768158 0.80116313695907593
vt 0.12833760678768158 0.80419129133224487
vt 0.10973657667636871 0.74018728733062744
vt 0.14693865180015564 0.74018728733062744
vt 0.14693865180015564 0.75229978561401367
vt 0.14693865180015564 0.76431602239608765
vt 0.14693865180015564 0.77631670236587524
vt 0.16881857812404633 0.74018728733062744
vt 0.1706932932138443 0.7419394850730896
vt 0.16553968191146851 0.75229978561401367
vt 0.14693865180015564 0.74624353647232056
vt 0.16553968191146851 0.74624353647232056
vt 0.16553968191146851 0.74321538209915161
vt 0.17948144674301147 0.78831738233566284
vt 0.12078209966421127 0.78831738233566284
vt 0.17463153600692749 0.74602711200714111
vt 0.1767236739397049 0.74885362386703491
vt 0.17854350805282593 0.75184899568557739
vt 0.17994688451290131 0.75467509031295776
vt 0.18111489713191986 0.75758934020996094
vt 0.18204648792743683 0.76057922840118408
vt 0.18273940682411194 0.76363462209701538
vt 0.18318851292133331 0.76673591136932373
vt 0.18339112401008606 0.76985692977905273
vt 0.1833479106426239 0.77299052476882935
vt 0.18305811285972595 0.77612972259521484
vt 0.18252308666706085 0.77924919128417969
vt 0.18174739181995392 0.78232741355895996
vt 0.18073321878910065 0.78535425662994385
vt 0.17484021186828613 0.75229978561401367
vt 0.16553968191146851 0.74927163124084473
vt 0.16553968191146851 0.76431602239608765
vt 0.14693865180015564 0.75830793380737305
vt 0.16553968191146851 0.75830793380737305
vt 0.17484021186828613 0.75830793380737305
vt 0.16553968191146851 0.75530385971069336
vt 0.17484021186828613 0.75530385971069336
vt 0.17484021186828613 0.76431602239608765
vt 0.16553968191146851 0.76131194829940796
vt 0.17484021186828613 0.76131194829940796
vt 0.16553968191146851 0.77631670236587524
vt 0.14693865180015564 0.77031636238098145
vt 0.16553968191146851 0.77031636238098145
vt 0.17484021186828613 0.77031636238098145
vt 0.16553968191146851 0.76731622219085693
vt 0.17484021186828613 0.76731622219085693
vt 0.17484021186828613 0.77631670236587524
vt 0.16553968191146851 0.77331656217575073
vt 0.17484021186828613 0.77331656217575073
vt 0.14693865180015564 0.78231704235076904
vt 0.16553968191146851 0.78231704235076904
vt 0.17484021186828613 0.78231704235076904
vt 0.16553968191146851 0.77931690216064453
vt 0.17484021186828613 0.77931690216064453
vt 0.16553968191146851 0.78531724214553833
vt 0.17484021186828613 0.78531724214553833
vt 0.17418499290943146 0.74553477764129639
vt 0.17018994688987732 0.74624353647232056
vt 0.16553968191146851 0.74472945928573608
vt 0.17018994688987732 0.74321538209915161
vt 0.17018994688987732 0.74472945928573608
vt 0.15623916685581207 0.74624353647232056
vt 0.14693865180015564 0.74321538209915161
vt 0.15623916685581207 0.74321538209915161
vt 0.12833760678768158 0.75229978561401367
vt 0.12833760678768158 0.74624353647232056
vt 0.17251507937908173 0.74624353647232056
vt 0.17018994688987732 0.74548649787902832
vt 0.17251507937908173 0.74472945928573608
vt 0.17251507937908173 0.74548649787902832
vt 0.17484021186828613 0.74775761365890503
vt 0.17018994688987732 0.74927163124084473
vt 0.16553968191146851 0.74775761365890503
vt 0.17018994688987732 0.74775761365890503
vt 0.15623916685581207 0.75229978561401367
vt 0.14693865180015564 0.74927163124084473
vt 0.15623916685581207 0.74927163124084473
vt 0.12380538880825043 0.78296917676925659
vt 0.1249224841594696 0.7803308367729187
vt 0.12581154704093933 0.77762055397033691
vt 0.12641336023807526 0.77496457099914551
vt 0.12674923241138458 0.77227151393890381
vt 0.12680569291114807 0.76959055662155151
vt 0.12658709287643433 0.7669222354888916
vt 0.1260821670293808 0.76421749591827393
vt 0.1253155916929245 0.76157307624816895
vt 0.12424594908952713 0.75885152816772461
vt 0.12294779717922211 0.75622427463531494
vt 0.11951866745948792 0.75087583065032959
vt 0.11508350819349289 0.74552762508392334
vt 0.12833760678768158 0.77631670236587524
vt 0.12833760678768158 0.78231704235076904
vt 0.12833760678768158 0.77931690216064453
vt 0.12833760678768158 0.75830793380737305
vt 0.12833760678768158 0.75530385971069336
vt 0.39398974180221558 0.24652847647666931
vt 0.39398974180221558 0.2765229344367981
vt 0.39398974180221558 0.30651739239692688
vt 0.39398974180221558 0.33651185035705566
vt 0.39398974180221558 0.36650627851486206
vt 0.39398974180221558 0.39650073647499084
vt 0.39398974180221558 0.42649519443511963
vt 0.4269116222858429 0.24652847647666931
vt 0.4269116222858429 0.2765229344367981
vt 0.4269116222858429 0.30651739239692688
vt 0.4269116222858429 0.33651185035705566
vt 0.4269116222858429 0.36650627851486206
vt 0.4269116222858429 0.39650073647499084
vt 0.4269116222858429 0.42649519443511963
vt 0.45983350276947021 0.24652847647666931
vt 0.45983350276947021 0.2765229344367981
vt 0.45983350276947021 0.30651739239692688
vt 0.45983350276947021 0.33651185035705566
vt 0.45983350276947021 0.36650627851486206
vt 0.45983350276947021 0.39650073647499084
vt 0.45983350276947021 0.42649519443511963
vt 0.49275535345077515 0.24652847647666931
vt 0.49275535345077515 0.2765229344367981
vt 0.49275535345077515 0.30651739239692688
vt 0.49275535345077515 0.33651185035705566
vt 0.49275535345077515 0.36650627851486206
vt 0.49275535345077515 0.39650073647499084
vt 0.49275535345077515 0.42649519443511963
vt 0.52567726373672485 0.24652847647666931
vt 0.52567726373672485 0.2765229344367981
vt 0.52567726373672485 0.30651739239692688
vt 0.52567726373672485 0.33651185035705566
vt 0.52567726373672485 0.36650627851486206
vt 0.52567726373672485 0.39650073647499084
vt 0.52567726373672485 0.42649519443511963
vt 0.55859911441802979 0.24652847647666931
vt 0.55859911441802979 0.2765229344367981
vt 0.55859911441802979 0.30651739239692688
vt 0.55859911441802979 0.33651185035705566
vt 0.55859911441802979 0.36650627851486206
vt 0.55859911441802979 0.39650073647499084
vt 0.55859911441802979 0.42649519443511963
vt 0.59152096509933472 0.24652847647666931
vt 0.59152096509933472 0.2765229344367981
vt 0.59152096509933472 0.30651739239692688
vt 0.59152096509933472 0.33651185035705566
vt 0.59152096509933472 0.36650627851486206
vt 0.59152096509933472 0.39650073647499084
vt 0.59152096509933472 0.42649519443511963
vt 0.3914334774017334 0.21653401851654053
vt 0.41394945979118347 0.21653401851654053
vt 0.43646544218063354 0.21653401851654053
vt 0.45898139476776123 0.21653401851654053
vt 0.4814973771572113 0.21653401851654053
vt 0.50401335954666138 0.21653401851654053
vt 0.52652931213378906 0.21653401851654053
vt 0.54904526472091675 0.21653401851654053
vt 0.57156127691268921 0.21653401851654053
vt 0.59407722949981689 0.21653401851654053
vt 0.59407722949981689 0.45648965239524841
vt 0.57156127691268921 0.45648965239524841
vt 0.54904526472091675 0.45648965239524841
vt 0.52652931213378906 0.45648965239524841
vt 0.50401335954666138 0.45648965239524841
vt 0.4814973771572113 0.45648965239524841
vt 0.45898139476776123 0.45648965239524841
vt 0.43646544218063354 0.45648965239524841
vt 0.41394945979118347 0.45648965239524841
vt 0.3914334774017334 0.45648965239524841
vt 0.36106786131858826 0.4190649688243866
vt 0.36106786131858826 0.39842671155929565
vt 0.36106786131858826 0.37778839468955994
vt 0.36106786131858826 0.35715013742446899
vt 0.36106786131858826 0.33651185035705566
vt 0.36106786131858826 0.31587356328964233
vt 0.36106786131858826 0.295235276222229
vt 0.36106786131858826 0.27459698915481567
vt 0.36106786131858826 0.25395870208740234
vt 0.36144810914993286 0.24651023745536804
vt 0.36260321736335754 0.23971550166606903
vt 0.36454492807388306 0.23368072509765625
vt 0.36578628420829773 0.23101869225502014
vt 0.36726957559585571 0.2284824401140213
vt 0.36890056729316711 0.226241335272789
vt 0.37075743079185486 0.22418175637722015
vt 0.37277260422706604 0.22238682210445404
vt 0.37497332692146301 0.22082209587097168
vt 0.37735643982887268 0.21949572861194611
vt 0.37986770272254944 0.21842771768569946
vt 0.38258853554725647 0.21758495271205902
vt 0.38537845015525818 0.21700321137905121
vt 0.39398974180221558 0.26152569055557251
vt 0.37752881646156311 0.2765229344367981
vt 0.37752881646156311 0.24652847647666931
vt 0.37752881646156311 0.26152569055557251
vt 0.39398974180221558 0.23153124749660492
vt 0.37752881646156311 0.23153124749660492
vt 0.37752881646156311 0.23902986943721771
vt 0.36929833889007568 0.24652847647666931
vt 0.36929833889007568 0.23153124749660492
vt 0.36929833889007568 0.23902986943721771
vt 0.37752881646156311 0.22403264045715332
vt 0.39398974180221558 0.22403264045715332
vt 0.38575926423072815 0.23153124749660492
vt 0.38575926423072815 0.22403264045715332
vt 0.4269116222858429 0.23153124749660492
vt 0.41045066714286804 0.24652847647666931
vt 0.41045066714286804 0.23153124749660492
vt 0.6001322865486145 0.21700321137905121
vt 0.60292220115661621 0.21758495271205902
vt 0.60564303398132324 0.21842771768569946
vt 0.608154296875 0.21949572861194611
vt 0.61053740978240967 0.22082209587097168
vt 0.61273813247680664 0.22238682210445404
vt 0.61475330591201782 0.22418175637722015
vt 0.61661016941070557 0.226241335272789
vt 0.61824113130569458 0.2284824401140213
vt 0.61972445249557495 0.23101869225502014
vt 0.62096577882766724 0.23368072509765625
vt 0.62290751934051514 0.23971550166606903
vt 0.62406259775161743 0.24651023745536804
vt 0.62444287538528442 0.25395870208740234
vt 0.60798192024230957 0.24652847647666931
vt 0.59152096509933472 0.23153124749660492
vt 0.60798192024230957 0.23153124749660492
vt 0.60798192024230957 0.22403264045715332
vt 0.59975147247314453 0.23153124749660492
vt 0.59152096509933472 0.22403264045715332
vt 0.59975147247314453 0.22403264045715332
vt 0.57506006956100464 0.24652847647666931
vt 0.55859911441802979 0.23153124749660492
vt 0.57506006956100464 0.23153124749660492
vt 0.61621236801147461 0.23153124749660492
vt 0.61621236801147461 0.24652847647666931
vt 0.60798192024230957 0.23902986943721771
vt 0.61621236801147461 0.23902986943721771
vt 0.60798192024230957 0.2765229344367981
vt 0.59152096509933472 0.26152569055557251
vt 0.60798192024230957 0.26152569055557251
vt 0.62444287538528442 0.27459698915481567
vt 0.62444287538528442 0.295235276222229
vt 0.62444287538528442 0.31587356328964233
vt 0.62444287538528442 0.33651185035705566
vt 0.62444287538528442 0.35715013742446899
vt 0.62444287538528442 0.37778839468955994
vt 0.62444287538528442 0.39842671155929565
vt 0.62444287538528442 0.4190649688243866
vt 0.62406259775161743 0.4265134334564209
vt 0.62290751934051514 0.4333081841468811
vt 0.62096577882766724 0.43934294581413269
vt 0.61972445249557495 0.4420049786567688
vt 0.61824113130569458 0.44454124569892883
vt 0.61661016941070557 0.44678235054016113
vt 0.61475330591201782 0.44884192943572998
vt 0.61273813247680664 0.45063683390617371
vt 0.61053740978240967 0.45220157504081726
vt 0.608154296875 0.45352795720100403
vt 0.60564303398132324 0.45459595322608948
vt 0.60292220115661621 0.45543870329856873
vt 0.6001322865486145 0.45602047443389893
vt 0.60798192024230957 0.42649519443511963
vt 0.59152096509933472 0.41149798035621643
vt 0.60798192024230957 0.39650073647499084
vt 0.60798192024230957 0.41149798035621643
vt 0.59152096509933472 0.44149240851402283
vt 0.60798192024230957 0.44149240851402283
vt 0.61621236801147461 0.44149240851402283
vt 0.60798192024230957 0.43399381637573242
vt 0.61621236801147461 0.42649519443511963
vt 0.61621236801147461 0.43399381637573242
vt 0.60798192024230957 0.44899103045463562
vt 0.59152096509933472 0.44899103045463562
vt 0.59975147247314453 0.44149240851402283
vt 0.59975147247314453 0.44899103045463562
vt 0.55859911441802979 0.44149240851402283
vt 0.57506006956100464 0.42649519443511963
vt 0.57506006956100464 0.44149240851402283
vt 0.38537845015525818 0.45602047443389893
vt 0.38258853554725647 0.45543870329856873
vt 0.37986770272254944 0.45459595322608948
vt 0.37735643982887268 0.45352795720100403
vt 0.37497332692146301 0.45220157504081726
vt 0.37277260422706604 0.45063683390617371
vt 0.37075743079185486 0.44884192943572998
vt 0.36890056729316711 0.44678235054016113
vt 0.36726957559585571 0.44454124569892883
vt 0.36578628420829773 0.4420049786567688
vt 0.36454492807388306 0.43934294581413269
vt 0.36260321736335754 0.4333081841468811
vt 0.36144810914993286 0.4265134334564209
vt 0.39398974180221558 0.44149240851402283
vt 0.37752881646156311 0.42649519443511963
vt 0.37752881646156311 0.44149240851402283
vt 0.39398974180221558 0.44899103045463562
vt 0.37752881646156311 0.44899103045463562
vt 0.38575926423072815 0.44149240851402283
vt 0.38575926423072815 0.44899103045463562
vt 0.4269116222858429 0.44149240851402283
vt 0.41045066714286804 0.42649519443511963
vt 0.41045066714286804 0.44149240851402283
vt 0.36929833889007568 0.44149240851402283
vt 0.37752881646156311 0.43399381637573242
vt 0.36929833889007568 0.42649519443511963
vt 0.36929833889007568 0.43399381637573242
vt 0.39398974180221558 0.41149798035621643
vt 0.37752881646156311 0.39650073647499084
vt 0.37752881646156311 0.41149798035621643
vt 0.030177557840943336 0.53612858057022095
vt 0.015088778920471668 0.53612858057022095
vt 0 0.53612858057022095
vt 0.030177557840943336 0.54137319326400757
vt 0 0.54137319326400757
vt 0.030177557840943336 0.54644912481307983
vt 0 0.54644912481307983
vt 0.030177557840943336 0.55144315958023071
vt 0 0.55144315958023071
vt 0.030177557840943336 0.55638033151626587
vt 0 0.55638033151626587
vt 0.030177557840943336 0.5613175630569458
vt 0 0.5613175630569458
vt 0.030177557840943336 0.56625479459762573
vt 0 0.56625479459762573
vt 0.030177557840943336 0.57119196653366089
vt 0.030177557840943336 0.57612919807434082
vt 0.015088778920471668 0.57612919807434082
vt 0 0.57612919807434082
vt 0.015088778920471668 0.54644912481307983
vt 0.015088778920471668 0.55144315958023071
vt 0.015088778920471668 0.55638033151626587
vt 0.015088778920471668 0.5613175630569458
vt 0.015088778920471668 0.56625479459762573
vt 0.015088778920471668 0.57119196653366089
vt 0.11152233928442001 0.53612858057022095
vt 0.096433565020561218 0.53612858057022095
vt 0.081344783306121826 0.53612858057022095
vt 0.11152233928442001 0.54137319326400757
vt 0.081344783306121826 0.54137319326400757
vt 0.11152233928442001 0.54644912481307983
vt 0.081344783306121826 0.54644912481307983
vt 0.11152233928442001 0.55144315958023071
vt 0.081344783306121826 0.55144315958023071
vt 0.11152233928442001 0.55638033151626587
vt 0.081344783306121826 0.55638033151626587
vt 0.11152233928442001 0.5613175630569458
vt 0.081344783306121826 0.5613175630569458
vt 0.11152233928442001 0.56625479459762573
vt 0.081344783306121826 0.56625479459762573
vt 0.11152233928442001 0.57119196653366089
vt 0.081344783306121826 0.57119196653366089
vt 0.11152233928442001 0.57612919807434082
vt 0.096433565020561218 0.57612919807434082
vt 0.081344783306121826 0.57612919807434082
vt 0.096433565020561218 0.54644912481307983
vt 0.096433565020561218 0.55144315958023071
vt 0.096433565020561218 0.55638033151626587
vt 0.096433565020561218 0.5613175630569458
vt 0.096433565020561218 0.56625479459762573
vt 0.096433565020561218 0.57119196653366089
vt 0.030177557840943336 0.45795449614524841
vt 0.015088778920471668 0.45795449614524841
vt 0 0.45795449614524841
vt 0.030177557840943336 0.46319907903671265
vt 0 0.46319907903671265
vt 0.030177557840943336 0.46827501058578491
vt 0 0.46827501058578491
vt 0.030177557840943336 0.47326904535293579
vt 0 0.47326904535293579
vt 0.030177557840943336 0.47820624709129333
vt 0 0.47820624709129333
vt 0.030177557840943336 0.48314344882965088
vt 0 0.48314344882965088
vt 0.030177557840943336 0.48808068037033081
vt 0 0.48808068037033081
vt 0.030177557840943336 0.49301788210868835
vt 0 0.49301788210868835
vt 0.030177557840943336 0.4979550838470459
vt 0.015088778920471668 0.4979550838470459
vt 0 0.4979550838470459
vt 0.015088778920471668 0.46827501058578491
vt 0.015088778920471668 0.47326904535293579
vt 0.015088778920471668 0.47820624709129333
vt 0.015088778920471668 0.48314344882965088
vt 0.015088778920471668 0.48808068037033081
vt 0.015088778920471668 0.49301788210868835
vt 0.11152233928442001 0.45795449614524841
vt 0.096433565020561218 0.45795449614524841
vt 0.081344783306121826 0.45795449614524841
vt 0.11152233928442001 0.46319907903671265
vt 0.081344783306121826 0.46319907903671265
vt 0.11152233928442001 0.46827501058578491
vt 0.081344783306121826 0.46827501058578491
vt 0.11152233928442001 0.47326904535293579
vt 0.081344783306121826 0.47326904535293579
vt 0.11152233928442001 0.47820624709129333
vt 0.081344783306121826 0.47820624709129333
vt 0.11152233928442001 0.48314344882965088
vt 0.081344783306121826 0.48314344882965088
vt 0.11152233928442001 0.48808068037033081
vt 0.081344783306121826 0.48808068037033081
vt 0.11152233928442001 0.49301788210868835
vt 0.11152233928442001 0.4979550838470459
vt 0.096433565020561218 0.4979550838470459
vt 0.081344783306121826 0.4979550838470459
vt 0.096433565020561218 0.46827501058578491
vt 0.096433565020561218 0.47326904535293579
vt 0.096433565020561218 0.47820624709129333
vt 0.096433565020561218 0.48314344882965088
vt 0.096433565020561218 0.48808068037033081
vt 0.096433565020561218 0.49301788210868835
vt 0.083147086203098297 0.74018728733062744
vt 0.087660185992717743 0.74060148000717163
vt 0.092278629541397095 0.74192869663238525
vt 0.096732661128044128 0.74423110485076904
vt 0.1007268875837326 0.74745911359786987
vt 0.10399734228849411 0.75144380331039429
vt 0.10638796538114548 0.7559775710105896
vt 0.10780894011259079 0.76078683137893677
vt 0.10827173292636871 0.76565182209014893
vt 0.054135866463184357 0.89795821905136108
vt 0.054135866463184357 0.81907278299331665
vt 0.081203795969486237 0.81907278299331665
vt 0.054135866463184357 0.77963000535964966
vt 0.081203795969486237 0.77963000535964966
vt 0.094737768173217773 0.77963000535964966
vt 0.081203795969486237 0.75990867614746094
vt 0.094737768173217773 0.75990867614746094
vt 0.094737768173217773 0.75004798173904419
vt 0.087970778346061707 0.75990867614746094
vt 0.081203795969486237 0.75004798173904419
vt 0.087970778346061707 0.75004798173904419
vt 0.067669831216335297 0.77963000535964966
vt 0.054135866463184357 0.75990867614746094
vt 0.067669831216335297 0.75990867614746094
vt 0.027067933231592178 0.81907278299331665
vt 0.027067933231592178 0.77963000535964966
vt 0.10150475054979324 0.75990867614746094
vt 0.10150475054979324 0.75004798173904419
vt 0.10150475054979324 0.77963000535964966
vt 0.094737768173217773 0.76976937055587769
vt 0.10150475054979324 0.76976937055587769
vt 0.094737768173217773 0.81907278299331665
vt 0.081203795969486237 0.79935139417648315
vt 0.094737768173217773 0.79935139417648315
vt 0.054135866463184357 0.85851550102233887
vt 0.081203795969486237 0.85851550102233887
vt 0.10827173292636871 0.8724936842918396
vt 0.10786306858062744 0.87706786394119263
vt 0.10655355453491211 0.8817487359046936
vt 0.10428188741207123 0.88626307249069214
vt 0.10109697282314301 0.89031130075454712
vt 0.097165457904338837 0.89362603425979614
vt 0.092692196369171143 0.89604902267456055
vt 0.087947160005569458 0.89748919010162354
vt 0.083147086203098297 0.89795821905136108
vt 0.081203795969486237 0.87823688983917236
vt 0.094737768173217773 0.85851550102233887
vt 0.094737768173217773 0.87823688983917236
vt 0.10150475054979324 0.87823688983917236
vt 0.094737768173217773 0.86837619543075562
vt 0.10150475054979324 0.85851550102233887
vt 0.10150475054979324 0.86837619543075562
vt 0.081203795969486237 0.83879411220550537
vt 0.094737768173217773 0.83879411220550537
vt 0.094737768173217773 0.88809758424758911
vt 0.081203795969486237 0.88809758424758911
vt 0.087970778346061707 0.87823688983917236
vt 0.087970778346061707 0.88809758424758911
vt 0.054135866463184357 0.87823688983917236
vt 0.067669831216335297 0.85851550102233887
vt 0.067669831216335297 0.87823688983917236
vt 0.027067933231592178 0.85851550102233887
vt 0.025124641135334969 0.89795821905136108
vt 0.020611545071005821 0.89754402637481689
vt 0.015993103384971619 0.89621680974960327
vt 0.011539069004356861 0.89391440153121948
vt 0.0075448392890393734 0.89068639278411865
vt 0.004274388775229454 0.88670170307159424
vt 0.0018837632378563285 0.88216793537139893
vt 0.00046279057278297842 0.87735867500305176
vt 0 0.8724936842918396
vt 0.027067933231592178 0.87823688983917236
vt 0.013533966615796089 0.85851550102233887
vt 0.013533966615796089 0.87823688983917236
vt 0.027067933231592178 0.88809758424758911
vt 0.013533966615796089 0.88809758424758911
vt 0.020300948992371559 0.87823688983917236
vt 0.020300948992371559 0.88809758424758911
vt 0.040601897984743118 0.85851550102233887
vt 0.040601897984743118 0.87823688983917236
vt 0.0067669833078980446 0.87823688983917236
vt 0.0067669833078980446 0.88809758424758911
vt 0.013533966615796089 0.86837619543075562
vt 0.0067669833078980446 0.85851550102233887
vt 0.0067669833078980446 0.86837619543075562
vt 0.027067933231592178 0.83879411220550537
vt 0.013533966615796089 0.81907278299331665
vt 0.013533966615796089 0.83879411220550537
vt 0 0.76565182209014893
vt 0.00040866350173018873 0.76107770204544067
vt 0.0017181760631501675 0.75639677047729492
vt 0.003989840392023325 0.75188249349594116
vt 0.0071747619658708572 0.74783420562744141
vt 0.011106276884675026 0.74451953172683716
vt 0.015579528175294399 0.74209654331207275
vt 0.020324565470218658 0.74065631628036499
vt 0.025124641135334969 0.74018728733062744
vt 0.027067933231592178 0.75990867614746094
vt 0.013533966615796089 0.77963000535964966
vt 0.013533966615796089 0.75990867614746094
vt 0.013533966615796089 0.76976937055587769
vt 0.0067669833078980446 0.77963000535964966
vt 0.0067669833078980446 0.75990867614746094
vt 0.0067669833078980446 0.76976937055587769
vt 0.027067933231592178 0.79935139417648315
vt 0.013533966615796089 0.79935139417648315
vt 0.013533966615796089 0.75004798173904419
vt 0.027067933231592178 0.75004798173904419
vt 0.020300948992371559 0.75990867614746094
vt 0.020300948992371559 0.75004798173904419
vt 0.040601897984743118 0.77963000535964966
vt 0.040601897984743118 0.75990867614746094
vt 0 0.81907278299331665
vt 0.10827173292636871 0.81907278299331665
vt 0.054135866463184357 0.74018728733062744
vt 0.35555669665336609 0.45795449614524841
vt 0.3253791332244873 0.45795449614524841
vt 0.35555669665336609 0.5647963285446167
vt 0.3253791332244873 0.5647963285446167
vt 0.35555669665336609 0.51137542724609375
vt 0.3404679000377655 0.45795449614524841
vt 0.3404679000377655 0.5647963285446167
vt 0.3253791332244873 0.53808587789535522
vt 0.3253791332244873 0.51137542724609375
vt 0.3253791332244873 0.48466494679450989
vt 0.19286713004112244 0.49238908290863037
vt 0.16268956661224365 0.49238908290863037
vt 0.19286713004112244 0.55119651556015015
vt 0.16268956661224365 0.55119651556015015
vt 0.19286713004112244 0.52179282903671265
vt 0.17777834832668304 0.49238908290863037
vt 0.17777834832668304 0.55119651556015015
vt 0.16268956661224365 0.52179282903671265
vt 0.27421191334724426 0.49238908290863037
vt 0.24403434991836548 0.49238908290863037
vt 0.27421191334724426 0.59923094511032104
vt 0.24403434991836548 0.59923094511032104
vt 0.27421191334724426 0.54580998420715332
vt 0.25912311673164368 0.49238908290863037
vt 0.24403434991836548 0.54580998420715332
vt 0.25912311673164368 0.59923094511032104
vt 0.24403434991836548 0.57252043485641479
vt 0.24403434991836548 0.51909953355789185
vt 0.16268956661224365 0.45795449614524841
vt 0.16268956661224365 0.4881320595741272
vt 0.22149701416492462 0.45795449614524841
vt 0.22149701416492462 0.4881320595741272
vt 0.19209329783916473 0.45795449614524841
vt 0.22149701416492462 0.47304326295852661
vt 0.16268956661224365 0.47304326295852661
vt 0.19209329783916473 0.4881320595741272
vn -1 0 0
vn -1 0 0
vn -1 0 0
vn -1 0 0
vn -1 0 0
vn -1 0 0
vn -1 0 0
vn -1 0 0
vn -1 0 0
vn -1 0 0
vn -1 0 0
vn -1 0 0
vn -1 0 0
vn -1 0 0
vn -1 0 0
vn -1 0 0
vn -1 0 0
vn -1 0 0
vn -1 0 0
vn -1 0 0
vn -1 0 0
vn -1 0 0
vn -1 0 0
vn -1 0 0
vn -1 0 0
vn -1 0 0
vn -1 0 0
vn -1 0 0
vn -1 0 0
vn -1 0 0
vn -1 0 0
vn -1 0 0
vn -1 0 0
vn -1 0 0
vn -1 0 0
vn -1 0 0
vn -1 0 0
vn -1 0 0
vn -1 0 0
vn -1 0 0
vn -1 0 0
vn -1 0 0
vn -1 0 0
vn -1 0 0
vn -1 0 0
vn -1 0 0
vn -1 0 0
vn -1 0 0
vn -1 0 0
vn -1 0 0
vn -1 0 0
vn -1 0 0
vn -1 0 0
vn -1 0 0
vn -1 0 0
vn -1 0 0
vn 0 0.99060213565826416 -0.13677486777305603
vn 0 0.99060213565826416 -0.13677486777305603
vn 0 0.99060213565826416 -0.13677486777305603
vn 0 0.99060213565826416 -0.13677486777305603
vn 0 0.99060213565826416 -0.13677486777305603
vn 0 0.99060213565826416 -0.13677486777305603
vn 0 0.99060213565826416 -0.13677486777305603
vn 0 0.99060213565826416 -0.13677486777305603
vn 0 0.99060213565826416 -0.13677486777305603
vn 0 0.99060213565826416 -0.13677486777305603
vn 0 0.99060213565826416 -0.13677486777305603
vn 0 0.99060213565826416 -0.13677486777305603
vn 0 0.99060213565826416 -0.13677486777305603
vn 0 0.99060213565826416 -0.13677486777305603
vn 0 0.99060213565826416 -0.13677486777305603
vn 0 0.99060213565826416 -0.13677486777305603
vn 0 0.99060213565826416 -0.13677486777305603
vn 0 0.99060213565826416 -0.13677486777305603
vn 0 0.99060213565826416 -0.13677486777305603
vn 0 0.99060213565826416 -0.13677486777305603
vn 0 0.99060213565826416 -0.13677486777305603
vn 0 0.99060213565826416 -0.13677486777305603
vn 0 0.99060213565826416 -0.13677486777305603
vn 0 0.99060213565826416 -0.13677486777305603
vn 1 0 0
vn 1 0 0
vn 1 0 0
vn 1 0 0
vn 1 0 0
vn 1 0 0
vn 1 0 0
vn 1 0 0
vn 1 0 0
vn 1 0 0
vn 1 0 0
vn 1 0 0
vn 1 0 0
vn 1 0 0
vn 1 0 0
vn 1 0 0
vn 1 0 0
vn 1 0 0
vn 1 0 0
vn 1 0 0
vn 1 0 0
vn 1 0 0
vn 1 0 0
vn 1 0 0
vn 1 0 0
vn 1 0 0
vn 1 0 0
vn 1 0 0
vn 1 0 0
vn 1 0 0
vn 1 0 0
vn 1 0 0
vn 1 0 0
vn 1 0 0
vn 1 0 0
vn 1 0 0
vn 1 0 0
vn 1 0 0
vn 1 0 0
vn 1 0 0
vn 1 0 0
vn 1 0 0
vn 1 0 0
vn 1 0 0
vn 1 0 0
vn 1 0 0
vn 1 0 0
vn 1 0 0
vn 1 0 0
vn 1 0 0
vn 1 0 0
vn 1 0 0
vn 1 0 0
vn 1 0 0
vn 1 0 0
vn 1 0 0
vn 0 -1 0
vn 0 -1 0
vn 0 -1 0
vn 0 -1 0
vn 0 -1 0
vn 0 -1 0
vn 0 -1 0
vn 0 -1 0
vn 0 -1 0
vn 0 -1 0
vn 0 -1 0
vn 0 -1 0
vn 0 -1 0
vn 0 -1 0
vn 0 -1 0
vn 0 -1 0
vn 0 -1 0
vn 0 -1 0
vn 0 -1 0
vn 0 -1 0
vn 0 -1 0
vn 0 -1 0
vn 0 -1 0
vn 0 -1 0
vn 0 -1 0
vn 0 -1 0
vn 0 -1 0
vn 0 -1 0
vn 0 -1 0
vn 0 -1 0
vn 0 -1 0
vn 0 -1 0
vn 0 -1 0
vn 0 -1 0
vn 0 -1 0
vn 0 -1 0
vn 0 -1 0
vn 0 -1 0
vn 0 -1 0
vn 0 -1 0
vn 0 -1 0
vn 0 -1 0
vn 0 -1 0
vn 0 -1 0
vn 0 -1 0
vn 0 -1 0
vn 0 -1 0
vn 0 -1 0
vn 0 -1 0
vn 0 -1 0
vn 0 -1 0
vn 0 -1 0
vn 0 -1 0
vn 0 -1 0
vn 0 -1 0
vn 0 -1 0
vn 0 -1 0
vn 0 -1 0
vn 0 -1 0
vn 0 -1 0
vn 0 -1 0
vn 0 -1 0
vn 0 -1 0
vn 0 -1 0
vn 0 -1 0
vn 0 -1 0
vn 0 -1 0
vn 0 -1 0
vn 0 -1 0
vn 0 -1 0
vn 0 -1 0
vn 0 -1 0
vn 0 -1 0
vn 0 -1 0
vn 0 -1 0
vn 0 -1 0
vn 0 -1 0
vn 0 -1 0
vn 0 -1 0
vn 0 -1 0
vn 0 -1 0
vn 0 -1 0
vn 0 -1 0
vn 0 -1 0
vn 0 -1 0
vn 0 -1 0
vn 0 -1 0
vn 0 -1 0
vn 0 -1 0
vn 0 -1 0
vn 0 -1 0
vn 0 -1 0
vn 0 -1 0
vn 0 -1 0
vn 0 -1 0
vn 0 -1 0
vn 0 -1 0
vn 0 -1 0
vn 0 -1 0
vn 0 -1 0
vn 0 -1 0
vn 0 -1 0
vn 0 -1 0
vn 0 -1 0
vn 0 -1 0
vn 0 -1 0
vn 0 -1 0
vn 0 -1 0
vn 0 -1 0
vn 0 -1 0
vn 0 -1 0
vn 0 -1 0
vn 0 -1 0
vn 0 -1 0
vn 0 -1 0
vn 0 -1 0
vn 0 -1 0
vn 0 -1 0
vn 0 -1 0
vn 0 -1 0
vn 0 -1 0
vn 0 -1 0
vn 0 -1 0
vn 0 -1 0
vn 0 -1 0
vn 0 -1 0
vn 0 -1 0
vn 0 -1 0
vn 0 -1 0
vn 0 -1 0
vn 0 -1 0
vn 0 -1 0
vn 0 -1 0
vn 0 -1 0
vn 0 -1 0
vn 0 -1 0
vn 0 -1 0
vn 0 -1 0
vn 0 -1 0
vn 0 -1 0
vn 0 -1 0
vn 0 -1 0
vn 0 -1 0
vn 0 -1 0
vn 0 -1 0
vn 0 -1 0
vn 0 -1 0
vn 0 -1 0
vn 0 -1 0
vn 0 -1 0
vn 0 -1 0
vn 0 -1 0
vn 0 -1 0
vn 0 -1 0
vn 0 -1 0
vn 0 -1 0
vn 0 -1 0
vn 0 -1 0
vn 0 -1 0
vn 0 -1 0
vn 0 -1 0
vn 0 -1 0
vn 0 -1 0
vn 0 -1 0
vn 0 -1 0
vn 0 -1 0
vn 0 -1 0
vn 0 -1 0
vn 0 -1 0
vn 0 -1 0
vn 0 -1 0
vn 0 -1 0
vn 0 -1 0
vn 0 -1 0
vn 0 -1 0
vn 0 -1 0
vn 0 -1 0
vn 0 -1 0
vn 0 -1 0
vn 0 -1 0
vn 0 -1 0
vn 0 -1 0
vn 0 -1 0
vn 0 -1 0
vn 0 -1 0
vn 0 -1 0
vn -1 0 0
vn -0.97613704204559326 0.21545030176639557 -0.027158645913004875
vn -0.9051978588104248 0.42150533199310303 -0.054314788430929184
vn -0.7928239107131958 0.6042485237121582 -0.079460650682449341
vn -0.65049803256988525 0.75279659032821655 -0.10074527561664581
vn -0.48997479677200317 0.86381810903549194 -0.11723035573959351
vn -0.32283356785774231 0.93768978118896484 -0.12851582467556
vn -0.15764488279819489 0.97824758291244507 -0.1348324716091156
vn 0 0.99060213565826416 -0.13677486777305603
vn -1 0 0
vn -0.97692912817001343 0.21188707649707794 -0.026709480211138725
vn -0.9080207347869873 0.41548985242843628 -0.053539641201496124
vn -0.79793369770050049 0.59760022163391113 -0.078586384654045105
vn -0.65704429149627686 0.74719059467315674 -0.099995039403438568
vn -0.49650189280509949 0.86015075445175171 -0.1167326495051384
vn -0.32792121171951294 0.93595534563064575 -0.12827809154987335
vn -0.1603551059961319 0.97781515121459961 -0.1347728818655014
vn 0 0.99060213565826416 -0.13677486777305603
vn -1 0 0
vn -0.97768276929855347 0.20843710005283356 -0.02627459354698658
vn -0.9107251763343811 0.40962609648704529 -0.052784040570259094
vn -0.80287700891494751 0.59105598926544189 -0.077725790441036224
vn -0.66344523429870605 0.74161320924758911 -0.099248625338077545
vn -0.50294584035873413 0.85646682977676392 -0.11623269319534302
vn -0.33298048377037048 0.93420040607452393 -0.12803757190704346
vn -0.16306169331073761 0.97737580537796021 -0.13471232354640961
vn 0 0.99060213565826416 -0.13677486777305603
vn -1 0 0
vn -0.97840052843093872 0.20509518682956696 -0.02585332840681076
vn -0.91331726312637329 0.40390917658805847 -0.052047364413738251
vn -0.80766016244888306 0.58461505174636841 -0.07687879353761673
vn -0.66970372200012207 0.73606616258621216 -0.098506279289722443
vn -0.50930702686309814 0.8527677059173584 -0.11573068052530289
vn -0.33801117539405823 0.93242537975311279 -0.1277942955493927
vn -0.16576461493968964 0.97692948579788208 -0.13465079665184021
vn 0 0.99060213565826416 -0.13677486777305603
vn -1 0 0
vn -0.9790845513343811 0.20185647904872894 -0.02544507198035717
vn -0.91580295562744141 0.39833438396453857 -0.051329001784324646
vn -0.81228893995285034 0.57827657461166382 -0.076045259833335876
vn -0.67582273483276367 0.73055118322372437 -0.097768217325210571
vn -0.51558578014373779 0.84905481338500977 -0.11522679775953293
vn -0.34301304817199707 0.93063068389892578 -0.12754832208156586
vn -0.1684638112783432 0.97647625207901001 -0.1345883309841156
vn 0 0.99060213565826416 -0.13677486777305603
vn -1 0 0
vn -0.97973686456680298 0.19871635735034943 -0.025049243122339249
vn -0.91818767786026001 0.39289712905883789 -0.050628364086151123
vn -0.81676924228668213 0.57203954458236694 -0.075225070118904114
vn -0.68180513381958008 0.72506970167160034 -0.097034640610218048
vn -0.52178257703781128 0.84532952308654785 -0.11472122371196747
vn -0.34798592329025269 0.92881679534912109 -0.1272997111082077
vn -0.17115920782089233 0.97601616382598877 -0.13452491164207458
vn 0 0.99060213565826416 -0.13677486777305603
vn -1 0 0
vn -0.98035949468612671 0.195670485496521 -0.024665294215083122
vn -0.92047661542892456 0.38759303092956543 -0.049944881349802017
vn -0.8211064338684082 0.5659029483795166 -0.074418090283870697
vn -0.68765377998352051 0.7196231484413147 -0.096305742859840393
vn -0.52789789438247681 0.84159308671951294 -0.11421415209770203
vn -0.35292959213256836 0.92698401212692261 -0.12704852223396301
vn -0.17385077476501465 0.97554922103881836 -0.13446055352687836
vn 0 0.99060213565826416 -0.13677486777305603
vn -1 0 0
vn -0.98095405101776123 0.19271476566791534 -0.024292711168527603
vn -0.92267453670501709 0.38241779804229736 -0.049278005957603455
vn -0.82530593872070312 0.55986565351486206 -0.073624163866043091
vn -0.69337159395217896 0.71421283483505249 -0.095581695437431335
vn -0.5339321494102478 0.83784693479537964 -0.11370575428009033
vn -0.35784387588500977 0.9251328706741333 -0.12679481506347656
vn -0.17653845250606537 0.97507542371749878 -0.13439525663852692
vn 0 0.99060213565826416 -0.13677486777305603
vn -1 0 0
vn -0.9815223217010498 0.18984533846378326 -0.023931004106998444
vn -0.92478609085083008 0.37736731767654419 -0.048627205193042755
vn -0.82937288284301758 0.55392646789550781 -0.072843141853809357
vn -0.69896131753921509 0.708840012550354 -0.094862654805183411
vn -0.53988593816757202 0.83409219980239868 -0.11319619417190552
vn -0.36272859573364258 0.92326372861862183 -0.12653863430023193
vn -0.17922218143939972 0.9745948314666748 -0.13432902097702026
vn 0 0.99060213565826416 -0.13677486777305603
vn -0.078987598419189453 0.98751497268676758 -0.13629072904586792
vn -0.15900044143199921 0.97803223133087158 -0.13480278849601746
vn -0.078307159245014191 0.98756814002990723 -0.13629806041717529
vn -0.24356159567832947 0.96084320545196533 -0.13212886452674866
vn -0.32538092136383057 0.93682515621185303 -0.12839731574058533
vn -0.24157413840293884 0.96133553981781006 -0.13219656050205231
vn -0.57845723628997803 0.80839753150939941 -0.10899848490953445
vn -0.49324876070022583 0.86198663711547852 -0.11698179692029953
vn -0.65378952026367188 0.74999010562896729 -0.10036969184875488
vn -0.57510638236999512 0.81074219942092896 -0.10931462794542313
vn -0.73073089122772217 0.67673212289810181 -0.089810587465763092
vn -0.79540002346038818 0.60091131925582886 -0.07902180403470993
vn -0.72775852680206299 0.67987245321273804 -0.09022735059261322
vn -0.85775947570800781 0.50974833965301514 -0.06637272983789444
vn -0.90662449598312378 0.41847831010818481 -0.053924728184938431
vn -0.85577583312988281 0.51301634311676025 -0.066798239946365356
vn -0.94824618101119995 0.31498783826828003 -0.040148429572582245
vn -0.97653806209564209 0.21365419030189514 -0.026932235807180405
vn -0.94740760326385498 0.31746101379394531 -0.040463663637638092
vn -0.99438744783401489 0.10498768836259842 -0.013083518482744694
vn -0.99428969621658325 0.1058952659368515 -0.013196620158851147
vn -1 0 0
vn -0.9815223217010498 -0.19133436679840088 0.0022599650546908379
vn -0.92478609085083008 -0.3804718554019928 0.0034441498573869467
vn -0.82937288284301758 -0.55868387222290039 0.0036046428140252829
vn -0.69896131753921509 -0.7151532769203186 0.0029803419020026922
vn -0.53988593816757202 -0.84173589944839478 0.0019504537340253592
vn -0.36272859573364258 -0.93189436197280884 0.00092982087517157197
vn -0.17922218143939972 -0.98380857706069946 0.00023346333182416856
vn 0 -1 0
vn -1 0 0
vn -0.98095405101776123 -0.19422629475593567 0.0022941234055906534
vn -0.92267453670501709 -0.38556388020515442 0.0034902445040643215
vn -0.82530593872070312 -0.56467407941818237 0.0036432917695492506
vn -0.69337159395217896 -0.72057396173477173 0.0030029322952032089
vn -0.5339321494102478 -0.84552502632141113 0.0019592337775975466
vn -0.35784387588500977 -0.9337809681892395 0.00093170325271785259
vn -0.17653845250606537 -0.98429369926452637 0.00023357845202554017
vn 0 -1 0
vn -1 0 0
vn -0.98035949468612671 -0.19720518589019775 0.0023293090052902699
vn -0.92047661542892456 -0.3907817006111145 0.0035374776925891638
vn -0.8211064338684082 -0.5707632303237915 0.0036825791466981173
vn -0.68765377998352051 -0.72603243589401245 0.0030256800819188356
vn -0.52789789438247681 -0.84930557012557983 0.0019679940305650234
vn -0.35292959213256836 -0.93564939498901367 0.00093356758588925004
vn -0.17385077476501465 -0.9847719669342041 0.00023369194241240621
vn 0 -1 0
vn -1 0 0
vn -0.97973686456680298 -0.20027495920658112 0.002365567721426487
vn -0.91818767786026001 -0.39612942934036255 0.0035858871415257454
vn -0.81676924228668213 -0.57695251703262329 0.0037225126288831234
vn -0.68180513381958008 -0.73152750730514526 0.003048580139875412
vn -0.52178257703781128 -0.85307621955871582 0.0019767312332987785
vn -0.34798592329025269 -0.9374992847442627 0.00093541329260915518
vn -0.17115920782089233 -0.98524338006973267 0.00023380380298476666
vn 0 -1 0
vn -1 0 0
vn -0.9790845513343811 -0.20343971252441406 0.0024029486812651157
vn -0.91580295562744141 -0.40161141753196716 0.0036355117335915565
vn -0.81228893995285034 -0.58324307203292847 0.003763099666684866
vn -0.67582273483276367 -0.73705780506134033 0.0030716271139681339
vn -0.51558578014373779 -0.85683566331863403 0.0019854425918310881
vn -0.34301304817199707 -0.93933016061782837 0.00093724014004692435
vn -0.1684638112783432 -0.98570781946182251 0.00023391401919070631
vn 0 -1 0
vn -1 0 0
vn -0.97840052843093872 -0.20670382678508759 0.00244150310754776
vn -0.91331726312637329 -0.40723207592964172 0.0036863915156573057
vn -0.80766016244888306 -0.58963602781295776 0.0038043470121920109
vn -0.66970372200012207 -0.74262189865112305 0.0030948151834309101
vn -0.50930702686309814 -0.86058259010314941 0.0019941248465329409
vn -0.33801117539405823 -0.94114160537719727 0.00093904754612594843
vn -0.16576461493968964 -0.98616534471511841 0.00023402259103022516
vn 0 -1 0
vn -1 0 0
vn -0.97768276929855347 -0.21007193624973297 0.0024812859483063221
vn -0.9107251763343811 -0.41299602389335632 0.0037385686300694942
vn -0.80287700891494751 -0.59613227844238281 0.0038462609518319368
vn -0.66344523429870605 -0.7482183575630188 0.0031181378290057182
vn -0.50294584035873413 -0.86431556940078735 0.0020027749706059694
vn -0.33298048377037048 -0.94293326139450073 0.00094083516160026193
vn -0.16306169331073761 -0.98661583662033081 0.00023412950395140797
vn 0 -1 0
vn -1 0 0
vn -0.97692912817001343 -0.21354897320270538 0.0025223551783710718
vn -0.9080207347869873 -0.41890802979469299 0.0037920859176665545
vn -0.79793369770050049 -0.60273271799087524 0.0038888470735400915
vn -0.65704429149627686 -0.75384539365768433 0.0031415882986038923
vn -0.49650189280509949 -0.86803328990936279 0.002011389471590519
vn -0.32792121171951294 -0.94470459222793579 0.00094260257901623845
vn -0.1603551059961319 -0.98705935478210449 0.00023423475795425475
vn 0 -1 0
vn -1 0 0
vn -0.97613704204559326 -0.21714015305042267 0.0025647727306932211
vn -0.9051978588104248 -0.42497298121452332 0.0038469878491014242
vn -0.7928239107131958 -0.60943806171417236 0.0039321104995906353
vn -0.65049803256988525 -0.75950133800506592 0.0031651589088141918
vn -0.48997479677200317 -0.87173426151275635 0.0020199653226882219
vn -0.32283356785774231 -0.94645529985427856 0.00094434939092025161
vn -0.15764488279819489 -0.98749583959579468 0.00023433833848685026
vn 0 -1 0
vn -0.97653806209564209 -0.21532995998859406 0.0025433914270251989
vn -0.99438744783401489 -0.10579053312540054 0.0013991150772199035
vn -0.99428969621658325 -0.10670504719018936 0.0014112098142504692
vn -0.90662449598312378 -0.42192107439041138 0.003819360863417387
vn -0.94824618101119995 -0.3175189197063446 0.003311297157779336
vn -0.94740760326385498 -0.32001197338104248 0.003337296424433589
vn -0.79540002346038818 -0.60607224702835083 0.0039103939197957516
vn -0.85775947570800781 -0.51403594017028809 0.0039717927575111389
vn -0.85577583312988281 -0.51733142137527466 0.0039972560480237007
vn -0.65378952026367188 -0.75666987895965576 0.0031533590517938137
vn -0.73073089122772217 -0.68265616893768311 0.0035933852195739746
vn -0.72775852680206299 -0.68582397699356079 0.0036100600846111774
vn -0.49324876070022583 -0.86988598108291626 0.002015682402998209
vn -0.57845723628997803 -0.81570857763290405 0.0025943252258002758
vn -0.57510638236999512 -0.81807446479797363 0.0026018498465418816
vn -0.15900044143199921 -0.98727846145629883 0.0002342867519473657
vn -0.24356159567832947 -0.96988528966903687 0.00053206895245239139
vn -0.32538092136383057 -0.94558256864547729 0.00094347860431298614
vn -0.24157413840293884 -0.9703822135925293 0.00053234159713611007
vn -0.078987598419189453 -0.9968755841255188 5.7336983445566148E-05
vn -0.078307159245014191 -0.99692928791046143 5.7340072089573368E-05
vn 0 0.99060213565826416 -0.13677486777305603
vn 0.16775389015674591 0.97660046815872192 -0.13457417488098145
vn 0.33796000480651855 0.93245583772659302 -0.12770712375640869
vn 0.50680190324783325 0.85425108671188354 -0.11578819900751114
vn 0.66604381799697876 0.73934268951416016 -0.098782949149608612
vn 0.80578911304473877 0.58716690540313721 -0.077064134180545807
vn 0.91329258680343628 0.40397664904594421 -0.051957320421934128
vn 0.9789080023765564 0.20270183682441711 -0.025517268106341362
vn 1 0 0
vn 0 0.99060213565826416 -0.13677486777305603
vn 0.17062792181968689 0.97611171007156372 -0.13450682163238525
vn 0.34322521090507507 0.93056619167327881 -0.12744830548763275
vn 0.51340121030807495 0.85037273168563843 -0.11526250839233398
vn 0.67250525951385498 0.73357367515563965 -0.098012164235115051
vn 0.81069004535675049 0.580497145652771 -0.076188743114471436
vn 0.91590756177902222 0.39811000227928162 -0.051202781498432159
vn 0.97961091995239258 0.19933085143566132 -0.02509290911257267
vn 1 0 0
vn 0 0.99060213565826416 -0.13677486777305603
vn 0.17349760234355927 0.97561514377593994 -0.13443839550018311
vn 0.34845826029777527 0.92865514755249023 -0.12718658149242401
vn 0.51991069316864014 0.84648019075393677 -0.11473491042852402
vn 0.67881643772125244 0.72784024477005005 -0.097246125340461731
vn 0.81542623043060303 0.57393878698348999 -0.075327977538108826
vn 0.91841095685958862 0.39239561557769775 -0.050467826426029205
vn 0.98027962446212769 0.19606791436672211 -0.024682151153683662
vn 1 0 0
vn 0 0.99060213565826416 -0.13677486777305603
vn 0.17636287212371826 0.97511082887649536 -0.134368896484375
vn 0.35365891456604004 0.92672336101531982 -0.12692201137542725
vn 0.52633088827133179 0.84257513284683228 -0.11420560628175735
vn 0.68498075008392334 0.72214406728744507 -0.096485055983066559
vn 0.8200041651725769 0.56749063730239868 -0.074481673538684845
vn 0.92080867290496826 0.38682830333709717 -0.049751788377761841
vn 0.98091626167297363 0.19290800392627716 -0.024284364655613899
vn 1 0 0
vn 0 0.99060213565826416 -0.13677486777305603
vn 0.1792236715555191 0.97459882497787476 -0.13429833948612213
vn 0.35882699489593506 0.92477118968963623 -0.12665463984012604
vn 0.53266227245330811 0.83865904808044434 -0.11367479711771011
vn 0.69100135564804077 0.71648657321929932 -0.095729172229766846
vn 0.82442992925643921 0.56115150451660156 -0.073649674654006958
vn 0.92310637235641479 0.38140314817428589 -0.049054037779569626
vn 0.98152285814285278 0.18984642624855042 -0.023898955434560776
vn 1 0 0
vn 0 0.99060213565826416 -0.13677486777305603
vn 0.18207992613315582 0.97407907247543335 -0.1342267245054245
vn 0.36396229267120361 0.92279922962188721 -0.12638457119464874
vn 0.53890544176101685 0.83473330736160278 -0.11314269155263901
vn 0.69688153266906738 0.71086931228637695 -0.094978652894496918
vn 0.82870948314666748 0.55491995811462402 -0.072831794619560242
vn 0.92530924081802368 0.37611538171768188 -0.048373948782682419
vn 0.98210126161575317 0.1868787556886673 -0.023525368422269821
vn 1 0 0
vn 0 0.99060213565826416 -0.13677486777305603
vn 0.18493157625198364 0.97355175018310547 -0.1341540664434433
vn 0.36906459927558899 0.92080789804458618 -0.12611183524131775
vn 0.54506105184555054 0.83079934120178223 -0.11260946840047836
vn 0.70262444019317627 0.70529347658157349 -0.094233669340610504
vn 0.83284842967987061 0.54879456758499146 -0.072027862071990967
vn 0.92742228507995605 0.37096038460731506 -0.04771094024181366
vn 0.98265314102172852 0.18400080502033234 -0.023163074627518654
vn 1 0 0
vn 0 0.99060213565826416 -0.13677486777305603
vn 0.18777856230735779 0.97301679849624634 -0.13408035039901733
vn 0.37413373589515686 0.91879767179489136 -0.12583652138710022
vn 0.55112981796264648 0.8268585205078125 -0.1120753213763237
vn 0.70823323726654053 0.69976025819778442 -0.093494385480880737
vn 0.83685225248336792 0.54277390241622925 -0.071237660944461823
vn 0.92945009469985962 0.36593371629714966 -0.047064438462257385
vn 0.98318010568618774 0.18120862543582916 -0.022811580449342728
vn 1 0 0
vn 0 0.99060213565826416 -0.13677486777305603
vn 0.19062082469463348 0.97247427701950073 -0.1340055912733078
vn 0.37916958332061768 0.91676902770996094 -0.12555868923664093
vn 0.55711233615875244 0.82291227579116821 -0.11154042929410934
vn 0.71371108293533325 0.69427073001861572 -0.092760935425758362
vn 0.84072613716125488 0.53685641288757324 -0.070461012423038483
vn 0.93139702081680298 0.36103111505508423 -0.046433895826339722
vn 0.98368358612060547 0.1784985363483429 -0.022470418363809586
vn 1 0 0
vn 0.99503523111343384 0.098760455846786499 -0.012299266643822193
vn 0.97926384210586548 0.20100250840187073 -0.025303347036242485
vn 0.99494868516921997 0.099615328013896942 -0.012405728921294212
vn 0.95324093103408813 0.29979392886161804 -0.038149241358041763
vn 0.91461443901062012 0.4010239839553833 -0.051577560603618622
vn 0.95247727632522583 0.30217298865318298 -0.038451977074146271
vn 0.86808359622955322 0.4922785758972168 -0.063973560929298401
vn 0.80826056003570557 0.58381801843643188 -0.076624602079391479
vn 0.86621105670928955 0.4955117404460907 -0.064393721520900726
vn 0.74499917030334473 0.66128814220428467 -0.087602682411670685
vn 0.66929352283477783 0.7364538311958313 -0.09839697927236557
vn 0.74210482835769653 0.66447871923446655 -0.088025346398353577
vn 0.59478920698165894 0.79669320583343506 -0.10726507008075714
vn 0.51011282205581665 0.85231375694274902 -0.11552561074495316
vn 0.59144216775894165 0.79913687705993652 -0.1075940728187561
vn 0.25638040900230408 0.95757246017456055 -0.13162101805210114
vn 0.34059661626815796 0.93151372671127319 -0.12757807970046997
vn 0.16919144988059998 0.97635704278945923 -0.13454063236713409
vn 0.25430241227149963 0.95811611413955688 -0.13169574737548828
vn 0.08398883044719696 0.98711091279983521 -0.13622739911079407
vn 0.083265893161296844 0.9871709942817688 -0.13623569905757904
vn 1 0 0
vn 0.97613704204559326 -0.21714015305042267 0.0025647727306932211
vn 0.9051978588104248 -0.42497298121452332 0.0038469878491014242
vn 0.7928239107131958 -0.60943806171417236 0.0039321104995906353
vn 0.65049803256988525 -0.75950133800506592 0.0031651589088141918
vn 0.48997479677200317 -0.87173426151275635 0.0020199653226882219
vn 0.32283356785774231 -0.94645529985427856 0.00094434939092025161
vn 0.15764488279819489 -0.98749583959579468 0.00023433833848685026
vn 0 -1 0
vn 1 0 0
vn 0.97692912817001343 -0.21354897320270538 0.0025223551783710718
vn 0.9080207347869873 -0.41890802979469299 0.0037920859176665545
vn 0.79793369770050049 -0.60273271799087524 0.0038888470735400915
vn 0.65704429149627686 -0.75384539365768433 0.0031415882986038923
vn 0.49650189280509949 -0.86803328990936279 0.002011389471590519
vn 0.32792121171951294 -0.94470459222793579 0.00094260257901623845
vn 0.1603551059961319 -0.98705935478210449 0.00023423475795425475
vn 0 -1 0
vn 1 0 0
vn 0.97768276929855347 -0.21007193624973297 0.0024812859483063221
vn 0.9107251763343811 -0.41299602389335632 0.0037385686300694942
vn 0.80287700891494751 -0.59613227844238281 0.0038462609518319368
vn 0.66344523429870605 -0.7482183575630188 0.0031181378290057182
vn 0.50294584035873413 -0.86431556940078735 0.0020027749706059694
vn 0.33298048377037048 -0.94293326139450073 0.00094083516160026193
vn 0.16306169331073761 -0.98661583662033081 0.00023412950395140797
vn 0 -1 0
vn 1 0 0
vn 0.97840052843093872 -0.20670382678508759 0.00244150310754776
vn 0.91331726312637329 -0.40723207592964172 0.0036863915156573057
vn 0.80766016244888306 -0.58963602781295776 0.0038043470121920109
vn 0.66970372200012207 -0.74262189865112305 0.0030948151834309101
vn 0.50930702686309814 -0.86058259010314941 0.0019941248465329409
vn 0.33801117539405823 -0.94114160537719727 0.00093904754612594843
vn 0.16576461493968964 -0.98616534471511841 0.00023402259103022516
vn 0 -1 0
vn 1 0 0
vn 0.9790845513343811 -0.20343971252441406 0.0024029486812651157
vn 0.91580295562744141 -0.40161141753196716 0.0036355117335915565
vn 0.81228893995285034 -0.58324307203292847 0.003763099666684866
vn 0.67582273483276367 -0.73705780506134033 0.0030716271139681339
vn 0.51558578014373779 -0.85683566331863403 0.0019854425918310881
vn 0.34301304817199707 -0.93933016061782837 0.00093724014004692435
vn 0.1684638112783432 -0.98570781946182251 0.00023391403374262154
vn 0 -1 0
vn 1 0 0
vn 0.97973686456680298 -0.20027495920658112 0.002365567721426487
vn 0.91818767786026001 -0.39612942934036255 0.0035858871415257454
vn 0.81676924228668213 -0.57695251703262329 0.0037225126288831234
vn 0.68180513381958008 -0.73152750730514526 0.003048580139875412
vn 0.52178257703781128 -0.85307621955871582 0.0019767312332987785
vn 0.34798592329025269 -0.9374992847442627 0.00093541329260915518
vn 0.17115920782089233 -0.98524338006973267 0.00023380380298476666
vn 0 -1 0
vn 1 0 0
vn 0.98035949468612671 -0.19720518589019775 0.0023293090052902699
vn 0.92047661542892456 -0.3907817006111145 0.0035374776925891638
vn 0.8211064338684082 -0.5707632303237915 0.0036825791466981173
vn 0.68765377998352051 -0.72603243589401245 0.0030256800819188356
vn 0.52789789438247681 -0.84930557012557983 0.0019679940305650234
vn 0.35292959213256836 -0.93564939498901367 0.00093356758588925004
vn 0.17385077476501465 -0.9847719669342041 0.00023369194241240621
vn 0 -1 0
vn 1 0 0
vn 0.98095405101776123 -0.19422629475593567 0.0022941234055906534
vn 0.92267453670501709 -0.38556388020515442 0.0034902445040643215
vn 0.82530593872070312 -0.56467407941818237 0.0036432917695492506
vn 0.69337159395217896 -0.72057396173477173 0.0030029322952032089
vn 0.5339321494102478 -0.84552502632141113 0.0019592337775975466
vn 0.35784387588500977 -0.9337809681892395 0.00093170325271785259
vn 0.17653845250606537 -0.98429369926452637 0.00023357845202554017
vn 0 -1 0
vn 1 0 0
vn 0.9815223217010498 -0.19133436679840088 0.0022599650546908379
vn 0.92478609085083008 -0.3804718554019928 0.0034441498573869467
vn 0.82937288284301758 -0.55868387222290039 0.0036046428140252829
vn 0.69896131753921509 -0.7151532769203186 0.0029803419020026922
vn 0.53988593816757202 -0.84173589944839478 0.0019504537340253592
vn 0.36272859573364258 -0.93189436197280884 0.00092982087517157197
vn 0.17922218143939972 -0.98380857706069946 0.00023346333182416856
vn 0 -1 0
vn 0.078987598419189453 -0.9968755841255188 5.7336987083544955E-05
vn 0.15900044143199921 -0.98727846145629883 0.0002342867519473657
vn 0.078307159245014191 -0.99692928791046143 5.7340075727552176E-05
vn 0.24356159567832947 -0.96988528966903687 0.00053206895245239139
vn 0.32538092136383057 -0.94558256864547729 0.00094347860431298614
vn 0.24157413840293884 -0.9703822135925293 0.00053234159713611007
vn 0.57845723628997803 -0.81570857763290405 0.0025943252258002758
vn 0.49324876070022583 -0.86988598108291626 0.002015682402998209
vn 0.65378952026367188 -0.75666987895965576 0.0031533590517938137
vn 0.57510638236999512 -0.81807446479797363 0.0026018498465418816
vn 0.73073089122772217 -0.68265616893768311 0.0035933852195739746
vn 0.79540002346038818 -0.60607224702835083 0.0039103939197957516
vn 0.72775852680206299 -0.68582397699356079 0.0036100600846111774
vn 0.85775947570800781 -0.51403594017028809 0.0039717927575111389
vn 0.90662449598312378 -0.42192107439041138 0.003819360863417387
vn 0.85577583312988281 -0.51733142137527466 0.0039972560480237007
vn 0.94824618101119995 -0.3175189197063446 0.003311297157779336
vn 0.97653806209564209 -0.21532995998859406 0.0025433914270251989
vn 0.94740760326385498 -0.32001197338104248 0.003337296424433589
vn 0.99438744783401489 -0.10579053312540054 0.0013991150772199035
vn 0.99428969621658325 -0.10670504719018936 0.0014112098142504692
vn 0 -0.068548671901226044 -0.99764776229858398
vn 0 -0.068548671901226044 -0.99764776229858398
vn 0 -0.068548671901226044 -0.99764776229858398
vn 0 -0.068548671901226044 -0.99764776229858398
vn 0 -0.068548671901226044 -0.99764776229858398
vn 0 -0.068548671901226044 -0.99764776229858398
vn 0 -0.068548671901226044 -0.99764776229858398
vn 0 -0.068548671901226044 -0.99764776229858398
vn 0 -0.068548671901226044 -0.99764776229858398
vn 0 -0.068548671901226044 -0.99764776229858398
vn 0 -0.068548671901226044 -0.99764776229858398
vn 0 -0.068548671901226044 -0.99764776229858398
vn 0 -0.068548671901226044 -0.99764776229858398
vn 0 -0.068548671901226044 -0.99764776229858398
vn 0 -0.068548671901226044 -0.99764776229858398
vn 0 -0.068548671901226044 -0.99764776229858398
vn 0 -0.068548671901226044 -0.99764776229858398
vn 0 -0.068548671901226044 -0.99764776229858398
vn 0 -0.068548671901226044 -0.99764776229858398
vn 0 -0.068548671901226044 -0.99764776229858398
vn 0 -0.068548671901226044 -0.99764776229858398
vn 0 -0.068548671901226044 -0.99764776229858398
vn 0 -0.068548671901226044 -0.99764776229858398
vn 0 -0.068548671901226044 -0.99764776229858398
vn 0 -0.068548671901226044 -0.99764776229858398
vn 0 -0.068548671901226044 -0.99764776229858398
vn 0 -0.068548671901226044 -0.99764776229858398
vn 0 -0.068548671901226044 -0.99764776229858398
vn 0 -0.068548671901226044 -0.99764776229858398
vn 0 -0.068548671901226044 -0.99764776229858398
vn 0 -0.068548671901226044 -0.99764776229858398
vn 0 -0.068548671901226044 -0.99764776229858398
vn 0 -0.068548671901226044 -0.99764776229858398
vn 0 -0.068548671901226044 -0.99764776229858398
vn 0 -0.068548671901226044 -0.99764776229858398
vn 0 -0.068548671901226044 -0.99764776229858398
vn 0 -0.068548671901226044 -0.99764776229858398
vn 0 -0.068548671901226044 -0.99764776229858398
vn 0 -0.068548671901226044 -0.99764776229858398
vn 0 -0.068548671901226044 -0.99764776229858398
vn 0 -0.068548671901226044 -0.99764776229858398
vn 0 -0.068548671901226044 -0.99764776229858398
vn 0 -0.068548671901226044 -0.99764776229858398
vn 0 -0.068548671901226044 -0.99764776229858398
vn 0 -0.068548671901226044 -0.99764776229858398
vn 0 -0.068548671901226044 -0.99764776229858398
vn 0 -0.068548671901226044 -0.99764776229858398
vn 0 -0.068548671901226044 -0.99764776229858398
vn 0 -0.068548671901226044 -0.99764776229858398
vn 0 -0.068548671901226044 -0.99764776229858398
vn 0 -0.068548671901226044 -0.99764776229858398
vn 0 -0.068548671901226044 -0.99764776229858398
vn 0 -0.068548671901226044 -0.99764776229858398
vn 0 -0.068548671901226044 -0.99764776229858398
vn 0 -0.068548671901226044 -0.99764776229858398
vn 0 -0.068548671901226044 -0.99764776229858398
vn 0 -0.068548671901226044 -0.99764776229858398
vn 0 -0.068548671901226044 -0.99764776229858398
vn 0 -0.068548671901226044 -0.99764776229858398
vn 0 -0.068548671901226044 -0.99764776229858398
vn 0 -0.068548671901226044 -0.99764776229858398
vn 0 -0.068548671901226044 -0.99764776229858398
vn 0 -0.068548671901226044 -0.99764776229858398
vn 0 -0.068548671901226044 -0.99764776229858398
vn 0 -0.068548671901226044 -0.99764776229858398
vn 0 -0.068548671901226044 -0.99764776229858398
vn 0 -0.068548671901226044 -0.99764776229858398
vn 0 -0.068548671901226044 -0.99764776229858398
vn 0 -0.068548671901226044 -0.99764776229858398
vn 0 -0.068548671901226044 -0.99764776229858398
vn 0 -0.068548671901226044 -0.99764776229858398
vn 0 -0.068548671901226044 -0.99764776229858398
vn 0 -0.068548671901226044 -0.99764776229858398
vn 0 -0.068548671901226044 -0.99764776229858398
vn 0 -0.068548671901226044 -0.99764776229858398
vn 0 -0.068548671901226044 -0.99764776229858398
vn 0 -0.068548671901226044 -0.99764776229858398
vn 0 -0.068548671901226044 -0.99764776229858398
vn 0 -0.068548671901226044 -0.99764776229858398
vn 0 -0.068548671901226044 -0.99764776229858398
vn 0 -0.068548671901226044 -0.99764776229858398
vn 0 -0.068548671901226044 -0.99764776229858398
vn 0 -0.068548671901226044 -0.99764776229858398
vn 0 -0.068548671901226044 -0.99764776229858398
vn 0 -0.068548671901226044 -0.99764776229858398
vn 0 -0.068548671901226044 -0.99764776229858398
vn 0 -0.068548671901226044 -0.99764776229858398
vn 0 -0.068548671901226044 -0.99764776229858398
vn 0 -0.068548671901226044 -0.99764776229858398
vn 0 -0.068548671901226044 -0.99764776229858398
vn 0 -0.068548671901226044 -0.99764776229858398
vn 0 -0.068548671901226044 -0.99764776229858398
vn 0 -0.068548671901226044 -0.99764776229858398
vn 0 -0.068548671901226044 -0.99764776229858398
vn 0 -0.068548671901226044 -0.99764776229858398
vn 0 -0.068548671901226044 -0.99764776229858398
vn 0 -0.068548671901226044 -0.99764776229858398
vn 0 -0.068548671901226044 -0.99764776229858398
vn 0 -0.068548671901226044 -0.99764776229858398
vn 0 -0.068548671901226044 -0.99764776229858398
vn 0 -0.068548671901226044 -0.99764776229858398
vn 0 -0.068548671901226044 -0.99764776229858398
vn 0 -0.068548671901226044 -0.99764776229858398
vn 0 -0.068548671901226044 -0.99764776229858398
vn 0 -0.068548671901226044 -0.99764776229858398
vn 0 -0.068548671901226044 -0.99764776229858398
vn 0 -0.068548671901226044 -0.99764776229858398
vn 0 -0.068548671901226044 -0.99764776229858398
vn 0 -0.068548671901226044 -0.99764776229858398
vn 0 -0.068548671901226044 -0.99764776229858398
vn 0 -0.068548671901226044 -0.99764776229858398
vn 0 -0.068548671901226044 -0.99764776229858398
vn 0 -0.068548671901226044 -0.99764776229858398
vn 0 -0.068548671901226044 -0.99764776229858398
vn 0 -0.068548671901226044 -0.99764776229858398
vn 0 -0.068548671901226044 -0.99764776229858398
vn 0 -0.068548671901226044 -0.99764776229858398
vn 0 -0.068548671901226044 -0.99764776229858398
vn 0 -0.068548671901226044 -0.99764776229858398
vn 0 -0.068548671901226044 -0.99764776229858398
vn 0 -0.068548671901226044 -0.99764776229858398
vn 0 -0.068548671901226044 -0.99764776229858398
vn 0 -0.068548671901226044 -0.99764776229858398
vn 0 -0.068548671901226044 -0.99764776229858398
vn 0 -0.068548671901226044 -0.99764776229858398
vn 0 -0.068548671901226044 -0.99764776229858398
vn 0 -0.068548671901226044 -0.99764776229858398
vn 0 -0.068548671901226044 -0.99764776229858398
vn 0 -0.068548671901226044 -0.99764776229858398
vn 0 -0.068548671901226044 -0.99764776229858398
vn 0 -0.068548671901226044 -0.99764776229858398
vn 0 -0.068548671901226044 -0.99764776229858398
vn 0 -0.068548671901226044 -0.99764776229858398
vn 0 -0.068548671901226044 -0.99764776229858398
vn 0 -0.068548671901226044 -0.99764776229858398
vn 0 -0.068548671901226044 -0.99764776229858398
vn 0 -0.068548671901226044 -0.99764776229858398
vn 0 -0.068548671901226044 -0.99764776229858398
vn 0 -0.068548671901226044 -0.99764776229858398
vn 0 -0.068548671901226044 -0.99764776229858398
vn 0 -0.068548671901226044 -0.99764776229858398
vn 0 -0.068548671901226044 -0.99764776229858398
vn 0 -0.068548671901226044 -0.99764776229858398
vn 0 -0.068548671901226044 -0.99764776229858398
vn 0 -0.068548671901226044 -0.99764776229858398
vn 0 -0.068548671901226044 -0.99764776229858398
vn 0 -0.068548671901226044 -0.99764776229858398
vn 0.55470019578933716 0.057035945355892181 0.8300931453704834
vn 0.55470019578933716 0.057035945355892181 0.8300931453704834
vn 0.55470019578933716 0.057035945355892181 0.8300931453704834
vn 0.55470019578933716 0.057035945355892181 0.8300931453704834
vn 0.55470019578933716 0.057035945355892181 0.8300931453704834
vn 0.55470019578933716 0.057035945355892181 0.8300931453704834
vn 0.55470019578933716 0.057035945355892181 0.8300931453704834
vn 0.55470019578933716 0.057035945355892181 0.8300931453704834
vn 0.55470019578933716 0.057035945355892181 0.8300931453704834
vn 0.55470019578933716 0.057035945355892181 0.8300931453704834
vn 0.55470019578933716 0.057035945355892181 0.8300931453704834
vn 0.55470019578933716 0.057035945355892181 0.8300931453704834
vn 0.55470019578933716 0.057035945355892181 0.8300931453704834
vn 0.55470019578933716 0.057035945355892181 0.8300931453704834
vn 0.55470019578933716 0.057035945355892181 0.8300931453704834
vn 0.55470019578933716 0.057035945355892181 0.8300931453704834
vn 0.55470019578933716 0.057035945355892181 0.8300931453704834
vn 0.55470019578933716 0.057035945355892181 0.8300931453704834
vn 0.55470019578933716 0.057035945355892181 0.8300931453704834
vn 0.55470019578933716 0.057035945355892181 0.8300931453704834
vn 0.55470019578933716 0.057035945355892181 0.8300931453704834
vn 0.55470019578933716 0.057035945355892181 0.8300931453704834
vn 0 0.50747346878051758 0.86166739463806152
vn 0 0.50747346878051758 0.86166739463806152
vn 0 0.50747346878051758 0.86166739463806152
vn 0 0.50747346878051758 0.86166739463806152
vn 0 0.50747346878051758 0.86166739463806152
vn 0 0.50747346878051758 0.86166739463806152
vn 0 0.50747346878051758 0.86166739463806152
vn 0 0.50747346878051758 0.86166739463806152
vn 0 0.50747346878051758 0.86166739463806152
vn 0 0.50747346878051758 0.86166739463806152
vn 0 0.50747346878051758 0.86166739463806152
vn 0 0.50747346878051758 0.86166739463806152
vn 0 0.50747346878051758 0.86166739463806152
vn 0 0.50747346878051758 0.86166739463806152
vn 0 0.50747346878051758 0.86166739463806152
vn 0 0.50747346878051758 0.86166739463806152
vn 0 0.50747346878051758 0.86166739463806152
vn 0 0.50747346878051758 0.86166739463806152
vn 0 0.50747346878051758 0.86166739463806152
vn 0 0.50747346878051758 0.86166739463806152
vn 0 0.50747346878051758 0.86166739463806152
vn 0 0.50747346878051758 0.86166739463806152
vn 0 0.50747346878051758 0.86166739463806152
vn 0 0.50747346878051758 0.86166739463806152
vn 0 0.50747346878051758 0.86166739463806152
vn 0 0.50747346878051758 0.86166739463806152
vn 0 0.50747346878051758 0.86166739463806152
vn 0 0.50747346878051758 0.86166739463806152
vn 0 0.50747346878051758 0.86166739463806152
vn 0 0.50747346878051758 0.86166739463806152
vn 0 0.50747346878051758 0.86166739463806152
vn 0 0.50747346878051758 0.86166739463806152
vn 0 0.50747346878051758 0.86166739463806152
vn 0 0.50747346878051758 0.86166739463806152
vn 0 0.50747346878051758 0.86166739463806152
vn 0 0.50747346878051758 0.86166739463806152
vn 0 0.50747346878051758 0.86166739463806152
vn 0 0.50747346878051758 0.86166739463806152
vn 0 0.50747346878051758 0.86166739463806152
vn 0 0.50747346878051758 0.86166739463806152
vn 0 0.50747346878051758 0.86166739463806152
vn 0 0.50747346878051758 0.86166739463806152
vn 0 0.50747346878051758 0.86166739463806152
vn -0.55470019578933716 0.057035945355892181 0.8300931453704834
vn -0.55470019578933716 0.057035945355892181 0.8300931453704834
vn -0.55470019578933716 0.057035945355892181 0.8300931453704834
vn -0.55470019578933716 0.057035945355892181 0.8300931453704834
vn -0.55470019578933716 0.057035945355892181 0.8300931453704834
vn -0.55470019578933716 0.057035945355892181 0.8300931453704834
vn -0.55470019578933716 0.057035945355892181 0.8300931453704834
vn -0.55470019578933716 0.057035945355892181 0.8300931453704834
vn -0.55470019578933716 0.057035945355892181 0.8300931453704834
vn -0.55470019578933716 0.057035945355892181 0.8300931453704834
vn -0.55470019578933716 0.057035945355892181 0.8300931453704834
vn -0.55470019578933716 0.057035945355892181 0.8300931453704834
vn -0.55470019578933716 0.057035945355892181 0.8300931453704834
vn -0.55470019578933716 0.057035945355892181 0.8300931453704834
vn -0.55470019578933716 0.057035945355892181 0.8300931453704834
vn -0.55470019578933716 0.057035945355892181 0.8300931453704834
vn -0.55470019578933716 0.057035945355892181 0.8300931453704834
vn -0.55470019578933716 0.057035945355892181 0.8300931453704834
vn -0.55470019578933716 0.057035945355892181 0.8300931453704834
vn -0.55470019578933716 0.057035945355892181 0.8300931453704834
vn -0.55470019578933716 0.057035945355892181 0.8300931453704834
vn -0.55470019578933716 0.057035945355892181 0.8300931453704834
vn 0 -0.38484984636306763 0.92297917604446411
vn 0 -0.38484984636306763 0.92297917604446411
vn 0 -0.38484984636306763 0.92297917604446411
vn 0 -0.38484984636306763 0.92297917604446411
vn 0 -0.38484984636306763 0.92297917604446411
vn 0 -0.38484984636306763 0.92297917604446411
vn 0 -0.38484984636306763 0.92297917604446411
vn 0 -0.38484984636306763 0.92297917604446411
vn 0 -0.38484984636306763 0.92297917604446411
vn 0 -0.38484984636306763 0.92297917604446411
vn 0 -0.38484984636306763 0.92297917604446411
vn 0 -0.38484984636306763 0.92297917604446411
vn 0 -0.38484984636306763 0.92297917604446411
vn 0 -0.38484984636306763 0.92297917604446411
vn 0 -0.38484984636306763 0.92297917604446411
vn 0 -0.38484984636306763 0.92297917604446411
vn 0 -0.38484984636306763 0.92297917604446411
vn 0 -0.38484984636306763 0.92297917604446411
vn 0 -0.38484984636306763 0.92297917604446411
vn 0 -0.38484984636306763 0.92297917604446411
vn 0 -0.38484984636306763 0.92297917604446411
vn 0 -0.38484984636306763 0.92297917604446411
vn 0 -0.38484984636306763 0.92297917604446411
vn 0 -0.38484984636306763 0.92297917604446411
vn 0 -0.38484984636306763 0.92297917604446411
vn 0 -0.38484984636306763 0.92297917604446411
vn 0 -0.38484984636306763 0.92297917604446411
vn 0 -0.38484984636306763 0.92297917604446411
vn 0 -0.38484984636306763 0.92297917604446411
vn 0 -0.38484984636306763 0.92297917604446411
vn 0 -0.38484984636306763 0.92297917604446411
vn 0 -0.38484984636306763 0.92297917604446411
vn 0 -0.38484984636306763 0.92297917604446411
vn 0 -0.38484984636306763 0.92297917604446411
vn 0 -0.38484984636306763 0.92297917604446411
vn 0 -0.38484984636306763 0.92297917604446411
vn 0 -0.38484984636306763 0.92297917604446411
vn 0 -0.38484984636306763 0.92297917604446411
vn 0 -0.38484984636306763 0.92297917604446411
vn 0 -0.38484984636306763 0.92297917604446411
vn 0.55470019578933716 0.057035945355892181 0.8300931453704834
vn 0.15074996650218964 0.41190516948699951 0.89867043495178223
vn 0.29775065183639526 0.30162686109542847 0.90574043989181519
vn 0.43450158834457397 0.18131867051124573 0.88223123550415039
vn 0.53838205337524414 0.075185798108577728 0.83934015035629272
vn 0.55470019578933716 0.057035945355892181 0.8300931453704834
vn 0.49700689315795898 0.11927587538957596 0.85951000452041626
vn 0.43450158834457397 0.18131867051124573 0.88223123550415039
vn 0.49700689315795898 0.11927587538957596 0.85951000452041626
vn 0.52648955583572388 0.088131770491600037 0.84560132026672363
vn 0.49861514568328857 0.11761026084423065 0.85880774259567261
vn 0.50352734327316284 0.11249969899654388 0.85662358999252319
vn 0.52648955583572388 0.088131770491600037 0.84560132026672363
vn 0.51190328598022461 0.10370378941297531 0.85276055335998535
vn 0.49700689315795898 0.11927587538957596 0.85951000452041626
vn 0.51190328598022461 0.10370378941297531 0.85276055335998535
vn 0.52648955583572388 0.088131770491600037 0.84560132026672363
vn 0.49700689315795898 0.11927587538957596 0.85951000452041626
vn 0.52648955583572388 0.088131770491600037 0.84560132026672363
vn 0.43450158834457397 0.18131867051124573 0.88223123550415039
vn 0.49700689315795898 0.11927587538957596 0.85951000452041626
vn 0.46631890535354614 0.1503712385892868 0.8717426061630249
vn 0.43450158834457397 0.18131867051124573 0.88223123550415039
vn 0.36782610416412354 0.24236831068992615 0.89775359630584717
vn 0.29775065183639526 0.30162686109542847 0.90574043989181519
vn 0.36782610416412354 0.24236831068992615 0.89775359630584717
vn 0.51190328598022461 0.10370378941297531 0.85276055335998535
vn 0.50449329614639282 0.11149058490991592 0.85618710517883301
vn 0.49700689315795898 0.11927587538957596 0.85951000452041626
vn 0.50449329614639282 0.11149058490991592 0.85618710517883301
vn 0.48180902004241943 0.13483580946922302 0.86584025621414185
vn 0.48180902004241943 0.13483580946922302 0.86584025621414185
vn 0.46631890535354614 0.1503712385892868 0.8717426061630249
vn 0.48180902004241943 0.13483580946922302 0.86584025621414185
vn 0.46631890535354614 0.1503712385892868 0.8717426061630249
vn 0.43450158834457397 0.18131867051124573 0.88223123550415039
vn 0.46631890535354614 0.1503712385892868 0.8717426061630249
vn 0 0.50747346878051758 0.86166739463806152
vn 0 0.50747346878051758 0.86166739463806152
vn 0.036700330674648285 0.48576396703720093 0.87331920862197876
vn 0.074386782944202423 0.46243616938591003 0.88352668285369873
vn 0.11279917508363724 0.43756973743438721 0.89208132028579712
vn 0.15168537199497223 0.41125860810279846 0.89880913496017456
vn 0.19064098596572876 0.38372579216957092 0.90355437994003296
vn 0.22921361029148102 0.35526958107948303 0.90622550249099731
vn 0.26718392968177795 0.32605272531509399 0.90680891275405884
vn 0.30434048175811768 0.29625141620635986 0.90532422065734863
vn 0.34026414155960083 0.26623937487602234 0.90185195207595825
vn 0.37464839220046997 0.23634143173694611 0.89653849601745605
vn 0.40732905268669128 0.20679037272930145 0.88956212997436523
vn 0.438150554895401 0.17783255875110626 0.88113546371459961
vn 0.46979445219039917 0.14691317081451416 0.87046521902084351
vn 0.15074996650218964 0.41190516948699951 0.89867043495178223
vn 0.07521367073059082 0.46191248297691345 0.88373059034347534
vn 0.07521367073059082 0.46191248297691345 0.88373059034347534
vn 0.07521367073059082 0.46191248297691345 0.88373059034347534
vn 0.037507671862840652 0.48527523875236511 0.87355661392211914
vn 0.037507671862840652 0.48527523875236511 0.87355661392211914
vn 0.15074996650218964 0.41190516948699951 0.89867043495178223
vn 0.11300120502710342 0.43743604421615601 0.89212131500244141
vn 0.11300120502710342 0.43743604421615601 0.89212131500244141
vn 0.2250497043132782 0.35839992761611938 0.90603649616241455
vn 0.2250497043132782 0.35839992761611938 0.90603649616241455
vn 0.2250497043132782 0.35839992761611938 0.90603649616241455
vn 0.188039630651474 0.38560166954994202 0.90330088138580322
vn 0.188039630651474 0.38560166954994202 0.90330088138580322
vn 0.29775065183639526 0.30162686109542847 0.90574043989181519
vn 0.26165968179702759 0.33037975430488586 0.90685361623764038
vn 0.26165968179702759 0.33037975430488586 0.90685361623764038
vn 0.36782610416412354 0.24236831068992615 0.89775359630584717
vn 0.33316096663475037 0.27227047085762024 0.9027029275894165
vn 0.33316096663475037 0.27227047085762024 0.9027029275894165
vn 0.40163969993591309 0.21201784908771515 0.89091747999191284
vn 0.40163969993591309 0.21201784908771515 0.89091747999191284
vn 0.50359851121902466 0.11242537945508957 0.85659152269363403
vn 0.44855058193206787 0.16780842840671539 0.87786257266998291
vn 0.39006447792053223 0.22254419326782227 0.89348965883255005
vn 0.36023229360580444 0.24902090430259705 0.89901131391525269
vn 0.32866096496582031 0.27606627345085144 0.90319955348968506
vn 0.29740703105926514 0.3019060492515564 0.90576034784317017
vn 0.26493224501609802 0.32781961560249329 0.90683251619338989
vn 0.23247334361076355 0.35280895233154297 0.90635645389556885
vn 0.19952449202537537 0.37727895379066467 0.90435093641281128
vn 0.16617237031459808 0.40115860104560852 0.90080994367599487
vn 0.13311485946178436 0.42396807670593262 0.89584124088287354
vn 0.099299401044845581 0.44643512368202209 0.88928920030593872
vn 0.066385559737682343 0.46747696399688721 0.88150906562805176
vn 0.36782610416412354 0.24236831068992615 0.89775359630584717
vn 0.40163969993591309 0.21201784908771515 0.89091747999191284
vn 0.15074996650218964 0.41190516948699951 0.89867043495178223
vn 0.07521367073059082 0.46191248297691345 0.88373059034347534
vn 0.11300120502710342 0.43743604421615601 0.89212131500244141
vn -0.55470019578933716 0.057035945355892181 0.8300931453704834
vn -0.55470019578933716 0.057035945355892181 0.8300931453704834
vn -0.43329501152038574 0.18246792256832123 0.88258761167526245
vn -0.29623222351074219 0.30285987257957458 0.90582692623138428
vn -0.14935815334320068 0.41286590695381165 0.89846193790435791
vn -0.55470019578933716 0.057035945355892181 0.8300931453704834
vn -0.53838205337524414 0.075185798108577728 0.83934015035629272
vn -0.43329501152038574 0.18246792256832123 0.88258761167526245
vn -0.49644580483436584 0.1198560893535614 0.85975348949432373
vn -0.49644580483436584 0.1198560893535614 0.85975348949432373
vn -0.52622061967849731 0.088421888649463654 0.84573841094970703
vn 0 0.50747346878051758 0.86166739463806152
vn 0 0.50747346878051758 0.86166739463806152
vn -0.49861514568328857 0.11761026829481125 0.85880774259567261
vn -0.46979445219039917 0.14691317081451416 0.87046521902084351
vn -0.438150554895401 0.17783255875110626 0.88113546371459961
vn -0.40732905268669128 0.20679037272930145 0.88956212997436523
vn -0.37464839220046997 0.23634143173694611 0.89653849601745605
vn -0.34026414155960083 0.26623937487602234 0.90185195207595825
vn -0.30434048175811768 0.29625141620635986 0.90532422065734863
vn -0.26718392968177795 0.32605272531509399 0.90680891275405884
vn -0.22921361029148102 0.35526958107948303 0.90622550249099731
vn -0.19064098596572876 0.38372579216957092 0.90355437994003296
vn -0.15168537199497223 0.41125860810279846 0.89880913496017456
vn -0.11279917508363724 0.43756973743438721 0.89208132028579712
vn -0.074386782944202423 0.46243616938591003 0.88352668285369873
vn -0.036700330674648285 0.48576396703720093 0.87331920862197876
vn -0.43329501152038574 0.18246792256832123 0.88258761167526245
vn -0.46544450521469116 0.15123876929283142 0.87205976247787476
vn -0.29623222351074219 0.30285987257957458 0.90582692623138428
vn -0.36645972728729248 0.24356962740421295 0.8979872465133667
vn -0.36645972728729248 0.24356962740421295 0.8979872465133667
vn -0.36645972728729248 0.24356962740421295 0.8979872465133667
vn -0.40035256743431091 0.21319553256034851 0.8912157416343689
vn -0.40035256743431091 0.21319553256034851 0.8912157416343689
vn -0.29623222351074219 0.30285987257957458 0.90582692623138428
vn -0.33171725273132324 0.27349036931991577 0.90286582708358765
vn -0.33171725273132324 0.27349036931991577 0.90286582708358765
vn -0.14935815334320068 0.41286590695381165 0.89846193790435791
vn -0.22358299791812897 0.35949915647506714 0.90596413612365723
vn -0.22358299791812897 0.35949915647506714 0.90596413612365723
vn -0.22358299791812897 0.35949915647506714 0.90596413612365723
vn -0.26016402244567871 0.33154672384262085 0.90685802698135376
vn -0.26016402244567871 0.33154672384262085 0.90685802698135376
vn -0.14935815334320068 0.41286590695381165 0.89846193790435791
vn -0.18660768866539001 0.38663196563720703 0.90315741300582886
vn -0.18660768866539001 0.38663196563720703 0.90315741300582886
vn -0.074516400694847107 0.46235409379005432 0.88355869054794312
vn -0.074516400694847107 0.46235409379005432 0.88355869054794312
vn -0.074516400694847107 0.46235409379005432 0.88355869054794312
vn -0.11195465177297592 0.43812838196754456 0.89191347360610962
vn -0.11195465177297592 0.43812838196754456 0.89191347360610962
vn -0.037160333245992661 0.48548558354377747 0.87345457077026367
vn -0.037160333245992661 0.48548558354377747 0.87345457077026367
vn -0.50352734327316284 0.11249969899654388 0.85662358999252319
vn -0.49644580483436584 0.1198560893535614 0.85975348949432373
vn -0.51149106025695801 0.10413912683725357 0.85295480489730835
vn -0.52622061967849731 0.088421888649463654 0.84573841094970703
vn -0.51149106025695801 0.10413912683725357 0.85295480489730835
vn -0.49644580483436584 0.1198560893535614 0.85975348949432373
vn -0.52622061967849731 0.088421888649463654 0.84573841094970703
vn -0.52622061967849731 0.088421888649463654 0.84573841094970703
vn -0.43329501152038574 0.18246792256832123 0.88258761167526245
vn -0.49644580483436584 0.1198560893535614 0.85975348949432373
vn -0.49644580483436584 0.1198560893535614 0.85975348949432373
vn -0.50400733947753906 0.11199842393398285 0.85640698671340942
vn -0.51149106025695801 0.10413912683725357 0.85295480489730835
vn -0.50400733947753906 0.11199842393398285 0.85640698671340942
vn -0.48109379410743713 0.13556021451950073 0.86612480878829956
vn -0.46544450521469116 0.15123876929283142 0.87205976247787476
vn -0.48109379410743713 0.13556021451950073 0.86612480878829956
vn -0.48109379410743713 0.13556021451950073 0.86612480878829956
vn -0.43329501152038574 0.18246792256832123 0.88258761167526245
vn -0.46544450521469116 0.15123876929283142 0.87205976247787476
vn -0.46544450521469116 0.15123876929283142 0.87205976247787476
vn -0.066385559737682343 0.46747696399688721 0.88150906562805176
vn -0.099299401044845581 0.44643512368202209 0.88928920030593872
vn -0.13311485946178436 0.42396807670593262 0.89584124088287354
vn -0.16617237031459808 0.40115860104560852 0.90080994367599487
vn -0.19952449202537537 0.37727895379066467 0.90435093641281128
vn -0.23247334361076355 0.35280895233154297 0.90635645389556885
vn -0.26493224501609802 0.32781961560249329 0.90683251619338989
vn -0.29740703105926514 0.3019060492515564 0.90576034784317017
vn -0.32866096496582031 0.27606627345085144 0.90319955348968506
vn -0.36023229360580444 0.24902090430259705 0.89901131391525269
vn -0.39006447792053223 0.22254419326782227 0.89348965883255005
vn -0.44855058193206787 0.16780842840671539 0.87786257266998291
vn -0.50359851121902466 0.11242537945508957 0.85659152269363403
vn -0.14935815334320068 0.41286590695381165 0.89846193790435791
vn -0.074516400694847107 0.46235409379005432 0.88355869054794312
vn -0.11195465177297592 0.43812838196754456 0.89191347360610962
vn -0.36645972728729248 0.24356962740421295 0.8979872465133667
vn -0.40035256743431091 0.21319553256034851 0.8912157416343689
vn -0.55470019578933716 0.057035945355892181 0.8300931453704834
vn -0.15074996650218964 -0.28511860966682434 0.94656318426132202
vn -0.29775065183639526 -0.17490968108177185 0.93848341703414917
vn -0.43450158834457397 -0.058947615325450897 0.89873999357223511
vn -0.53838205337524414 0.040321417152881622 0.84173566102981567
vn -0.55470019578933716 0.057035945355892181 0.8300931453704834
vn -0.49700689315795898 -0.00059557805070653558 0.86774641275405884
vn -0.43450158834457397 -0.058947615325450897 0.89873999357223511
vn -0.49700689315795898 -0.00059557805070653558 0.86774641275405884
vn -0.52648955583572388 0.028353476896882057 0.8497086763381958
vn 0 -0.38484984636306763 0.92297917604446411
vn 0 -0.38484984636306763 0.92297917604446411
vn -0.49861514568328857 0.00095833203522488475 0.86682295799255371
vn -0.50352734327316284 0.0057221315801143646 0.86396032571792603
vn -0.52648955583572388 0.028353476896882057 0.8497086763381958
vn -0.51190328598022461 0.013907008804380894 0.85893052816390991
vn -0.49700689315795898 -0.00059557805070653558 0.86774641275405884
vn -0.51190328598022461 0.013907008804380894 0.85893052816390991
vn -0.52648955583572388 0.028353476896882057 0.8497086763381958
vn -0.49700689315795898 -0.00059557805070653558 0.86774641275405884
vn -0.52648955583572388 0.028353476896882057 0.8497086763381958
vn -0.43450158834457397 -0.058947615325450897 0.89873999357223511
vn -0.49700689315795898 -0.00059557805070653558 0.86774641275405884
vn -0.46631890535354614 -0.029725592583417892 0.88411712646484375
vn -0.43450158834457397 -0.058947615325450897 0.89873999357223511
vn -0.36782610416412354 -0.11730043590068817 0.92246657609939575
vn -0.29775065183639526 -0.17490968108177185 0.93848341703414917
vn -0.36782610416412354 -0.11730043590068817 0.92246657609939575
vn -0.51190328598022461 0.013907008804380894 0.85893052816390991
vn -0.50449329614639282 0.0066620586439967155 0.86338990926742554
vn -0.49700689315795898 -0.00059557805070653558 0.86774641275405884
vn -0.50449329614639282 0.0066620586439967155 0.86338990926742554
vn -0.48180902004241943 -0.015143455937504768 0.87614536285400391
vn -0.48180902004241943 -0.015143455937504768 0.87614536285400391
vn -0.46631890535354614 -0.029725592583417892 0.88411712646484375
vn -0.48180902004241943 -0.015143455937504768 0.87614536285400391
vn -0.46631890535354614 -0.029725592583417892 0.88411712646484375
vn -0.43450158834457397 -0.058947615325450897 0.89873999357223511
vn -0.46631890535354614 -0.029725592583417892 0.88411712646484375
vn -0.036700330674648285 -0.36175072193145752 0.93155217170715332
vn -0.074386782944202423 -0.33724600076675415 0.93847310543060303
vn -0.11279917508363724 -0.31144323945045471 0.94354623556137085
vn -0.15168537199497223 -0.28445917367935181 0.94661211967468262
vn -0.19064098596572876 -0.25653606653213501 0.94754695892333984
vn -0.22921361029148102 -0.22798193991184235 0.94630086421966553
vn -0.26718392968177795 -0.19895988702774048 0.94288265705108643
vn -0.30434048175811768 -0.16964170336723328 0.93733590841293335
vn -0.34026414155960083 -0.14038661122322083 0.92979133129119873
vn -0.37464839220046997 -0.11149640381336212 0.92043852806091309
vn -0.40732905268669128 -0.083177253603935242 0.90948587656021118
vn -0.438150554895401 -0.055644135922193527 0.89717769622802734
vn -0.46979445219039917 -0.026474736630916595 0.88237875699996948
vn -0.15074996650218964 -0.28511860966682434 0.94656318426132202
vn -0.07521367073059082 -0.33669939637184143 0.93860346078872681
vn -0.07521367073059082 -0.33669939637184143 0.93860346078872681
vn -0.07521367073059082 -0.33669939637184143 0.93860346078872681
vn -0.037507671862840652 -0.36123412847518921 0.93172049522399902
vn -0.037507671862840652 -0.36123412847518921 0.93172049522399902
vn -0.15074996650218964 -0.28511860966682434 0.94656318426132202
vn -0.11300120502710342 -0.31130531430244446 0.94356757402420044
vn -0.11300120502710342 -0.31130531430244446 0.94356757402420044
vn -0.2250497043132782 -0.23110872507095337 0.94654178619384766
vn -0.2250497043132782 -0.23110872507095337 0.94654178619384766
vn -0.2250497043132782 -0.23110872507095337 0.94654178619384766
vn -0.188039630651474 -0.25842899084091187 0.9475523829460144
vn -0.188039630651474 -0.25842899084091187 0.9475523829460144
vn -0.29775065183639526 -0.17490968108177185 0.93848341703414917
vn -0.26165968179702759 -0.20324011147022247 0.94351875782012939
vn -0.26165968179702759 -0.20324011147022247 0.94351875782012939
vn -0.36782610416412354 -0.11730043590068817 0.92246657609939575
vn -0.33316096663475037 -0.14624466001987457 0.93145924806594849
vn -0.33316096663475037 -0.14624466001987457 0.93145924806594849
vn -0.40163969993591309 -0.088170230388641357 0.91154348850250244
vn -0.40163969993591309 -0.088170230388641357 0.91154348850250244
vn -0.50359851121902466 0.0057913651689887047 0.86391836404800415
vn -0.44855058193206787 -0.046161863952875137 0.89256453514099121
vn -0.39006447792053223 -0.098245821893215179 0.9155312180519104
vn -0.36023229360580444 -0.1237184926867485 0.9246222972869873
vn -0.32866096496582031 -0.14993683993816376 0.93247032165527344
vn -0.29740703105926514 -0.17518354952335358 0.93854129314422607
vn -0.26493224501609802 -0.20070692896842957 0.94314771890640259
vn -0.23247334361076355 -0.22552652657032013 0.94609403610229492
vn -0.19952449202537537 -0.25004085898399353 0.94745421409606934
vn -0.16617237031459808 -0.27418044209480286 0.94721263647079468
vn -0.13311485946178436 -0.29745513200759888 0.94541043043136597
vn -0.099299401044845581 -0.32060718536376953 0.94199293851852417
vn -0.066385559737682343 -0.34251540899276733 0.93716388940811157
vn -0.36782610416412354 -0.11730043590068817 0.92246657609939575
vn -0.40163969993591309 -0.088170230388641357 0.91154348850250244
vn -0.15074996650218964 -0.28511860966682434 0.94656318426132202
vn -0.07521367073059082 -0.33669939637184143 0.93860346078872681
vn -0.11300120502710342 -0.31130531430244446 0.94356757402420044
vn 0.55470019578933716 0.057035945355892181 0.8300931453704834
vn 0.55470019578933716 0.057035945355892181 0.8300931453704834
vn 0.43329501152038574 -0.060037314891815186 0.89925020933151245
vn 0.29623222351074219 -0.17611929774284363 0.93873769044876099
vn 0.14935815334320068 -0.28609883785247803 0.94648802280426025
vn 0.55470019578933716 0.057035945355892181 0.8300931453704834
vn 0.53838205337524414 0.040321417152881622 0.84173566102981567
vn 0.43329501152038574 -0.060037314891815186 0.89925020933151245
vn 0.49644580483436584 -0.0011370375286787748 0.86806696653366089
vn 0.49644580483436584 -0.0011370375286787748 0.86806696653366089
vn 0.52622061967849731 0.02808484248816967 0.84988415241241455
vn 0 -0.38484984636306763 0.92297917604446411
vn 0 -0.38484984636306763 0.92297917604446411
vn 0.49861514568328857 0.00095833203522488475 0.86682295799255371
vn 0.46979445219039917 -0.026474736630916595 0.88237875699996948
vn 0.438150554895401 -0.055644135922193527 0.89717769622802734
vn 0.40732905268669128 -0.083177253603935242 0.90948587656021118
vn 0.37464839220046997 -0.11149640381336212 0.92043852806091309
vn 0.34026414155960083 -0.14038661122322083 0.92979133129119873
vn 0.30434048175811768 -0.16964170336723328 0.93733590841293335
vn 0.26718392968177795 -0.19895988702774048 0.94288265705108643
vn 0.22921361029148102 -0.22798193991184235 0.94630086421966553
vn 0.19064098596572876 -0.25653606653213501 0.94754695892333984
vn 0.15168537199497223 -0.28445917367935181 0.94661211967468262
vn 0.11279917508363724 -0.31144323945045471 0.94354623556137085
vn 0.074386782944202423 -0.33724600076675415 0.93847310543060303
vn 0.036700330674648285 -0.36175072193145752 0.93155217170715332
vn 0.43329501152038574 -0.060037314891815186 0.89925020933151245
vn 0.46544450521469116 -0.030541598796844482 0.88454997539520264
vn 0.29623222351074219 -0.17611929774284363 0.93873769044876099
vn 0.36645972728729248 -0.11845852434635162 0.92286229133605957
vn 0.36645972728729248 -0.11845852434635162 0.92286229133605957
vn 0.36645972728729248 -0.11845852434635162 0.92286229133605957
vn 0.40035256743431091 -0.089296042919158936 0.91200000047683716
vn 0.40035256743431091 -0.089296042919158936 0.91200000047683716
vn 0.29623222351074219 -0.17611929774284363 0.93873769044876099
vn 0.33171725273132324 -0.14743079245090485 0.93178743124008179
vn 0.33171725273132324 -0.14743079245090485 0.93178743124008179
vn 0.14935815334320068 -0.28609883785247803 0.94648802280426025
vn 0.22358299791812897 -0.2322075217962265 0.94662046432495117
vn 0.22358299791812897 -0.2322075217962265 0.94662046432495117
vn 0.22358299791812897 -0.2322075217962265 0.94662046432495117
vn 0.26016402244567871 -0.20439553260803223 0.94368273019790649
vn 0.26016402244567871 -0.20439553260803223 0.94368273019790649
vn 0.14935815334320068 -0.28609883785247803 0.94648802280426025
vn 0.18660768866539001 -0.25946921110153198 0.9475511908531189
vn 0.18660768866539001 -0.25946921110153198 0.9475511908531189
vn 0.074516400694847107 -0.33716034889221191 0.93849360942840576
vn 0.074516400694847107 -0.33716034889221191 0.93849360942840576
vn 0.074516400694847107 -0.33716034889221191 0.93849360942840576
vn 0.11195465177297592 -0.31201958656311035 0.94345635175704956
vn 0.11195465177297592 -0.31201958656311035 0.94345635175704956
vn 0.037160333245992661 -0.36145642399787903 0.93164819478988647
vn 0.037160333245992661 -0.36145642399787903 0.93164819478988647
vn 0.50352734327316284 0.0057221315801143646 0.86396032571792603
vn 0.49644580483436584 -0.0011370375286787748 0.86806696653366089
vn 0.51149106025695801 0.013502334244549274 0.85918253660202026
vn 0.52622061967849731 0.02808484248816967 0.84988415241241455
vn 0.51149106025695801 0.013502334244549274 0.85918253660202026
vn 0.49644580483436584 -0.0011370375286787748 0.86806696653366089
vn 0.52622061967849731 0.02808484248816967 0.84988415241241455
vn 0.52622061967849731 0.02808484248816967 0.84988415241241455
vn 0.43329501152038574 -0.060037314891815186 0.89925020933151245
vn 0.49644580483436584 -0.0011370375286787748 0.86806696653366089
vn 0.49644580483436584 -0.0011370375286787748 0.86806696653366089
vn 0.50400733947753906 0.0061890650540590286 0.86367720365524292
vn 0.51149106025695801 0.013502334244549274 0.85918253660202026
vn 0.50400733947753906 0.0061890650540590286 0.86367720365524292
vn 0.48109379410743713 -0.015822133049368858 0.8765263557434082
vn 0.46544450521469116 -0.030541598796844482 0.88454997539520264
vn 0.48109379410743713 -0.015822133049368858 0.8765263557434082
vn 0.48109379410743713 -0.015822133049368858 0.8765263557434082
vn 0.43329501152038574 -0.060037314891815186 0.89925020933151245
vn 0.46544450521469116 -0.030541598796844482 0.88454997539520264
vn 0.46544450521469116 -0.030541598796844482 0.88454997539520264
vn 0.066385559737682343 -0.34251540899276733 0.93716388940811157
vn 0.099299401044845581 -0.32060718536376953 0.94199293851852417
vn 0.13311485946178436 -0.29745513200759888 0.94541043043136597
vn 0.16617237031459808 -0.27418044209480286 0.94721263647079468
vn 0.19952449202537537 -0.25004085898399353 0.94745421409606934
vn 0.23247334361076355 -0.22552652657032013 0.94609403610229492
vn 0.26493224501609802 -0.20070692896842957 0.94314771890640259
vn 0.29740703105926514 -0.17518354952335358 0.93854129314422607
vn 0.32866096496582031 -0.14993683993816376 0.93247032165527344
vn 0.36023229360580444 -0.1237184926867485 0.9246222972869873
vn 0.39006447792053223 -0.098245821893215179 0.9155312180519104
vn 0.44855058193206787 -0.046161863952875137 0.89256453514099121
vn 0.50359851121902466 0.0057913651689887047 0.86391836404800415
vn 0.14935815334320068 -0.28609883785247803 0.94648802280426025
vn 0.074516400694847107 -0.33716034889221191 0.93849360942840576
vn 0.11195465177297592 -0.31201958656311035 0.94345635175704956
vn 0.36645972728729248 -0.11845852434635162 0.92286229133605957
vn 0.40035256743431091 -0.089296042919158936 0.91200000047683716
vn 6.1801488300261553E-06 0.068545080721378326 0.99764800071716309
vn 6.1801488300261553E-06 0.068545080721378326 0.99764800071716309
vn 6.1801488300261553E-06 0.068545080721378326 0.99764800071716309
vn 6.1801488300261553E-06 0.068545080721378326 0.99764800071716309
vn 6.1801488300261553E-06 0.068545080721378326 0.99764800071716309
vn 6.1801488300261553E-06 0.068545080721378326 0.99764800071716309
vn 6.1801488300261553E-06 0.068545080721378326 0.99764800071716309
vn 6.1801488300261553E-06 0.068545080721378326 0.99764800071716309
vn 6.1801488300261553E-06 0.068545080721378326 0.99764800071716309
vn 6.1801488300261553E-06 0.068545080721378326 0.99764800071716309
vn 6.1801488300261553E-06 0.068545080721378326 0.99764800071716309
vn 6.1801488300261553E-06 0.068545080721378326 0.99764800071716309
vn 6.1801488300261553E-06 0.068545080721378326 0.99764800071716309
vn 6.1801488300261553E-06 0.068545080721378326 0.99764800071716309
vn 6.1801488300261553E-06 0.068545080721378326 0.99764800071716309
vn 6.1801488300261553E-06 0.068545080721378326 0.99764800071716309
vn 6.1801488300261553E-06 0.068545080721378326 0.99764800071716309
vn 6.1801488300261553E-06 0.068545080721378326 0.99764800071716309
vn 6.1801488300261553E-06 0.068545080721378326 0.99764800071716309
vn 6.1801488300261553E-06 0.068545080721378326 0.99764800071716309
vn 6.1801488300261553E-06 0.068545080721378326 0.99764800071716309
vn 6.1801488300261553E-06 0.068545080721378326 0.99764800071716309
vn 6.1801488300261553E-06 0.068545080721378326 0.99764800071716309
vn 6.1801488300261553E-06 0.068545080721378326 0.99764800071716309
vn 6.1801488300261553E-06 0.068545080721378326 0.99764800071716309
vn 6.1801488300261553E-06 0.068545080721378326 0.99764800071716309
vn 6.1801488300261553E-06 0.068545080721378326 0.99764800071716309
vn 6.1801488300261553E-06 0.068545080721378326 0.99764800071716309
vn 6.1801488300261553E-06 0.068545080721378326 0.99764800071716309
vn 6.1801488300261553E-06 0.068545080721378326 0.99764800071716309
vn 6.1801488300261553E-06 0.068545080721378326 0.99764800071716309
vn 6.1801488300261553E-06 0.068545080721378326 0.99764800071716309
vn 6.1801488300261553E-06 0.068545080721378326 0.99764800071716309
vn 6.1801488300261553E-06 0.068545080721378326 0.99764800071716309
vn 6.1801488300261553E-06 0.068545080721378326 0.99764800071716309
vn 6.1801488300261553E-06 0.068545080721378326 0.99764800071716309
vn 6.1801488300261553E-06 0.068545080721378326 0.99764800071716309
vn 6.1801488300261553E-06 0.068545080721378326 0.99764800071716309
vn 6.1801488300261553E-06 0.068545080721378326 0.99764800071716309
vn 6.1801488300261553E-06 0.068545080721378326 0.99764800071716309
vn 6.1801488300261553E-06 0.068545080721378326 0.99764800071716309
vn 6.1801488300261553E-06 0.068545080721378326 0.99764800071716309
vn 6.1801488300261553E-06 0.068545080721378326 0.99764800071716309
vn 6.1801488300261553E-06 0.068545080721378326 0.99764800071716309
vn 6.1801488300261553E-06 0.068545080721378326 0.99764800071716309
vn 6.1801488300261553E-06 0.068545080721378326 0.99764800071716309
vn 6.1801488300261553E-06 0.068545080721378326 0.99764800071716309
vn 6.1801488300261553E-06 0.068545080721378326 0.99764800071716309
vn 6.1801488300261553E-06 0.068545080721378326 0.99764800071716309
vn 6.1801488300261553E-06 0.068545080721378326 0.99764800071716309
vn 6.1801488300261553E-06 0.068545080721378326 0.99764800071716309
vn 6.1801488300261553E-06 0.068545080721378326 0.99764800071716309
vn 6.1801488300261553E-06 0.068545080721378326 0.99764800071716309
vn 6.1801488300261553E-06 0.068545080721378326 0.99764800071716309
vn 6.1801488300261553E-06 0.068545080721378326 0.99764800071716309
vn 6.1801488300261553E-06 0.068545080721378326 0.99764800071716309
vn 6.1801488300261553E-06 0.068545080721378326 0.99764800071716309
vn 6.1801488300261553E-06 0.068545080721378326 0.99764800071716309
vn 6.1801488300261553E-06 0.068545080721378326 0.99764800071716309
vn 6.1801488300261553E-06 0.068545080721378326 0.99764800071716309
vn 6.1801488300261553E-06 0.068545080721378326 0.99764800071716309
vn 6.1801488300261553E-06 0.068545080721378326 0.99764800071716309
vn 6.1801488300261553E-06 0.068545080721378326 0.99764800071716309
vn 6.1801488300261553E-06 0.068545080721378326 0.99764800071716309
vn 6.1801488300261553E-06 0.068545080721378326 0.99764800071716309
vn 6.1801488300261553E-06 0.068545080721378326 0.99764800071716309
vn 6.1801488300261553E-06 0.068545080721378326 0.99764800071716309
vn 6.1801488300261553E-06 0.068545080721378326 0.99764800071716309
vn 6.1801488300261553E-06 0.068545080721378326 0.99764800071716309
vn 6.1801488300261553E-06 0.068545080721378326 0.99764800071716309
vn 6.1801488300261553E-06 0.068545080721378326 0.99764800071716309
vn 6.1801488300261553E-06 0.068545080721378326 0.99764800071716309
vn 6.1801488300261553E-06 0.068545080721378326 0.99764800071716309
vn 6.1801488300261553E-06 0.068545080721378326 0.99764800071716309
vn 6.1801488300261553E-06 0.068545080721378326 0.99764800071716309
vn 6.1801488300261553E-06 0.068545080721378326 0.99764800071716309
vn 6.1801488300261553E-06 0.068545080721378326 0.99764800071716309
vn 6.1801488300261553E-06 0.068545080721378326 0.99764800071716309
vn 6.1801488300261553E-06 0.068545080721378326 0.99764800071716309
vn 6.1801488300261553E-06 0.068545080721378326 0.99764800071716309
vn 6.1801488300261553E-06 0.068545080721378326 0.99764800071716309
vn 6.1801488300261553E-06 0.068545080721378326 0.99764800071716309
vn 6.1801488300261553E-06 0.068545080721378326 0.99764800071716309
vn 6.1801488300261553E-06 0.068545080721378326 0.99764800071716309
vn 6.1801488300261553E-06 0.068545080721378326 0.99764800071716309
vn 6.1801488300261553E-06 0.068545080721378326 0.99764800071716309
vn 6.1801488300261553E-06 0.068545080721378326 0.99764800071716309
vn 6.1801488300261553E-06 0.068545080721378326 0.99764800071716309
vn 6.1801488300261553E-06 0.068545080721378326 0.99764800071716309
vn 6.1801488300261553E-06 0.068545080721378326 0.99764800071716309
vn 6.1801488300261553E-06 0.068545080721378326 0.99764800071716309
vn 6.1801488300261553E-06 0.068545080721378326 0.99764800071716309
vn 6.1801488300261553E-06 0.068545080721378326 0.99764800071716309
vn 6.1801488300261553E-06 0.068545080721378326 0.99764800071716309
vn 6.1801488300261553E-06 0.068545080721378326 0.99764800071716309
vn 6.1801488300261553E-06 0.068545080721378326 0.99764800071716309
vn 6.1801488300261553E-06 0.068545080721378326 0.99764800071716309
vn 6.1801488300261553E-06 0.068545080721378326 0.99764800071716309
vn 6.1801488300261553E-06 0.068545080721378326 0.99764800071716309
vn 6.1801488300261553E-06 0.068545080721378326 0.99764800071716309
vn 6.1801488300261553E-06 0.068545080721378326 0.99764800071716309
vn 6.1801488300261553E-06 0.068545080721378326 0.99764800071716309
vn 6.1801488300261553E-06 0.068545080721378326 0.99764800071716309
vn 6.1801488300261553E-06 0.068545080721378326 0.99764800071716309
vn 6.1801488300261553E-06 0.068545080721378326 0.99764800071716309
vn 6.1801488300261553E-06 0.068545080721378326 0.99764800071716309
vn 6.1801488300261553E-06 0.068545080721378326 0.99764800071716309
vn 6.1801488300261553E-06 0.068545080721378326 0.99764800071716309
vn 6.1801488300261553E-06 0.068545080721378326 0.99764800071716309
vn 6.1801488300261553E-06 0.068545080721378326 0.99764800071716309
vn 6.1801488300261553E-06 0.068545080721378326 0.99764800071716309
vn 6.1801488300261553E-06 0.068545080721378326 0.99764800071716309
vn 6.1801488300261553E-06 0.068545080721378326 0.99764800071716309
vn 6.1801488300261553E-06 0.068545080721378326 0.99764800071716309
vn 6.1801488300261553E-06 0.068545080721378326 0.99764800071716309
vn 6.1801488300261553E-06 0.068545080721378326 0.99764800071716309
vn 6.1801488300261553E-06 0.068545080721378326 0.99764800071716309
vn 6.1801488300261553E-06 0.068545080721378326 0.99764800071716309
vn 6.1801488300261553E-06 0.068545080721378326 0.99764800071716309
vn 6.1801488300261553E-06 0.068545080721378326 0.99764800071716309
vn 6.1801488300261553E-06 0.068545080721378326 0.99764800071716309
vn 6.1801488300261553E-06 0.068545080721378326 0.99764800071716309
vn 6.1801488300261553E-06 0.068545080721378326 0.99764800071716309
vn 6.1801488300261553E-06 0.068545080721378326 0.99764800071716309
vn 6.1801488300261553E-06 0.068545080721378326 0.99764800071716309
vn 6.1801488300261553E-06 0.068545080721378326 0.99764800071716309
vn 6.1801488300261553E-06 0.068545080721378326 0.99764800071716309
vn 6.1801488300261553E-06 0.068545080721378326 0.99764800071716309
vn 6.1801488300261553E-06 0.068545080721378326 0.99764800071716309
vn 6.1801488300261553E-06 0.068545080721378326 0.99764800071716309
vn 6.1801488300261553E-06 0.068545080721378326 0.99764800071716309
vn 6.1801488300261553E-06 0.068545080721378326 0.99764800071716309
vn 6.1801488300261553E-06 0.068545080721378326 0.99764800071716309
vn 6.1801488300261553E-06 0.068545080721378326 0.99764800071716309
vn 6.1801488300261553E-06 0.068545080721378326 0.99764800071716309
vn 6.1801488300261553E-06 0.068545080721378326 0.99764800071716309
vn 6.1801488300261553E-06 0.068545080721378326 0.99764800071716309
vn 6.1801488300261553E-06 0.068545080721378326 0.99764800071716309
vn 6.1801488300261553E-06 0.068545080721378326 0.99764800071716309
vn 6.1801488300261553E-06 0.068545080721378326 0.99764800071716309
vn 6.1801488300261553E-06 0.068545080721378326 0.99764800071716309
vn 6.1801488300261553E-06 0.068545080721378326 0.99764800071716309
vn 6.1801488300261553E-06 0.068545080721378326 0.99764800071716309
vn 6.1801488300261553E-06 0.068545080721378326 0.99764800071716309
vn 6.1801488300261553E-06 0.068545080721378326 0.99764800071716309
vn 6.1801488300261553E-06 0.068545080721378326 0.99764800071716309
vn 6.1801488300261553E-06 0.068545080721378326 0.99764800071716309
vn 6.1801488300261553E-06 0.068545080721378326 0.99764800071716309
vn 6.1801488300261553E-06 0.068545080721378326 0.99764800071716309
vn 6.1801488300261553E-06 0.068545080721378326 0.99764800071716309
vn 6.1801488300261553E-06 0.068545080721378326 0.99764800071716309
vn 6.1801488300261553E-06 0.068545080721378326 0.99764800071716309
vn 6.1801488300261553E-06 0.068545080721378326 0.99764800071716309
vn 6.1801488300261553E-06 0.068545080721378326 0.99764800071716309
vn 6.1801488300261553E-06 0.068545080721378326 0.99764800071716309
vn 6.1801488300261553E-06 0.068545080721378326 0.99764800071716309
vn 6.1801488300261553E-06 0.068545080721378326 0.99764800071716309
vn 6.1801488300261553E-06 0.068545080721378326 0.99764800071716309
vn 6.1801488300261553E-06 0.068545080721378326 0.99764800071716309
vn 6.1801488300261553E-06 0.068545080721378326 0.99764800071716309
vn 6.1801488300261553E-06 0.068545080721378326 0.99764800071716309
vn 6.1801488300261553E-06 0.068545080721378326 0.99764800071716309
vn 6.1801488300261553E-06 0.068545080721378326 0.99764800071716309
vn 6.1801488300261553E-06 0.068545080721378326 0.99764800071716309
vn 6.1801488300261553E-06 0.068545080721378326 0.99764800071716309
vn 6.1801488300261553E-06 0.068545080721378326 0.99764800071716309
vn 6.1801488300261553E-06 0.068545080721378326 0.99764800071716309
vn 6.1801488300261553E-06 0.068545080721378326 0.99764800071716309
vn 6.1801488300261553E-06 0.068545080721378326 0.99764800071716309
vn 6.1801488300261553E-06 0.068545080721378326 0.99764800071716309
vn 6.1801488300261553E-06 0.068545080721378326 0.99764800071716309
vn 6.1801488300261553E-06 0.068545080721378326 0.99764800071716309
vn 6.1801488300261553E-06 0.068545080721378326 0.99764800071716309
vn 6.1801488300261553E-06 0.068545080721378326 0.99764800071716309
vn 6.1801488300261553E-06 0.068545080721378326 0.99764800071716309
vn 6.1801488300261553E-06 0.068545080721378326 0.99764800071716309
vn 6.1801488300261553E-06 0.068545080721378326 0.99764800071716309
vn 6.1801488300261553E-06 0.068545080721378326 0.99764800071716309
vn 6.1801488300261553E-06 0.068545080721378326 0.99764800071716309
vn 6.1801488300261553E-06 0.068545080721378326 0.99764800071716309
vn 6.1801488300261553E-06 0.068545080721378326 0.99764800071716309
vn 6.1801488300261553E-06 0.068545080721378326 0.99764800071716309
vn 6.1801488300261553E-06 0.068545080721378326 0.99764800071716309
vn 6.1801488300261553E-06 0.068545080721378326 0.99764800071716309
vn 6.1801488300261553E-06 0.068545080721378326 0.99764800071716309
vn 6.1801488300261553E-06 0.068545080721378326 0.99764800071716309
vn 6.1801488300261553E-06 0.068545080721378326 0.99764800071716309
vn 6.1801488300261553E-06 0.068545080721378326 0.99764800071716309
vn 6.1801488300261553E-06 0.068545080721378326 0.99764800071716309
vn 6.1801488300261553E-06 0.068545080721378326 0.99764800071716309
vn 6.1801488300261553E-06 0.068545080721378326 0.99764800071716309
vn 6.1801488300261553E-06 0.068545080721378326 0.99764800071716309
vn 6.1801488300261553E-06 0.068545080721378326 0.99764800071716309
vn 6.1801488300261553E-06 0.068545080721378326 0.99764800071716309
vn 6.1801488300261553E-06 0.068545080721378326 0.99764800071716309
vn 6.1801488300261553E-06 0.068545080721378326 0.99764800071716309
vn 6.1801488300261553E-06 0.068545080721378326 0.99764800071716309
vn 6.1801488300261553E-06 0.068545080721378326 0.99764800071716309
vn 6.1801488300261553E-06 0.068545080721378326 0.99764800071716309
vn 6.1801488300261553E-06 0.068545080721378326 0.99764800071716309
vn 6.1801488300261553E-06 0.068545080721378326 0.99764800071716309
vn 6.1801488300261553E-06 0.068545080721378326 0.99764800071716309
vn 6.1801488300261553E-06 0.068545080721378326 0.99764800071716309
vn 6.1801488300261553E-06 0.068545080721378326 0.99764800071716309
vn 6.1801488300261553E-06 0.068545080721378326 0.99764800071716309
vn 6.1801488300261553E-06 0.068545080721378326 0.99764800071716309
vn 6.1801488300261553E-06 0.068545080721378326 0.99764800071716309
vn 0 0 -1
vn 0 0 -1
vn 0 0 -1
vn -0.19105048477649689 0 -0.98158019781112671
vn -0.19105048477649689 0 -0.98158019781112671
vn -0.37991040945053101 0 -0.92502325773239136
vn -0.37991040945053101 0 -0.92502325773239136
vn -0.55795282125473022 0 -0.82987266778945923
vn -0.55795282125473022 0 -0.82987266778945923
vn -0.71443325281143188 0 -0.69970357418060303
vn -0.71443325281143188 0 -0.69970357418060303
vn -0.8411981463432312 0 -0.54072701930999756
vn -0.8411981463432312 0 -0.54072701930999756
vn -0.93161392211914062 0 -0.36344948410987854
vn -0.93161392211914062 0 -0.36344948410987854
vn -0.98373454809188843 0 -0.17962829768657684
vn -1 0 0
vn -1 0 0
vn -1 0 0
vn -0.37991040945053101 0 -0.92502325773239136
vn -0.55795282125473022 0 -0.82987266778945923
vn -0.71443325281143188 0 -0.69970357418060303
vn -0.8411981463432312 0 -0.54072701930999756
vn -0.93161392211914062 0 -0.36344948410987854
vn -0.98373454809188843 0 -0.17962829768657684
vn 1 0 0
vn 1 0 0
vn 1 0 0
vn 0.98158019781112671 0 -0.19105048477649689
vn 0.98158019781112671 0 -0.19105048477649689
vn 0.92502325773239136 0 -0.37991040945053101
vn 0.92502325773239136 0 -0.37991040945053101
vn 0.82987266778945923 0 -0.55795282125473022
vn 0.82987266778945923 0 -0.55795282125473022
vn 0.69970357418060303 0 -0.71443325281143188
vn 0.69970357418060303 0 -0.71443325281143188
vn 0.54072701930999756 0 -0.8411981463432312
vn 0.54072701930999756 0 -0.8411981463432312
vn 0.36344948410987854 0 -0.93161392211914062
vn 0.36344948410987854 0 -0.93161392211914062
vn 0.17962829768657684 0 -0.98373454809188843
vn 0.17962829768657684 0 -0.98373454809188843
vn 0 0 -1
vn 0 0 -1
vn 0 0 -1
vn 0.92502325773239136 0 -0.37991040945053101
vn 0.82987266778945923 0 -0.55795282125473022
vn 0.69970357418060303 0 -0.71443325281143188
vn 0.54072701930999756 0 -0.8411981463432312
vn 0.36344948410987854 0 -0.93161392211914062
vn 0.17962829768657684 0 -0.98373454809188843
vn 0 0 1
vn 0 0 1
vn 0 0 1
vn 0.19105048477649689 0 0.98158019781112671
vn 0.19105048477649689 0 0.98158019781112671
vn 0.37991040945053101 0 0.92502325773239136
vn 0.37991040945053101 0 0.92502325773239136
vn 0.55795282125473022 0 0.82987266778945923
vn 0.55795282125473022 0 0.82987266778945923
vn 0.71443325281143188 0 0.69970357418060303
vn 0.71443325281143188 0 0.69970357418060303
vn 0.8411981463432312 0 0.54072701930999756
vn 0.8411981463432312 0 0.54072701930999756
vn 0.93161392211914062 0 0.36344948410987854
vn 0.93161392211914062 0 0.36344948410987854
vn 0.98373454809188843 0 0.17962829768657684
vn 0.98373454809188843 0 0.17962829768657684
vn 1 0 0
vn 1 0 0
vn 1 0 0
vn 0.37991040945053101 0 0.92502325773239136
vn 0.55795282125473022 0 0.82987266778945923
vn 0.71443325281143188 0 0.69970357418060303
vn 0.8411981463432312 0 0.54072701930999756
vn 0.93161392211914062 0 0.36344948410987854
vn 0.98373454809188843 0 0.17962829768657684
vn -1 0 0
vn -1 0 0
vn -1 0 0
vn -0.98158019781112671 0 0.19105048477649689
vn -0.98158019781112671 0 0.19105048477649689
vn -0.92502325773239136 0 0.37991040945053101
vn -0.92502325773239136 0 0.37991040945053101
vn -0.82987266778945923 0 0.55795282125473022
vn -0.82987266778945923 0 0.55795282125473022
vn -0.69970357418060303 0 0.71443325281143188
vn -0.69970357418060303 0 0.71443325281143188
vn -0.54072701930999756 0 0.8411981463432312
vn -0.54072701930999756 0 0.8411981463432312
vn -0.36344948410987854 0 0.93161392211914062
vn -0.36344948410987854 0 0.93161392211914062
vn -0.17962829768657684 0 0.98373454809188843
vn 0 0 1
vn 0 0 1
vn 0 0 1
vn -0.92502325773239136 0 0.37991040945053101
vn -0.82987266778945923 0 0.55795282125473022
vn -0.69970357418060303 0 0.71443325281143188
vn -0.54072701930999756 0 0.8411981463432312
vn -0.36344948410987854 0 0.93161392211914062
vn -0.17962829768657684 0 0.98373454809188843
vn 0 -1 0
vn 0 -1 0
vn 0 -1 0
vn 0 -1 0
vn 0 -1 0
vn 0 -1 0
vn 0 -1 0
vn 0 -1 0
vn 0 -1 0
vn 0 -1 0
vn 0 -1 0
vn 0 -1 0
vn 0 -1 0
vn 0 -1 0
vn 0 -1 0
vn 0 -1 0
vn 0 -1 0
vn 0 -1 0
vn 0 -1 0
vn 0 -1 0
vn 0 -1 0
vn 0 -1 0
vn 0 -1 0
vn 0 -1 0
vn 0 -1 0
vn 0 -1 0
vn 0 -1 0
vn 0 -1 0
vn 0 -1 0
vn 0 -1 0
vn 0 -1 0
vn 0 -1 0
vn 0 -1 0
vn 0 -1 0
vn 0 -1 0
vn 0 -1 0
vn 0 -1 0
vn 0 -1 0
vn 0 -1 0
vn 0 -1 0
vn 0 -1 0
vn 0 -1 0
vn 0 -1 0
vn 0 -1 0
vn 0 -1 0
vn 0 -1 0
vn 0 -1 0
vn 0 -1 0
vn 0 -1 0
vn 0 -1 0
vn 0 -1 0
vn 0 -1 0
vn 0 -1 0
vn 0 -1 0
vn 0 -1 0
vn 0 -1 0
vn 0 -1 0
vn 0 -1 0
vn 0 -1 0
vn 0 -1 0
vn 0 -1 0
vn 0 -1 0
vn 0 -1 0
vn 0 -1 0
vn 0 -1 0
vn 0 -1 0
vn 0 -1 0
vn 0 -1 0
vn 0 -1 0
vn 0 -1 0
vn 0 -1 0
vn 0 -1 0
vn 0 -1 0
vn 0 -1 0
vn 0 -1 0
vn 0 -1 0
vn 0 -1 0
vn 0 -1 0
vn 0 -1 0
vn 0 -1 0
vn 0 -1 0
vn 0 -1 0
vn 0 -1 0
vn 0 -1 0
vn 0 -1 0
vn 0 -1 0
vn 0 -1 0
vn 0 -1 0
vn 0 -1 0
vn 0 -1 0
vn 0 -1 0
vn 0 -1 0
vn 0 -1 0
vn 0 -1 0
vn 0 -1 0
vn 0 -1 0
vn 0 -1 0
vn 0 -1 0
vn 0 -1 0
vn 0 -1 0
vn 0 -1 0
vn 0 -1 0
vn 0 -1 0
vn 0 -1 0
vn 0 -1 0
vn 0 -1 0
vn 0 -1 0
vn 0 -1 0
vn 0 -1 0
vn 0 -1 0
vn 0 -1 0
vn 0 -1 0
vn 0 -1 0
vn 0 -1 0
vn 0 -1 0
vn 0 0 1
vn 0 0 1
vn 0 0 1
vn 0 0 1
vn 0 0 1
vn 0 0 1
vn 0 0 1
vn 0 0 1
vn 0 0 1
vn 0 0 1
vn 1 0 0
vn 1 0 0
vn 1 0 0
vn 1 0 0
vn 1 0 0
vn 1 0 0
vn 1 0 0
vn 1 0 0
vn 0 0 -1
vn 0 0 -1
vn 0 0 -1
vn 0 0 -1
vn 0 0 -1
vn 0 0 -1
vn 0 0 -1
vn 0 0 -1
vn 0 0 -1
vn 0 0 -1
vn -1 0 0
vn -1 0 0
vn -1 0 0
vn -1 0 0
vn -1 0 0
vn -1 0 0
vn -1 0 0
vn -1 0 0
f 41/41/41 29/29/29 5/5/5 39/39/39
f 29/29/29 30/30/30 7/7/7 5/5/5
f 5/5/5 7/7/7 8/8/8 6/6/6
f 8/8/8 10/10/10 11/11/11 9/9/9
f 11/11/11 13/13/13 14/14/14 12/12/12
f 14/14/14 16/16/16 17/17/17 15/15/15
f 17/17/17 19/19/19 20/20/20 18/18/18
f 39/39/39 5/5/5 6/6/6 40/40/40
f 43/43/43 40/40/40 44/44/44 45/45/45
f 46/46/46 45/45/45 47/47/47 48/48/48
f 49/49/49 48/48/48 50/50/50 51/51/51
f 52/52/52 51/51/51 53/53/53 54/54/54
f 20/20/20 1/1/1 3/3/3
f 18/18/18 20/20/20 3/3/3
f 19/19/19 1/1/1 20/20/20
f 15/15/15 17/17/17 18/18/18
f 16/16/16 19/19/19 17/17/17
f 18/18/18 3/3/3 15/15/15
f 19/19/19 28/28/28 1/1/1
f 3/3/3 55/55/55 15/15/15
f 55/55/55 12/12/12 15/15/15
f 16/16/16 14/14/14 13/13/13
f 12/12/12 9/9/9 11/11/11
f 12/12/12 14/14/14 15/15/15
f 10/10/10 13/13/13 11/11/11
f 9/9/9 12/12/12 55/55/55
f 28/28/28 19/19/19 16/16/16
f 16/16/16 13/13/13 28/28/28
f 26/26/26 27/27/27 10/10/10
f 7/7/7 25/25/25 26/26/26
f 25/25/25 7/7/7 24/24/24
f 23/23/23 30/30/30 22/22/22
f 30/30/30 23/23/23 24/24/24
f 28/28/28 13/13/13 27/27/27
f 10/10/10 27/27/27 13/13/13
f 6/6/6 8/8/8 9/9/9
f 7/7/7 10/10/10 8/8/8
f 21/21/21 22/22/22 30/30/30
f 30/30/30 24/24/24 7/7/7
f 4/4/4 21/21/21 30/30/30 29/29/29
f 6/6/6 9/9/9 55/55/55
f 10/10/10 7/7/7 26/26/26
f 6/6/6 55/55/55 56/56/56
f 47/47/47 56/56/56 50/50/50
f 42/42/42 50/50/50 56/56/56
f 48/48/48 47/47/47 50/50/50
f 44/44/44 56/56/56 47/47/47
f 45/45/45 44/44/44 47/47/47
f 49/49/49 46/46/46 48/48/48
f 43/43/43 45/45/45 46/46/46
f 6/6/6 44/44/44 40/40/40
f 42/42/42 54/54/54 53/53/53
f 50/50/50 42/42/42 53/53/53
f 2/2/2 54/54/54 42/42/42
f 52/52/52 49/49/49 51/51/51
f 2/2/2 52/52/52 54/54/54
f 32/32/32 46/46/46 49/49/49
f 32/32/32 49/49/49 52/52/52
f 50/50/50 53/53/53 51/51/51
f 2/2/2 32/32/32 52/52/52
f 39/39/39 40/40/40 43/43/43
f 39/39/39 36/36/36 41/41/41
f 41/41/41 4/4/4 29/29/29
f 4/4/4 41/41/41 31/31/31
f 41/41/41 38/38/38 31/31/31
f 34/34/34 39/39/39 43/43/43
f 34/34/34 43/43/43 33/33/33
f 34/34/34 35/35/35 39/39/39
f 41/41/41 37/37/37 38/38/38
f 35/35/35 36/36/36 39/39/39
f 37/37/37 41/41/41 36/36/36
f 46/46/46 33/33/33 43/43/43
f 46/46/46 32/32/32 33/33/33
f 44/44/44 6/6/6 56/56/56
f 61/61/61 80/80/80 57/57/57
f 62/62/62 66/66/66 80/80/80
f 80/80/80 61/61/61 62/62/62
f 66/66/66 62/62/62 63/63/63
f 79/79/79 66/66/66 68/68/68 69/69/69
f 78/78/78 79/79/79 69/69/69 70/70/70
f 77/77/77 78/78/78 70/70/70 71/71/71
f 76/76/76 74/74/74 75/75/75
f 75/75/75 74/74/74 58/58/58
f 76/76/76 77/77/77 71/71/71 72/72/72
f 66/66/66 63/63/63 68/68/68
f 67/67/67 64/64/64 65/65/65
f 67/67/67 65/65/65 59/59/59
f 64/64/64 67/67/67 68/68/68
f 74/74/74 76/76/76 72/72/72
f 74/74/74 72/72/72 73/73/73
f 74/74/74 73/73/73 60/60/60
f 63/63/63 64/64/64 68/68/68
f 121/121/121 109/109/109 85/85/85 119/119/119
f 109/109/109 110/110/110 87/87/87 85/85/85
f 85/85/85 87/87/87 88/88/88 86/86/86
f 88/88/88 90/90/90 91/91/91 89/89/89
f 91/91/91 93/93/93 94/94/94 92/92/92
f 94/94/94 96/96/96 97/97/97 95/95/95
f 97/97/97 99/99/99 100/100/100 98/98/98
f 119/119/119 85/85/85 86/86/86 120/120/120
f 125/125/125 120/120/120 126/126/126 127/127/127
f 128/128/128 127/127/127 129/129/129 130/130/130
f 131/131/131 130/130/130 132/132/132 133/133/133
f 134/134/134 133/133/133 135/135/135 136/136/136
f 100/100/100 81/81/81 83/83/83
f 98/98/98 100/100/100 83/83/83
f 99/99/99 81/81/81 100/100/100
f 95/95/95 97/97/97 98/98/98
f 96/96/96 99/99/99 97/97/97
f 98/98/98 83/83/83 95/95/95
f 99/99/99 108/108/108 81/81/81
f 83/83/83 122/122/122 95/95/95
f 122/122/122 92/92/92 95/95/95
f 96/96/96 94/94/94 93/93/93
f 92/92/92 89/89/89 91/91/91
f 92/92/92 94/94/94 95/95/95
f 90/90/90 93/93/93 91/91/91
f 89/89/89 92/92/92 122/122/122
f 108/108/108 99/99/99 96/96/96
f 96/96/96 93/93/93 108/108/108
f 106/106/106 107/107/107 90/90/90
f 93/93/93 107/107/107 108/108/108
f 105/105/105 87/87/87 104/104/104
f 110/110/110 102/102/102 103/103/103
f 103/103/103 104/104/104 110/110/110
f 87/87/87 105/105/105 106/106/106
f 90/90/90 107/107/107 93/93/93
f 86/86/86 88/88/88 89/89/89
f 87/87/87 90/90/90 88/88/88
f 101/101/101 102/102/102 110/110/110
f 110/110/110 104/104/104 87/87/87
f 84/84/84 101/101/101 110/110/110 109/109/109
f 86/86/86 89/89/89 122/122/122
f 90/90/90 87/87/87 106/106/106
f 86/86/86 122/122/122 123/123/123
f 129/129/129 123/123/123 132/132/132
f 124/124/124 132/132/132 123/123/123
f 130/130/130 129/129/129 132/132/132
f 126/126/126 123/123/123 129/129/129
f 127/127/127 126/126/126 129/129/129
f 131/131/131 128/128/128 130/130/130
f 125/125/125 127/127/127 128/128/128
f 86/86/86 126/126/126 120/120/120
f 124/124/124 136/136/136 135/135/135
f 132/132/132 124/124/124 135/135/135
f 82/82/82 136/136/136 124/124/124
f 134/134/134 131/131/131 133/133/133
f 82/82/82 134/134/134 136/136/136
f 112/112/112 131/131/131 134/134/134
f 134/134/134 82/82/82 112/112/112
f 132/132/132 135/135/135 133/133/133
f 112/112/112 128/128/128 131/131/131
f 119/119/119 120/120/120 125/125/125
f 119/119/119 116/116/116 121/121/121
f 121/121/121 84/84/84 109/109/109
f 84/84/84 121/121/121 111/111/111
f 121/121/121 118/118/118 111/111/111
f 114/114/114 119/119/119 125/125/125
f 114/114/114 115/115/115 119/119/119
f 128/128/128 113/113/113 125/125/125
f 117/117/117 118/118/118 121/121/121
f 121/121/121 116/116/116 117/117/117
f 115/115/115 116/116/116 119/119/119
f 113/113/113 114/114/114 125/125/125
f 128/128/128 112/112/112 113/113/113
f 126/126/126 86/86/86 123/123/123
f 282/282/282 141/141/141 285/285/285
f 287/287/287 270/270/270 282/282/282
f 285/285/285 287/287/287 282/282/282
f 270/270/270 287/287/287 286/286/286 140/140/140
f 143/143/143 245/245/245 247/247/247 240/240/240
f 242/242/242 240/240/240 247/247/247
f 246/246/246 142/142/142 242/242/242
f 247/247/247 246/246/246 242/242/242
f 277/277/277 271/271/271 280/280/280
f 273/273/273 146/146/146 277/277/277
f 280/280/280 273/273/273 277/277/277
f 271/271/271 140/140/140 278/278/278 280/280/280
f 280/280/280 278/278/278 139/139/139 279/279/279
f 273/273/273 280/280/280 279/279/279 145/145/145
f 281/281/281 141/141/141 282/282/282 284/284/284
f 284/284/284 282/282/282 270/270/270 283/283/283
f 276/276/276 271/271/271 277/277/277
f 248/248/248 239/239/239 249/249/249
f 241/241/241 240/240/240 242/242/242 244/244/244
f 244/244/244 242/242/242 142/142/142 243/243/243
f 148/148/148 252/252/252 254/254/254 251/251/251
f 252/252/252 144/144/144 253/253/253 254/254/254
f 254/254/254 253/253/253 143/143/143 239/239/239
f 248/248/248 147/147/147 251/251/251
f 254/254/254 239/239/239 248/248/248
f 251/251/251 254/254/254 248/248/248
f 150/150/150 268/268/268 275/275/275 272/272/272
f 269/269/269 146/146/146 273/273/273
f 275/275/275 268/268/268 269/269/269
f 273/273/273 275/275/275 269/269/269
f 275/275/275 273/273/273 145/145/145 274/274/274
f 272/272/272 275/275/275 274/274/274 149/149/149
f 152/152/152 257/257/257 258/258/258 256/256/256
f 257/257/257 148/148/148 251/251/251 258/258/258
f 255/255/255 250/250/250 258/258/258
f 251/251/251 147/147/147 255/255/255
f 258/258/258 251/251/251 255/255/255
f 256/256/256 258/258/258 250/250/250 151/151/151
f 310/310/310 158/158/158 314/314/314
f 314/314/314 154/154/154 153/153/153
f 153/153/153 157/157/157 310/310/310
f 310/310/310 314/314/314 153/153/153
f 160/160/160 212/212/212 214/214/214 211/211/211
f 212/212/212 156/156/156 213/213/213 214/214/214
f 214/214/214 213/213/213 155/155/155 207/207/207
f 208/208/208 159/159/159 211/211/211
f 214/214/214 207/207/207 208/208/208
f 211/211/211 214/214/214 208/208/208
f 307/307/307 297/297/297 312/312/312
f 309/309/309 162/162/162 307/307/307
f 312/312/312 309/309/309 307/307/307
f 313/313/313 158/158/158 310/310/310
f 312/312/312 297/297/297 313/313/313
f 310/310/310 312/312/312 313/313/313
f 312/312/312 310/310/310 157/157/157 311/311/311
f 309/309/309 312/312/312 311/311/311 161/161/161
f 163/163/163 299/299/299 301/301/301 298/298/298
f 298/298/298 301/301/301 300/300/300 296/296/296
f 296/296/296 300/300/300 308/308/308 305/305/305
f 308/308/308 306/306/306 297/297/297 307/307/307
f 305/305/305 308/308/308 307/307/307 162/162/162
f 165/165/165 221/221/221 223/223/223 220/220/220
f 221/221/221 210/210/210 215/215/215 223/223/223
f 220/220/220 223/223/223 222/222/222 209/209/209
f 209/209/209 222/222/222 229/229/229 227/227/227
f 227/227/227 229/229/229 228/228/228 164/164/164
f 166/166/166 218/218/218 219/219/219 217/217/217
f 218/218/218 160/160/160 211/211/211 219/219/219
f 216/216/216 210/210/210 219/219/219
f 211/211/211 159/159/159 216/216/216
f 219/219/219 211/211/211 216/216/216
f 221/221/221 165/165/165 217/217/217
f 219/219/219 210/210/210 221/221/221
f 217/217/217 219/219/219 221/221/221
f 298/298/298 296/296/296 304/304/304
f 302/302/302 163/163/163 298/298/298
f 304/304/304 302/302/302 298/298/298
f 305/305/305 162/162/162 303/303/303
f 304/304/304 296/296/296 305/305/305
f 303/303/303 304/304/304 305/305/305
f 220/220/220 209/209/209 226/226/226
f 224/224/224 165/165/165 220/220/220
f 226/226/226 224/224/224 220/220/220
f 227/227/227 164/164/164 225/225/225
f 226/226/226 209/209/209 227/227/227
f 225/225/225 226/226/226 227/227/227
f 190/190/190 191/191/191 139/139/139 278/278/278
f 189/189/189 190/190/190 286/286/286 287/287/287
f 190/190/190 278/278/278 286/286/286
f 169/169/169 191/191/191 137/137/137
f 278/278/278 140/140/140 286/286/286
f 140/140/140 276/276/276 283/283/283
f 283/283/283 270/270/270 140/140/140
f 191/191/191 169/169/169 139/139/139
f 189/189/189 287/287/287 285/285/285
f 141/141/141 142/142/142 246/246/246 285/285/285
f 284/284/284 283/283/283 266/266/266
f 188/188/188 189/189/189 285/285/285
f 266/266/266 267/267/267 284/284/284
f 318/318/318 281/281/281 267/267/267
f 267/267/267 281/281/281 284/284/284
f 141/141/141 281/281/281 318/318/318
f 265/265/265 266/266/266 283/283/283
f 264/264/264 265/265/265 283/283/283
f 318/318/318 142/142/142 141/141/141
f 169/169/169 170/170/170 279/279/279 139/139/139
f 145/145/145 279/279/279 170/170/170
f 145/145/145 170/170/170 171/171/171
f 149/149/149 274/274/274 171/171/171 172/172/172
f 153/153/153 272/272/272 149/149/149
f 171/171/171 274/274/274 145/145/145
f 260/260/260 277/277/277 146/146/146
f 276/276/276 277/277/277 262/262/262
f 262/262/262 277/277/277 261/261/261
f 276/276/276 263/263/263 264/264/264
f 276/276/276 262/262/262 263/263/263
f 283/283/283 276/276/276 264/264/264
f 259/259/259 269/269/269 268/268/268
f 317/317/317 268/268/268 150/150/150
f 259/259/259 260/260/260 146/146/146
f 268/268/268 317/317/317 259/259/259
f 277/277/277 260/260/260 261/261/261
f 269/269/269 259/259/259 146/146/146
f 272/272/272 154/154/154 150/150/150
f 140/140/140 271/271/271 276/276/276
f 187/187/187 188/188/188 246/246/246
f 246/246/246 188/188/188 285/285/285
f 187/187/187 246/246/246 247/247/247
f 245/245/245 187/187/187 247/247/247
f 244/244/244 243/243/243 230/230/230
f 230/230/230 243/243/243 318/318/318
f 231/231/231 241/241/241 244/244/244
f 230/230/230 231/231/231 244/244/244
f 142/142/142 318/318/318 243/243/243
f 231/231/231 232/232/232 241/241/241
f 185/185/185 186/186/186 253/253/253 144/144/144
f 245/245/245 186/186/186 187/187/187
f 138/138/138 185/185/185 184/184/184
f 185/185/185 144/144/144 184/184/184
f 245/245/245 253/253/253 186/186/186
f 143/143/143 240/240/240 241/241/241
f 245/245/245 143/143/143 253/253/253
f 241/241/241 249/249/249 143/143/143
f 183/183/183 184/184/184 144/144/144 252/252/252
f 233/233/233 241/241/241 232/232/232
f 249/249/249 233/233/233 234/234/234
f 234/234/234 235/235/235 249/249/249
f 235/235/235 248/248/248 249/249/249
f 143/143/143 249/249/249 239/239/239
f 241/241/241 233/233/233 249/249/249
f 248/248/248 236/236/236 237/237/237
f 237/237/237 238/238/238 147/147/147
f 248/248/248 237/237/237 147/147/147
f 319/319/319 250/250/250 238/238/238
f 235/235/235 236/236/236 248/248/248
f 238/238/238 255/255/255 147/147/147
f 183/183/183 252/252/252 148/148/148
f 182/182/182 183/183/183 148/148/148
f 319/319/319 151/151/151 250/250/250
f 151/151/151 320/320/320 155/155/155
f 181/181/181 182/182/182 257/257/257 152/152/152
f 257/257/257 182/182/182 148/148/148
f 152/152/152 256/256/256 213/213/213 156/156/156
f 250/250/250 255/255/255 238/238/238
f 320/320/320 151/151/151 319/319/319
f 150/150/150 316/316/316 317/317/317
f 172/172/172 173/173/173 153/153/153 149/149/149
f 315/315/315 154/154/154 314/314/314
f 153/153/153 154/154/154 272/272/272
f 173/173/173 174/174/174 157/157/157 153/153/153
f 150/150/150 154/154/154 316/316/316
f 174/174/174 175/175/175 311/311/311 157/157/157
f 161/161/161 311/311/311 175/175/175 176/176/176
f 295/295/295 314/314/314 158/158/158
f 316/316/316 154/154/154 315/315/315
f 158/158/158 313/313/313 294/294/294
f 295/295/295 315/315/315 314/314/314
f 294/294/294 295/295/295 158/158/158
f 294/294/294 313/313/313 293/293/293
f 313/313/313 306/306/306 293/293/293
f 308/308/308 291/291/291 306/306/306
f 306/306/306 292/292/292 293/293/293
f 306/306/306 291/291/291 292/292/292
f 297/297/297 306/306/306 313/313/313
f 309/309/309 161/161/161 192/192/192 193/193/193
f 291/291/291 300/300/300 290/290/290
f 162/162/162 309/309/309 303/303/303
f 308/308/308 300/300/300 291/291/291
f 192/192/192 176/176/176 167/167/167
f 303/303/303 309/309/309 193/193/193
f 176/176/176 192/192/192 161/161/161
f 193/193/193 194/194/194 304/304/304 303/303/303
f 289/289/289 290/290/290 300/300/300
f 299/299/299 322/322/322 288/288/288
f 289/289/289 301/301/301 288/288/288
f 301/301/301 299/299/299 288/288/288
f 300/300/300 301/301/301 289/289/289
f 194/194/194 302/302/302 304/304/304
f 302/302/302 225/225/225 164/164/164 163/163/163
f 194/194/194 195/195/195 302/302/302
f 163/163/163 164/164/164 322/322/322
f 299/299/299 163/163/163 322/322/322
f 225/225/225 302/302/302 195/195/195 196/196/196
f 155/155/155 320/320/320 321/321/321
f 155/155/155 321/321/321 207/207/207
f 199/199/199 207/207/207 321/321/321
f 199/199/199 208/208/208 207/207/207
f 155/155/155 213/213/213 256/256/256 151/151/151
f 215/215/215 202/202/202 203/203/203
f 201/201/201 216/216/216 200/200/200
f 201/201/201 202/202/202 216/216/216
f 200/200/200 159/159/159 199/199/199
f 215/215/215 203/203/203 204/204/204
f 216/216/216 202/202/202 215/215/215
f 152/152/152 156/156/156 180/180/180 181/181/181
f 156/156/156 212/212/212 179/179/179 180/180/180
f 199/199/199 159/159/159 208/208/208
f 200/200/200 216/216/216 159/159/159
f 178/178/178 179/179/179 160/160/160 218/218/218
f 160/160/160 179/179/179 212/212/212
f 215/215/215 210/210/210 216/216/216
f 229/229/229 206/206/206 228/228/228
f 205/205/205 222/222/222 204/204/204
f 206/206/206 229/229/229 205/205/205
f 229/229/229 222/222/222 205/205/205
f 196/196/196 226/226/226 225/225/225
f 224/224/224 226/226/226 196/196/196 197/197/197
f 223/223/223 204/204/204 222/222/222
f 164/164/164 228/228/228 322/322/322
f 224/224/224 217/217/217 165/165/165
f 197/197/197 198/198/198 166/166/166 217/217/217
f 224/224/224 197/197/197 217/217/217
f 168/168/168 177/177/177 198/198/198
f 166/166/166 198/198/198 177/177/177
f 177/177/177 178/178/178 218/218/218 166/166/166
f 204/204/204 223/223/223 215/215/215
f 322/322/322 228/228/228 206/206/206
f 333/333/333 421/421/421 424/424/424 423/423/423
f 334/334/334 418/418/418 422/422/422 420/420/420
f 420/420/420 422/422/422 421/421/421 333/333/333
f 335/335/335 415/415/415 419/419/419 417/417/417
f 417/417/417 419/419/419 418/418/418 334/334/334
f 336/336/336 412/412/412 416/416/416 414/414/414
f 414/414/414 416/416/416 415/415/415 335/335/335
f 337/337/337 411/411/411 413/413/413 410/410/410
f 410/410/410 413/413/413 412/412/412 336/336/336
f 339/339/339 405/405/405 409/409/409 407/407/407
f 407/407/407 409/409/409 408/408/408 338/338/338
f 404/404/404 406/406/406 405/405/405 339/339/339
f 420/420/420 333/333/333 342/342/342
f 343/343/343 334/334/334 420/420/420
f 342/342/342 343/343/343 420/420/420
f 417/417/417 334/334/334 343/343/343
f 344/344/344 335/335/335 417/417/417
f 343/343/343 344/344/344 417/417/417
f 414/414/414 335/335/335 344/344/344
f 345/345/345 336/336/336 414/414/414
f 344/344/344 345/345/345 414/414/414
f 410/410/410 336/336/336 345/345/345
f 346/346/346 337/337/337 410/410/410
f 345/345/345 346/346/346 410/410/410
f 347/347/347 338/338/338 337/337/337 346/346/346
f 407/407/407 338/338/338 347/347/347
f 348/348/348 339/339/339 407/407/407
f 347/347/347 348/348/348 407/407/407
f 352/352/352 343/343/343 342/342/342 351/351/351
f 353/353/353 344/344/344 343/343/343 352/352/352
f 354/354/354 345/345/345 344/344/344 353/353/353
f 355/355/355 346/346/346 345/345/345 354/354/354
f 356/356/356 347/347/347 346/346/346 355/355/355
f 357/357/357 348/348/348 347/347/347 356/356/356
f 361/361/361 352/352/352 351/351/351 360/360/360
f 362/362/362 353/353/353 352/352/352 361/361/361
f 363/363/363 354/354/354 353/353/353 362/362/362
f 364/364/364 355/355/355 354/354/354 363/363/363
f 365/365/365 356/356/356 355/355/355 364/364/364
f 366/366/366 357/357/357 356/356/356 365/365/365
f 370/370/370 361/361/361 360/360/360 369/369/369
f 371/371/371 362/362/362 361/361/361 370/370/370
f 372/372/372 363/363/363 362/362/362 371/371/371
f 373/373/373 364/364/364 363/363/363 372/372/372
f 374/374/374 365/365/365 364/364/364 373/373/373
f 375/375/375 366/366/366 365/365/365 374/374/374
f 379/379/379 370/370/370 369/369/369 378/378/378
f 380/380/380 371/371/371 370/370/370 379/379/379
f 381/381/381 372/372/372 371/371/371 380/380/380
f 382/382/382 373/373/373 372/372/372 381/381/381
f 383/383/383 374/374/374 373/373/373 382/382/382
f 384/384/384 375/375/375 374/374/374 383/383/383
f 388/388/388 379/379/379 378/378/378 387/387/387
f 389/389/389 380/380/380 379/379/379 388/388/388
f 390/390/390 381/381/381 380/380/380 389/389/389
f 391/391/391 382/382/382 381/381/381 390/390/390
f 392/392/392 383/383/383 382/382/382 391/391/391
f 393/393/393 384/384/384 383/383/383 392/392/392
f 397/397/397 388/388/388 387/387/387 396/396/396
f 398/398/398 389/389/389 388/388/388 397/397/397
f 399/399/399 390/390/390 389/389/389 398/398/398
f 400/400/400 391/391/391 390/390/390 399/399/399
f 401/401/401 392/392/392 391/391/391 400/400/400
f 402/402/402 393/393/393 392/392/392 401/401/401
f 324/324/324 323/323/323 424/424/424
f 332/332/332 424/424/424 323/323/323
f 421/421/421 324/324/324 424/424/424
f 326/326/326 325/325/325 418/418/418 419/419/419
f 325/325/325 324/324/324 421/421/421 422/422/422
f 422/422/422 418/418/418 325/325/325
f 341/341/341 423/423/423 332/332/332
f 342/342/342 333/333/333 423/423/423
f 326/326/326 415/415/415 416/416/416
f 326/326/326 419/419/419 415/415/415
f 332/332/332 423/423/423 424/424/424
f 327/327/327 326/326/326 416/416/416
f 413/413/413 327/327/327 412/412/412
f 416/416/416 412/412/412 327/327/327
f 328/328/328 327/327/327 413/413/413 411/411/411
f 329/329/329 328/328/328 411/411/411 408/408/408
f 330/330/330 406/406/406 331/331/331
f 330/330/330 329/329/329 408/408/408 409/409/409
f 408/408/408 411/411/411 337/337/337 338/338/338
f 330/330/330 409/409/409 405/405/405
f 330/330/330 405/405/405 406/406/406
f 340/340/340 331/331/331 406/406/406
f 350/350/350 351/351/351 342/342/342 341/341/341
f 359/359/359 360/360/360 351/351/351 350/350/350
f 339/339/339 348/348/348 404/404/404
f 360/360/360 359/359/359 368/368/368 369/369/369
f 377/377/377 378/378/378 369/369/369 368/368/368
f 395/395/395 396/396/396 387/387/387 386/386/386
f 386/386/386 387/387/387 378/378/378 377/377/377
f 349/349/349 404/404/404 348/348/348
f 349/349/349 348/348/348 357/357/357 358/358/358
f 366/366/366 367/367/367 358/358/358 357/357/357
f 404/404/404 349/349/349 340/340/340
f 367/367/367 366/366/366 375/375/375 376/376/376
f 406/406/406 404/404/404 340/340/340
f 384/384/384 385/385/385 376/376/376 375/375/375
f 402/402/402 403/403/403 394/394/394 393/393/393
f 393/393/393 394/394/394 385/385/385 384/384/384
f 341/341/341 342/342/342 423/423/423
f 436/436/436 427/427/427 426/426/426 435/435/435
f 437/437/437 428/428/428 427/427/427 436/436/436
f 438/438/438 429/429/429 428/428/428 437/437/437
f 439/439/439 430/430/430 429/429/429 438/438/438
f 440/440/440 431/431/431 430/430/430 439/439/439
f 441/441/441 432/432/432 431/431/431 440/440/440
f 445/445/445 436/436/436 435/435/435 444/444/444
f 446/446/446 437/437/437 436/436/436 445/445/445
f 447/447/447 438/438/438 437/437/437 446/446/446
f 448/448/448 439/439/439 438/438/438 447/447/447
f 449/449/449 440/440/440 439/439/439 448/448/448
f 450/450/450 441/441/441 440/440/440 449/449/449
f 454/454/454 445/445/445 444/444/444 453/453/453
f 455/455/455 446/446/446 445/445/445 454/454/454
f 456/456/456 447/447/447 446/446/446 455/455/455
f 457/457/457 448/448/448 447/447/447 456/456/456
f 458/458/458 449/449/449 448/448/448 457/457/457
f 459/459/459 450/450/450 449/449/449 458/458/458
f 463/463/463 454/454/454 453/453/453 462/462/462
f 464/464/464 455/455/455 454/454/454 463/463/463
f 465/465/465 456/456/456 455/455/455 464/464/464
f 466/466/466 457/457/457 456/456/456 465/465/465
f 467/467/467 458/458/458 457/457/457 466/466/466
f 468/468/468 459/459/459 458/458/458 467/467/467
f 472/472/472 463/463/463 462/462/462 471/471/471
f 473/473/473 464/464/464 463/463/463 472/472/472
f 474/474/474 465/465/465 464/464/464 473/473/473
f 475/475/475 466/466/466 465/465/465 474/474/474
f 476/476/476 467/467/467 466/466/466 475/475/475
f 477/477/477 468/468/468 467/467/467 476/476/476
f 481/481/481 472/472/472 471/471/471 480/480/480
f 482/482/482 473/473/473 472/472/472 481/481/481
f 483/483/483 474/474/474 473/473/473 482/482/482
f 484/484/484 475/475/475 474/474/474 483/483/483
f 485/485/485 476/476/476 475/475/475 484/484/484
f 486/486/486 477/477/477 476/476/476 485/485/485
f 510/510/510 490/490/490 481/481/481
f 480/480/480 489/489/489 510/510/510
f 481/481/481 480/480/480 510/510/510
f 513/513/513 491/491/491 482/482/482
f 481/481/481 490/490/490 513/513/513
f 482/482/482 481/481/481 513/513/513
f 516/516/516 492/492/492 483/483/483
f 482/482/482 491/491/491 516/516/516
f 483/483/483 482/482/482 516/516/516
f 519/519/519 493/493/493 484/484/484
f 483/483/483 492/492/492 519/519/519
f 484/484/484 483/483/483 519/519/519
f 494/494/494 485/485/485 484/484/484 493/493/493
f 522/522/522 495/495/495 486/486/486
f 485/485/485 494/494/494 522/522/522
f 486/486/486 485/485/485 522/522/522
f 506/506/506 489/489/489 507/507/507 508/508/508
f 509/509/509 490/490/490 510/510/510 511/511/511
f 511/511/511 510/510/510 489/489/489 506/506/506
f 512/512/512 491/491/491 513/513/513 514/514/514
f 514/514/514 513/513/513 490/490/490 509/509/509
f 515/515/515 492/492/492 516/516/516 517/517/517
f 517/517/517 516/516/516 491/491/491 512/512/512
f 518/518/518 493/493/493 519/519/519 520/520/520
f 520/520/520 519/519/519 492/492/492 515/515/515
f 521/521/521 495/495/495 522/522/522 524/524/524
f 524/524/524 522/522/522 494/494/494 523/523/523
f 526/526/526 525/525/525 495/495/495 521/521/521
f 434/434/434 435/435/435 426/426/426 425/425/425
f 443/443/443 444/444/444 435/435/435 434/434/434
f 452/452/452 453/453/453 444/444/444 443/443/443
f 470/470/470 471/471/471 462/462/462 461/461/461
f 471/471/471 470/470/470 479/479/479 480/480/480
f 461/461/461 462/462/462 453/453/453 452/452/452
f 479/479/479 507/507/507 480/480/480
f 441/441/441 442/442/442 433/433/433 432/432/432
f 450/450/450 451/451/451 442/442/442 441/441/441
f 459/459/459 460/460/460 451/451/451 450/450/450
f 477/477/477 478/478/478 469/469/469 468/468/468
f 460/460/460 459/459/459 468/468/468 469/469/469
f 486/486/486 487/487/487 478/478/478 477/477/477
f 525/525/525 487/487/487 486/486/486
f 479/479/479 488/488/488 507/507/507
f 508/508/508 507/507/507 488/488/488
f 480/480/480 507/507/507 489/489/489
f 498/498/498 511/511/511 506/506/506
f 499/499/499 514/514/514 509/509/509
f 509/509/509 511/511/511 499/499/499
f 506/506/506 508/508/508 498/498/498
f 511/511/511 498/498/498 499/499/499
f 497/497/497 498/498/498 508/508/508
f 499/499/499 500/500/500 514/514/514
f 512/512/512 514/514/514 500/500/500
f 501/501/501 515/515/515 517/517/517
f 517/517/517 500/500/500 501/501/501
f 500/500/500 517/517/517 512/512/512
f 520/520/520 515/515/515 501/501/501
f 508/508/508 488/488/488 497/497/497
f 502/502/502 518/518/518 520/520/520
f 494/494/494 493/493/493 518/518/518 523/523/523
f 487/487/487 525/525/525 496/496/496
f 525/525/525 526/526/526 496/496/496
f 486/486/486 495/495/495 525/525/525
f 503/503/503 524/524/524 523/523/523
f 502/502/502 503/503/503 523/523/523 518/518/518
f 504/504/504 524/524/524 503/503/503
f 504/504/504 526/526/526 521/521/521
f 526/526/526 504/504/504 505/505/505
f 504/504/504 521/521/521 524/524/524
f 496/496/496 526/526/526 505/505/505
f 502/502/502 520/520/520 501/501/501
f 537/537/537 625/625/625 628/628/628 627/627/627
f 538/538/538 624/624/624 626/626/626 623/623/623
f 623/623/623 626/626/626 625/625/625 537/537/537
f 540/540/540 618/618/618 622/622/622 620/620/620
f 620/620/620 622/622/622 621/621/621 539/539/539
f 541/541/541 615/615/615 619/619/619 617/617/617
f 617/617/617 619/619/619 618/618/618 540/540/540
f 542/542/542 612/612/612 616/616/616 614/614/614
f 614/614/614 616/616/616 615/615/615 541/541/541
f 543/543/543 609/609/609 613/613/613 611/611/611
f 611/611/611 613/613/613 612/612/612 542/542/542
f 608/608/608 610/610/610 609/609/609 543/543/543
f 623/623/623 537/537/537 546/546/546
f 547/547/547 538/538/538 623/623/623
f 546/546/546 547/547/547 623/623/623
f 548/548/548 539/539/539 538/538/538 547/547/547
f 620/620/620 539/539/539 548/548/548
f 549/549/549 540/540/540 620/620/620
f 548/548/548 549/549/549 620/620/620
f 617/617/617 540/540/540 549/549/549
f 550/550/550 541/541/541 617/617/617
f 549/549/549 550/550/550 617/617/617
f 614/614/614 541/541/541 550/550/550
f 551/551/551 542/542/542 614/614/614
f 550/550/550 551/551/551 614/614/614
f 611/611/611 542/542/542 551/551/551
f 552/552/552 543/543/543 611/611/611
f 551/551/551 552/552/552 611/611/611
f 556/556/556 547/547/547 546/546/546 555/555/555
f 557/557/557 548/548/548 547/547/547 556/556/556
f 558/558/558 549/549/549 548/548/548 557/557/557
f 559/559/559 550/550/550 549/549/549 558/558/558
f 560/560/560 551/551/551 550/550/550 559/559/559
f 561/561/561 552/552/552 551/551/551 560/560/560
f 565/565/565 556/556/556 555/555/555 564/564/564
f 566/566/566 557/557/557 556/556/556 565/565/565
f 567/567/567 558/558/558 557/557/557 566/566/566
f 568/568/568 559/559/559 558/558/558 567/567/567
f 569/569/569 560/560/560 559/559/559 568/568/568
f 570/570/570 561/561/561 560/560/560 569/569/569
f 574/574/574 565/565/565 564/564/564 573/573/573
f 575/575/575 566/566/566 565/565/565 574/574/574
f 576/576/576 567/567/567 566/566/566 575/575/575
f 577/577/577 568/568/568 567/567/567 576/576/576
f 578/578/578 569/569/569 568/568/568 577/577/577
f 579/579/579 570/570/570 569/569/569 578/578/578
f 583/583/583 574/574/574 573/573/573 582/582/582
f 584/584/584 575/575/575 574/574/574 583/583/583
f 585/585/585 576/576/576 575/575/575 584/584/584
f 586/586/586 577/577/577 576/576/576 585/585/585
f 587/587/587 578/578/578 577/577/577 586/586/586
f 588/588/588 579/579/579 578/578/578 587/587/587
f 592/592/592 583/583/583 582/582/582 591/591/591
f 593/593/593 584/584/584 583/583/583 592/592/592
f 594/594/594 585/585/585 584/584/584 593/593/593
f 595/595/595 586/586/586 585/585/585 594/594/594
f 596/596/596 587/587/587 586/586/586 595/595/595
f 597/597/597 588/588/588 587/587/587 596/596/596
f 601/601/601 592/592/592 591/591/591 600/600/600
f 602/602/602 593/593/593 592/592/592 601/601/601
f 603/603/603 594/594/594 593/593/593 602/602/602
f 604/604/604 595/595/595 594/594/594 603/603/603
f 605/605/605 596/596/596 595/595/595 604/604/604
f 606/606/606 597/597/597 596/596/596 605/605/605
f 528/528/528 527/527/527 628/628/628
f 536/536/536 628/628/628 527/527/527
f 625/625/625 528/528/528 628/628/628
f 530/530/530 529/529/529 624/624/624 621/621/621
f 528/528/528 626/626/626 529/529/529
f 626/626/626 528/528/528 625/625/625
f 626/626/626 624/624/624 529/529/529
f 545/545/545 627/627/627 536/536/536
f 546/546/546 537/537/537 627/627/627
f 621/621/621 624/624/624 538/538/538 539/539/539
f 536/536/536 627/627/627 628/628/628
f 622/622/622 530/530/530 621/621/621
f 618/618/618 531/531/531 622/622/622
f 530/530/530 622/622/622 531/531/531
f 619/619/619 532/532/532 531/531/531
f 533/533/533 532/532/532 615/615/615 616/616/616
f 534/534/534 610/610/610 535/535/535
f 534/534/534 533/533/533 612/612/612 613/613/613
f 619/619/619 531/531/531 618/618/618
f 532/532/532 619/619/619 615/615/615
f 533/533/533 616/616/616 612/612/612
f 534/534/534 613/613/613 609/609/609
f 534/534/534 609/609/609 610/610/610
f 544/544/544 535/535/535 610/610/610
f 554/554/554 555/555/555 546/546/546 545/545/545
f 563/563/563 564/564/564 555/555/555 554/554/554
f 543/543/543 552/552/552 608/608/608
f 564/564/564 563/563/563 572/572/572 573/573/573
f 581/581/581 582/582/582 573/573/573 572/572/572
f 599/599/599 600/600/600 591/591/591 590/590/590
f 590/590/590 591/591/591 582/582/582 581/581/581
f 553/553/553 608/608/608 552/552/552
f 553/553/553 552/552/552 561/561/561 562/562/562
f 570/570/570 571/571/571 562/562/562 561/561/561
f 608/608/608 553/553/553 544/544/544
f 571/571/571 570/570/570 579/579/579 580/580/580
f 610/610/610 608/608/608 544/544/544
f 588/588/588 589/589/589 580/580/580 579/579/579
f 606/606/606 607/607/607 598/598/598 597/597/597
f 597/597/597 598/598/598 589/589/589 588/588/588
f 545/545/545 546/546/546 627/627/627
f 639/639/639 727/727/727 730/730/730 729/729/729
f 640/640/640 724/724/724 728/728/728 726/726/726
f 726/726/726 728/728/728 727/727/727 639/639/639
f 641/641/641 721/721/721 725/725/725 723/723/723
f 723/723/723 725/725/725 724/724/724 640/640/640
f 642/642/642 718/718/718 722/722/722 720/720/720
f 720/720/720 722/722/722 721/721/721 641/641/641
f 643/643/643 717/717/717 719/719/719 716/716/716
f 716/716/716 719/719/719 718/718/718 642/642/642
f 645/645/645 711/711/711 715/715/715 713/713/713
f 713/713/713 715/715/715 714/714/714 644/644/644
f 710/710/710 712/712/712 711/711/711 645/645/645
f 726/726/726 639/639/639 648/648/648
f 649/649/649 640/640/640 726/726/726
f 648/648/648 649/649/649 726/726/726
f 723/723/723 640/640/640 649/649/649
f 650/650/650 641/641/641 723/723/723
f 649/649/649 650/650/650 723/723/723
f 720/720/720 641/641/641 650/650/650
f 651/651/651 642/642/642 720/720/720
f 650/650/650 651/651/651 720/720/720
f 716/716/716 642/642/642 651/651/651
f 652/652/652 643/643/643 716/716/716
f 651/651/651 652/652/652 716/716/716
f 653/653/653 644/644/644 643/643/643 652/652/652
f 713/713/713 644/644/644 653/653/653
f 654/654/654 645/645/645 713/713/713
f 653/653/653 654/654/654 713/713/713
f 658/658/658 649/649/649 648/648/648 657/657/657
f 659/659/659 650/650/650 649/649/649 658/658/658
f 660/660/660 651/651/651 650/650/650 659/659/659
f 661/661/661 652/652/652 651/651/651 660/660/660
f 662/662/662 653/653/653 652/652/652 661/661/661
f 663/663/663 654/654/654 653/653/653 662/662/662
f 667/667/667 658/658/658 657/657/657 666/666/666
f 668/668/668 659/659/659 658/658/658 667/667/667
f 669/669/669 660/660/660 659/659/659 668/668/668
f 670/670/670 661/661/661 660/660/660 669/669/669
f 671/671/671 662/662/662 661/661/661 670/670/670
f 672/672/672 663/663/663 662/662/662 671/671/671
f 676/676/676 667/667/667 666/666/666 675/675/675
f 677/677/677 668/668/668 667/667/667 676/676/676
f 678/678/678 669/669/669 668/668/668 677/677/677
f 679/679/679 670/670/670 669/669/669 678/678/678
f 680/680/680 671/671/671 670/670/670 679/679/679
f 681/681/681 672/672/672 671/671/671 680/680/680
f 685/685/685 676/676/676 675/675/675 684/684/684
f 686/686/686 677/677/677 676/676/676 685/685/685
f 687/687/687 678/678/678 677/677/677 686/686/686
f 688/688/688 679/679/679 678/678/678 687/687/687
f 689/689/689 680/680/680 679/679/679 688/688/688
f 690/690/690 681/681/681 680/680/680 689/689/689
f 694/694/694 685/685/685 684/684/684 693/693/693
f 695/695/695 686/686/686 685/685/685 694/694/694
f 696/696/696 687/687/687 686/686/686 695/695/695
f 697/697/697 688/688/688 687/687/687 696/696/696
f 698/698/698 689/689/689 688/688/688 697/697/697
f 699/699/699 690/690/690 689/689/689 698/698/698
f 703/703/703 694/694/694 693/693/693 702/702/702
f 704/704/704 695/695/695 694/694/694 703/703/703
f 705/705/705 696/696/696 695/695/695 704/704/704
f 706/706/706 697/697/697 696/696/696 705/705/705
f 707/707/707 698/698/698 697/697/697 706/706/706
f 708/708/708 699/699/699 698/698/698 707/707/707
f 630/630/630 629/629/629 730/730/730
f 638/638/638 730/730/730 629/629/629
f 727/727/727 630/630/630 730/730/730
f 631/631/631 725/725/725 632/632/632
f 630/630/630 728/728/728 631/631/631
f 728/728/728 630/630/630 727/727/727
f 728/728/728 724/724/724 631/631/631
f 647/647/647 729/729/729 638/638/638
f 648/648/648 639/639/639 729/729/729
f 631/631/631 724/724/724 725/725/725
f 632/632/632 721/721/721 722/722/722
f 632/632/632 725/725/725 721/721/721
f 638/638/638 729/729/729 730/730/730
f 633/633/633 632/632/632 722/722/722
f 719/719/719 633/633/633 718/718/718
f 722/722/722 718/718/718 633/633/633
f 634/634/634 633/633/633 719/719/719
f 635/635/635 634/634/634 717/717/717 714/714/714
f 636/636/636 712/712/712 637/637/637
f 715/715/715 636/636/636 635/635/635
f 634/634/634 719/719/719 717/717/717
f 714/714/714 717/717/717 643/643/643 644/644/644
f 636/636/636 715/715/715 711/711/711
f 646/646/646 637/637/637 712/712/712
f 636/636/636 711/711/711 712/712/712
f 635/635/635 714/714/714 715/715/715
f 656/656/656 657/657/657 648/648/648 647/647/647
f 665/665/665 666/666/666 657/657/657 656/656/656
f 645/645/645 654/654/654 710/710/710
f 666/666/666 665/665/665 674/674/674 675/675/675
f 683/683/683 684/684/684 675/675/675 674/674/674
f 701/701/701 702/702/702 693/693/693 692/692/692
f 692/692/692 693/693/693 684/684/684 683/683/683
f 654/654/654 655/655/655 646/646/646 710/710/710
f 655/655/655 654/654/654 663/663/663 664/664/664
f 672/672/672 673/673/673 664/664/664 663/663/663
f 673/673/673 672/672/672 681/681/681 682/682/682
f 712/712/712 710/710/710 646/646/646
f 690/690/690 691/691/691 682/682/682 681/681/681
f 708/708/708 709/709/709 700/700/700 699/699/699
f 699/699/699 700/700/700 691/691/691 690/690/690
f 647/647/647 648/648/648 729/729/729
f 872/872/872 870/870/870 857/857/857 871/871/871
f 869/869/869 872/872/872 871/871/871 859/859/859
f 861/861/861 859/859/859 871/871/871
f 871/871/871 857/857/857 856/856/856
f 856/856/856 858/858/858 861/861/861
f 861/861/861 871/871/871 856/856/856
f 860/860/860 859/859/859 861/861/861 863/863/863
f 863/863/863 861/861/861 858/858/858 862/862/862
f 875/875/875 873/873/873 854/854/854 874/874/874
f 857/857/857 875/875/875 874/874/874 856/856/856
f 864/864/864 856/856/856 874/874/874
f 874/874/874 854/854/854 753/753/753
f 753/753/753 855/855/855 864/864/864
f 864/864/864 874/874/874 753/753/753
f 858/858/858 856/856/856 864/864/864 866/866/866
f 866/866/866 864/864/864 855/855/855 865/865/865
f 877/877/877 812/812/812 751/751/751 876/876/876
f 854/854/854 877/877/877 876/876/876 753/753/753
f 867/867/867 753/753/753 876/876/876
f 876/876/876 751/751/751 750/750/750
f 750/750/750 752/752/752 867/867/867
f 867/867/867 876/876/876 750/750/750
f 855/855/855 753/753/753 867/867/867 868/868/868
f 868/868/868 867/867/867 752/752/752 844/844/844
f 814/814/814 799/799/799 755/755/755 813/813/813
f 812/812/812 814/814/814 813/813/813 751/751/751
f 811/811/811 802/802/802 801/801/801 810/810/810
f 809/809/809 811/811/811 810/810/810 799/799/799
f 808/808/808 806/806/806 804/804/804 807/807/807
f 805/805/805 808/808/808 807/807/807 802/802/802
f 804/804/804 815/815/815 818/818/818 816/816/816
f 816/816/816 818/818/818 817/817/817 803/803/803
f 807/807/807 804/804/804 816/816/816
f 816/816/816 803/803/803 801/801/801
f 801/801/801 802/802/802 807/807/807
f 807/807/807 816/816/816 801/801/801
f 801/801/801 803/803/803 821/821/821 819/819/819
f 819/819/819 821/821/821 820/820/820 800/800/800
f 810/810/810 801/801/801 819/819/819
f 819/819/819 800/800/800 755/755/755
f 755/755/755 799/799/799 810/810/810
f 810/810/810 819/819/819 755/755/755
f 755/755/755 800/800/800 823/823/823 822/822/822
f 822/822/822 823/823/823 779/779/779 754/754/754
f 813/813/813 755/755/755 822/822/822
f 822/822/822 754/754/754 750/750/750
f 750/750/750 751/751/751 813/813/813
f 813/813/813 822/822/822 750/750/750
f 778/778/778 764/764/764 789/789/789
f 789/789/789 763/763/763 750/750/750
f 750/750/750 754/754/754 778/778/778
f 778/778/778 789/789/789 750/750/750
f 754/754/754 779/779/779 780/780/780 778/778/778
f 778/778/778 780/780/780 766/766/766 764/764/764
f 775/775/775 767/767/767 786/786/786
f 786/786/786 765/765/765 764/764/764
f 764/764/764 766/766/766 775/775/775
f 775/775/775 786/786/786 764/764/764
f 766/766/766 776/776/776 777/777/777 775/775/775
f 775/775/775 777/777/777 769/769/769 767/767/767
f 771/771/771 770/770/770 783/783/783
f 783/783/783 768/768/768 767/767/767
f 767/767/767 769/769/769 771/771/771
f 771/771/771 783/783/783 767/767/767
f 769/769/769 772/772/772 774/774/774 771/771/771
f 771/771/771 774/774/774 773/773/773 770/770/770
f 768/768/768 783/783/783 784/784/784 782/782/782
f 783/783/783 770/770/770 781/781/781 784/784/784
f 765/765/765 786/786/786 787/787/787 785/785/785
f 786/786/786 767/767/767 768/768/768 787/787/787
f 763/763/763 789/789/789 790/790/790 788/788/788
f 789/789/789 764/764/764 765/765/765 790/790/790
f 844/844/844 752/752/752 845/845/845 846/846/846
f 846/846/846 845/845/845 791/791/791 831/831/831
f 845/845/845 752/752/752 750/750/750
f 763/763/763 791/791/791 845/845/845
f 750/750/750 763/763/763 845/845/845
f 841/841/841 831/831/831 842/842/842 843/843/843
f 843/843/843 842/842/842 833/833/833 834/834/834
f 842/842/842 831/831/831 791/791/791
f 832/832/832 833/833/833 842/842/842
f 791/791/791 832/832/832 842/842/842
f 838/838/838 834/834/834 839/839/839 840/840/840
f 840/840/840 839/839/839 836/836/836 837/837/837
f 839/839/839 834/834/834 833/833/833
f 835/835/835 836/836/836 839/839/839
f 833/833/833 835/835/835 839/839/839
f 773/773/773 757/757/757 758/758/758
f 759/759/759 773/773/773 758/758/758
f 773/773/773 774/774/774 757/757/757
f 781/781/781 759/759/759 760/760/760
f 781/781/781 770/770/770 773/773/773
f 781/781/781 760/760/760 761/761/761
f 759/759/759 781/781/781 773/773/773
f 733/733/733 776/776/776 732/732/732
f 756/756/756 774/774/774 733/733/733
f 733/733/733 774/774/774 772/772/772
f 772/772/772 769/769/769 777/777/777
f 733/733/733 772/772/772 777/777/777
f 774/774/774 756/756/756 757/757/757
f 777/777/777 776/776/776 733/733/733
f 784/784/784 761/761/761 762/762/762
f 734/734/734 784/784/784 762/762/762
f 787/787/787 782/782/782 734/734/734
f 782/782/782 787/787/787 768/768/768
f 787/787/787 734/734/734 785/785/785
f 734/734/734 782/782/782 784/784/784
f 780/780/780 776/776/776 766/766/766
f 780/780/780 779/779/779 732/732/732
f 732/732/732 779/779/779 823/823/823
f 790/790/790 765/765/765 785/785/785
f 790/790/790 785/785/785 735/735/735
f 780/780/780 732/732/732 776/776/776
f 785/785/785 734/734/734 735/735/735
f 761/761/761 784/784/784 781/781/781
f 820/820/820 732/732/732 823/823/823
f 818/818/818 798/798/798 731/731/731
f 821/821/821 817/817/817 731/731/731
f 817/817/817 818/818/818 731/731/731
f 821/821/821 803/803/803 817/817/817
f 820/820/820 821/821/821 731/731/731
f 820/820/820 731/731/731 732/732/732
f 797/797/797 798/798/798 818/818/818
f 796/796/796 797/797/797 815/815/815
f 815/815/815 797/797/797 818/818/818
f 795/795/795 796/796/796 815/815/815
f 815/815/815 806/806/806 795/795/795
f 806/806/806 794/794/794 795/795/795
f 794/794/794 806/806/806 793/793/793
f 804/804/804 806/806/806 815/815/815
f 806/806/806 808/808/808 793/793/793
f 809/809/809 799/799/799 814/814/814
f 811/811/811 805/805/805 802/802/802
f 809/809/809 814/814/814 746/746/746
f 809/809/809 748/748/748 811/811/811
f 793/793/793 808/808/808 792/792/792
f 749/749/749 808/808/808 805/805/805
f 749/749/749 792/792/792 808/808/808
f 749/749/749 805/805/805 748/748/748
f 811/811/811 748/748/748 805/805/805
f 746/746/746 747/747/747 809/809/809
f 748/748/748 809/809/809 747/747/747
f 745/745/745 746/746/746 814/814/814 812/812/812
f 800/800/800 820/820/820 823/823/823
f 788/788/788 735/735/735 832/832/832
f 736/736/736 832/832/832 735/735/735
f 832/832/832 791/791/791 763/763/763 788/788/788
f 790/790/790 735/735/735 788/788/788
f 835/835/835 736/736/736 824/824/824
f 832/832/832 835/835/835 833/833/833
f 832/832/832 736/736/736 835/835/835
f 846/846/846 738/738/738 844/844/844
f 855/855/855 868/868/868 865/865/865
f 738/738/738 868/868/868 844/844/844
f 841/841/841 846/846/846 831/831/831
f 835/835/835 824/824/824 836/836/836
f 836/836/836 825/825/825 826/826/826
f 827/827/827 836/836/836 826/826/826
f 837/837/837 827/827/827 828/828/828
f 828/828/828 829/829/829 837/837/837
f 836/836/836 827/827/827 837/837/837
f 829/829/829 840/840/840 837/837/837
f 838/838/838 843/843/843 834/834/834
f 843/843/843 737/737/737 841/841/841
f 840/840/840 737/737/737 838/838/838
f 838/838/838 737/737/737 843/843/843
f 738/738/738 841/841/841 737/737/737
f 830/830/830 737/737/737 840/840/840
f 830/830/830 840/840/840 829/829/829
f 846/846/846 841/841/841 738/738/738
f 824/824/824 825/825/825 836/836/836
f 738/738/738 865/865/865 868/868/868
f 812/812/812 877/877/877 743/743/743 744/744/744
f 873/873/873 877/877/877 854/854/854
f 875/875/875 741/741/741 873/873/873
f 875/875/875 857/857/857 870/870/870
f 870/870/870 741/741/741 875/875/875
f 873/873/873 743/743/743 877/877/877
f 742/742/742 743/743/743 873/873/873
f 740/740/740 872/872/872 853/853/853
f 852/852/852 853/853/853 872/872/872
f 740/740/740 741/741/741 870/870/870
f 873/873/873 741/741/741 742/742/742
f 740/740/740 870/870/870 872/872/872
f 745/745/745 812/812/812 744/744/744
f 739/739/739 866/866/866 865/865/865
f 862/862/862 858/858/858 866/866/866
f 863/863/863 862/862/862 739/739/739
f 866/866/866 739/739/739 862/862/862
f 848/848/848 863/863/863 847/847/847
f 739/739/739 847/847/847 863/863/863
f 739/739/739 865/865/865 738/738/738
f 872/872/872 869/869/869 852/852/852
f 850/850/850 851/851/851 869/869/869
f 869/869/869 851/851/851 852/852/852
f 860/860/860 869/869/869 859/859/859
f 849/849/849 860/860/860 848/848/848
f 860/860/860 849/849/849 850/850/850
f 869/869/869 860/860/860 850/850/850
f 860/860/860 863/863/863 848/848/848
f 880/880/880 886/886/886 888/888/888 887/887/887
f 896/896/896 897/897/897 886/886/886 880/880/880
f 899/899/899 896/896/896 880/880/880 898/898/898
f 882/882/882 888/888/888 878/878/878
f 884/884/884 878/878/878 888/888/888
f 886/886/886 897/897/897 884/884/884
f 885/885/885 884/884/884 897/897/897
f 888/888/888 886/886/886 884/884/884
f 887/887/887 882/882/882 881/881/881
f 898/898/898 881/881/881 879/879/879
f 898/898/898 880/880/880 887/887/887
f 888/888/888 882/882/882 887/887/887
f 881/881/881 898/898/898 887/887/887
f 883/883/883 898/898/898 879/879/879
f 889/889/889 897/897/897 890/890/890
f 896/896/896 891/891/891 890/890/890 897/897/897
f 896/896/896 892/892/892 891/891/891
f 899/899/899 894/894/894 893/893/893 896/896/896
f 892/892/892 896/896/896 893/893/893
f 899/899/899 895/895/895 894/894/894
f 899/899/899 883/883/883 895/895/895
f 898/898/898 883/883/883 899/899/899
f 885/885/885 897/897/897 889/889/889
f 900/900/900 937/937/937 939/939/939 938/938/938
f 939/939/939 940/940/940 942/942/942 941/941/941
f 934/934/934 933/933/933 935/935/935 936/936/936
f 931/931/931 902/902/902 932/932/932 933/933/933
f 904/904/904 903/903/903 900/900/900 901/901/901
f 905/905/905 904/904/904 901/901/901 902/902/902
f 907/907/907 906/906/906 903/903/903 904/904/904
f 908/908/908 907/907/907 904/904/904 905/905/905
f 917/917/917 941/941/941 942/942/942 918/918/918
f 917/917/917 916/916/916 941/941/941
f 916/916/916 915/915/915 938/938/938
f 918/918/918 942/942/942 929/929/929
f 929/929/929 942/942/942 940/940/940
f 938/938/938 939/939/939 941/941/941
f 916/916/916 938/938/938 941/941/941
f 939/939/939 937/937/937 940/940/940
f 940/940/940 919/919/919 929/929/929
f 914/914/914 938/938/938 915/915/915
f 901/901/901 913/913/913 932/932/932
f 932/932/932 912/912/912 911/911/911
f 935/935/935 911/911/911 910/910/910
f 912/912/912 932/932/932 913/913/913
f 933/933/933 932/932/932 935/935/935
f 935/935/935 910/910/910 936/936/936
f 930/930/930 936/936/936 909/909/909
f 936/936/936 910/910/910 909/909/909
f 934/934/934 936/936/936 930/930/930
f 932/932/932 911/911/911 935/935/935
f 914/914/914 913/913/913 901/901/901
f 901/901/901 938/938/938 914/914/914
f 900/900/900 938/938/938 901/901/901
f 903/903/903 937/937/937 900/900/900
f 903/903/903 906/906/906 919/919/919
f 919/919/919 937/937/937 903/903/903
f 901/901/901 932/932/932 902/902/902
f 906/906/906 920/920/920 919/919/919
f 906/906/906 922/922/922 921/921/921
f 907/907/907 923/923/923 922/922/922 906/906/906
f 906/906/906 921/921/921 920/920/920
f 919/919/919 940/940/940 937/937/937
f 933/933/933 934/934/934 931/931/931
f 905/905/905 902/902/902 931/931/931
f 928/928/928 905/905/905 931/931/931
f 928/928/928 931/931/931 934/934/934
f 908/908/908 925/925/925 924/924/924 907/907/907
f 926/926/926 925/925/925 908/908/908
f 908/908/908 927/927/927 926/926/926
f 908/908/908 928/928/928 927/927/927
f 905/905/905 928/928/928 908/908/908
f 924/924/924 923/923/923 907/907/907
f 930/930/930 928/928/928 934/934/934
f 945/945/945 950/950/950 952/952/952 951/951/951
f 961/961/961 962/962/962 950/950/950 945/945/945
f 964/964/964 961/961/961 945/945/945 963/963/963
f 947/947/947 952/952/952 943/943/943
f 948/948/948 943/943/943 952/952/952
f 950/950/950 962/962/962 948/948/948
f 949/949/949 948/948/948 962/962/962
f 952/952/952 950/950/950 948/948/948
f 951/951/951 947/947/947 946/946/946
f 963/963/963 946/946/946 944/944/944
f 963/963/963 945/945/945 951/951/951
f 952/952/952 947/947/947 951/951/951
f 946/946/946 963/963/963 951/951/951
f 953/953/953 963/963/963 944/944/944
f 962/962/962 955/955/955 954/954/954
f 949/949/949 962/962/962 954/954/954
f 955/955/955 962/962/962 956/956/956
f 962/962/962 961/961/961 956/956/956
f 957/957/957 956/956/956 961/961/961
f 964/964/964 959/959/959 958/958/958 961/961/961
f 957/957/957 961/961/961 958/958/958
f 964/964/964 960/960/960 959/959/959
f 964/964/964 953/953/953 960/960/960
f 963/963/963 953/953/953 964/964/964
f 965/965/965 999/999/999 1001/1001/1001 1000/1000/1000
f 1001/1001/1001 1002/1002/1002 1004/1004/1004 1003/1003/1003
f 996/996/996 995/995/995 997/997/997 998/998/998
f 993/993/993 967/967/967 994/994/994 995/995/995
f 969/969/969 968/968/968 965/965/965 966/966/966
f 970/970/970 969/969/969 966/966/966 967/967/967
f 972/972/972 971/971/971 968/968/968 969/969/969
f 973/973/973 972/972/972 969/969/969 970/970/970
f 979/979/979 1003/1003/1003 1004/1004/1004 980/980/980
f 979/979/979 978/978/978 1000/1000/1000
f 991/991/991 980/980/980 1004/1004/1004
f 991/991/991 1004/1004/1004 1002/1002/1002
f 1000/1000/1000 1001/1001/1001 1003/1003/1003
f 979/979/979 1000/1000/1000 1003/1003/1003
f 1001/1001/1001 999/999/999 1002/1002/1002
f 1002/1002/1002 981/981/981 991/991/991
f 966/966/966 978/978/978 977/977/977
f 976/976/976 975/975/975 994/994/994
f 992/992/992 998/998/998 974/974/974
f 974/974/974 998/998/998 997/997/997 975/975/975
f 966/966/966 976/976/976 994/994/994
f 995/995/995 994/994/994 997/997/997
f 975/975/975 997/997/997 994/994/994
f 993/993/993 995/995/995 996/996/996
f 992/992/992 996/996/996 998/998/998
f 977/977/977 976/976/976 966/966/966
f 990/990/990 996/996/996 992/992/992
f 1000/1000/1000 978/978/978 966/966/966
f 968/968/968 999/999/999 965/965/965
f 968/968/968 971/971/971 981/981/981
f 981/981/981 999/999/999 968/968/968
f 1000/1000/1000 966/966/966 965/965/965
f 971/971/971 982/982/982 981/981/981
f 971/971/971 984/984/984 983/983/983
f 972/972/972 985/985/985 984/984/984 971/971/971
f 971/971/971 983/983/983 982/982/982
f 981/981/981 1002/1002/1002 999/999/999
f 970/970/970 993/993/993 990/990/990
f 967/967/967 993/993/993 970/970/970
f 973/973/973 970/970/970 990/990/990
f 973/973/973 987/987/987 986/986/986 972/972/972
f 973/973/973 989/989/989 988/988/988
f 973/973/973 990/990/990 989/989/989
f 973/973/973 988/988/988 987/987/987
f 986/986/986 985/985/985 972/972/972
f 996/996/996 990/990/990 993/993/993
f 994/994/994 967/967/967 966/966/966
f 1096/1096/1096 1058/1058/1058 1095/1095/1095
f 1006/1006/1006 1096/1096/1096 1094/1094/1094
f 1058/1058/1058 1096/1096/1096 1006/1006/1006
f 1093/1093/1093 1028/1028/1028 1092/1092/1092
f 1008/1008/1008 1093/1093/1093 1024/1024/1024
f 1028/1028/1028 1093/1093/1093 1008/1008/1008
f 1007/1007/1007 1092/1092/1092 1028/1028/1028
f 1039/1039/1039 1025/1025/1025 1011/1011/1011
f 1024/1024/1024 1039/1039/1039 1008/1008/1008
f 1025/1025/1025 1039/1039/1039 1024/1024/1024
f 1063/1063/1063 1065/1065/1065 1064/1064/1064 1057/1057/1057
f 1065/1065/1065 1060/1060/1060 1059/1059/1059 1064/1064/1064
f 1064/1064/1064 1006/1006/1006 1057/1057/1057
f 1058/1058/1058 1064/1064/1064 1059/1059/1059
f 1006/1006/1006 1064/1064/1064 1058/1058/1058
f 1060/1060/1060 1062/1062/1062 1061/1061/1061 1059/1059/1059
f 1071/1071/1071 1073/1073/1073 1072/1072/1072 1029/1029/1029
f 1073/1073/1073 1068/1068/1068 1067/1067/1067 1072/1072/1072
f 1072/1072/1072 1007/1007/1007 1029/1029/1029
f 1066/1066/1066 1072/1072/1072 1067/1067/1067
f 1007/1007/1007 1072/1072/1072 1066/1066/1066
f 1069/1069/1069 1066/1066/1066 1067/1067/1067
f 1006/1006/1006 1069/1069/1069 1057/1057/1057
f 1066/1066/1066 1069/1069/1069 1006/1006/1006
f 1068/1068/1068 1070/1070/1070 1069/1069/1069 1067/1067/1067
f 1070/1070/1070 1063/1063/1063 1057/1057/1057 1069/1069/1069
f 1027/1027/1027 1078/1078/1078 1077/1077/1077 1012/1012/1012
f 1078/1078/1078 1074/1074/1074 1030/1030/1030 1077/1077/1077
f 1077/1077/1077 1040/1040/1040 1012/1012/1012
f 1040/1040/1040 1028/1028/1028 1008/1008/1008
f 1028/1028/1028 1077/1077/1077 1030/1030/1030
f 1077/1077/1077 1028/1028/1028 1040/1040/1040
f 1075/1075/1075 1028/1028/1028 1030/1030/1030
f 1007/1007/1007 1075/1075/1075 1029/1029/1029
f 1028/1028/1028 1075/1075/1075 1007/1007/1007
f 1074/1074/1074 1076/1076/1076 1075/1075/1075 1030/1030/1030
f 1076/1076/1076 1071/1071/1071 1029/1029/1029 1075/1075/1075
f 1017/1017/1017 1020/1020/1020 1018/1018/1018 1014/1014/1014
f 1032/1032/1032 1018/1018/1018 1020/1020/1020
f 1013/1013/1013 1032/1032/1032 1019/1019/1019
f 1018/1018/1018 1032/1032/1032 1013/1013/1013
f 1031/1031/1031 1034/1034/1034 1032/1032/1032 1020/1020/1020
f 1034/1034/1034 1033/1033/1033 1019/1019/1019 1032/1032/1032
f 1023/1023/1023 1022/1022/1022 1011/1011/1011 1021/1021/1021
f 1018/1018/1018 1023/1023/1023 1014/1014/1014
f 1022/1022/1022 1018/1018/1018 1013/1013/1013
f 1023/1023/1023 1018/1018/1018 1022/1022/1022
f 1036/1036/1036 1022/1022/1022 1013/1013/1013
f 1041/1041/1041 1036/1036/1036 1026/1026/1026
f 1022/1022/1022 1036/1036/1036 1041/1041/1041
f 1022/1022/1022 1041/1041/1041 1039/1039/1039 1011/1011/1011
f 1041/1041/1041 1040/1040/1040 1008/1008/1008 1039/1039/1039
f 1026/1026/1026 1012/1012/1012 1040/1040/1040 1041/1041/1041
f 1019/1019/1019 1038/1038/1038 1036/1036/1036 1013/1013/1013
f 1038/1038/1038 1037/1037/1037 1026/1026/1026 1036/1036/1036
f 1035/1035/1035 1037/1037/1037 1038/1038/1038
f 1026/1026/1026 1027/1027/1027 1012/1012/1012
f 1095/1095/1095 1042/1042/1042 1091/1091/1091
f 1096/1096/1096 1090/1090/1090 1089/1089/1089
f 1090/1090/1090 1095/1095/1095 1091/1091/1091
f 1066/1066/1066 1087/1087/1087 1086/1086/1086
f 1066/1066/1066 1086/1086/1086 1085/1085/1085
f 1087/1087/1087 1006/1006/1006 1088/1088/1088
f 1007/1007/1007 1085/1085/1085 1084/1084/1084
f 1088/1088/1088 1094/1094/1094 1089/1089/1089
f 1058/1058/1058 1042/1042/1042 1095/1095/1095
f 1058/1058/1058 1059/1059/1059 1061/1061/1061
f 1058/1058/1058 1061/1061/1061 1042/1042/1042
f 1089/1089/1089 1094/1094/1094 1096/1096/1096
f 1006/1006/1006 1087/1087/1087 1066/1066/1066
f 1066/1066/1066 1085/1085/1085 1007/1007/1007
f 1006/1006/1006 1094/1094/1094 1088/1088/1088
f 1090/1090/1090 1096/1096/1096 1095/1095/1095
f 1061/1061/1061 1043/1043/1043 1042/1042/1042
f 1083/1083/1083 1007/1007/1007 1084/1084/1084
f 1092/1092/1092 1082/1082/1082 1081/1081/1081
f 1082/1082/1082 1092/1092/1092 1083/1083/1083
f 1092/1092/1092 1007/1007/1007 1083/1083/1083
f 1093/1093/1093 1092/1092/1092 1081/1081/1081
f 1079/1079/1079 1005/1005/1005 1025/1025/1025
f 1080/1080/1080 1024/1024/1024 1081/1081/1081
f 1093/1093/1093 1081/1081/1081 1024/1024/1024
f 1025/1025/1025 1080/1080/1080 1079/1079/1079
f 1080/1080/1080 1025/1025/1025 1024/1024/1024
f 1025/1025/1025 1021/1021/1021 1011/1011/1011
f 1010/1010/1010 1014/1014/1014 1023/1023/1023
f 1014/1014/1014 1010/1010/1010 1009/1009/1009
f 1021/1021/1021 1010/1010/1010 1023/1023/1023
f 1005/1005/1005 1010/1010/1010 1021/1021/1021
f 1005/1005/1005 1021/1021/1021 1025/1025/1025
f 1026/1026/1026 1037/1037/1037 1027/1027/1027
f 1044/1044/1044 1062/1062/1062 1060/1060/1060
f 1046/1046/1046 1065/1065/1065 1063/1063/1063
f 1065/1065/1065 1045/1045/1045 1060/1060/1060
f 1048/1048/1048 1070/1070/1070 1068/1068/1068
f 1050/1050/1050 1073/1073/1073 1071/1071/1071
f 1051/1051/1051 1071/1071/1071 1076/1076/1076
f 1073/1073/1073 1049/1049/1049 1068/1068/1068
f 1070/1070/1070 1047/1047/1047 1063/1063/1063
f 1060/1060/1060 1045/1045/1045 1044/1044/1044
f 1045/1045/1045 1065/1065/1065 1046/1046/1046
f 1063/1063/1063 1047/1047/1047 1046/1046/1046
f 1048/1048/1048 1068/1068/1068 1049/1049/1049
f 1048/1048/1048 1047/1047/1047 1070/1070/1070
f 1051/1051/1051 1050/1050/1050 1071/1071/1071
f 1073/1073/1073 1050/1050/1050 1049/1049/1049
f 1062/1062/1062 1044/1044/1044 1043/1043/1043
f 1043/1043/1043 1061/1061/1061 1062/1062/1062
f 1052/1052/1052 1051/1051/1051 1076/1076/1076
f 1033/1033/1033 1038/1038/1038 1019/1019/1019
f 1033/1033/1033 1016/1016/1016 1015/1015/1015
f 1015/1015/1015 1035/1035/1035 1033/1033/1033
f 1016/1016/1016 1033/1033/1033 1034/1034/1034
f 1031/1031/1031 1020/1020/1020 1017/1017/1017
f 1009/1009/1009 1031/1031/1031 1017/1017/1017
f 1016/1016/1016 1034/1034/1034 1031/1031/1031
f 1016/1016/1016 1031/1031/1031 1009/1009/1009
f 1014/1014/1014 1009/1009/1009 1017/1017/1017
f 1053/1053/1053 1074/1074/1074 1078/1078/1078
f 1074/1074/1074 1053/1053/1053 1052/1052/1052
f 1052/1052/1052 1076/1076/1076 1074/1074/1074
f 1054/1054/1054 1053/1053/1053 1078/1078/1078
f 1035/1035/1035 1038/1038/1038 1033/1033/1033
f 1035/1035/1035 1056/1056/1056 1037/1037/1037
f 1056/1056/1056 1055/1055/1055 1027/1027/1027
f 1054/1054/1054 1027/1027/1027 1055/1055/1055
f 1054/1054/1054 1078/1078/1078 1027/1027/1027
f 1015/1015/1015 1056/1056/1056 1035/1035/1035
f 1056/1056/1056 1027/1027/1027 1037/1037/1037
f 1170/1170/1170 1159/1159/1159 1099/1099/1099
f 1160/1160/1160 1170/1170/1170 1105/1105/1105
f 1159/1159/1159 1170/1170/1170 1160/1160/1160
f 1188/1188/1188 1100/1100/1100 1127/1127/1127
f 1189/1189/1189 1099/1099/1099 1159/1159/1159
f 1127/1127/1127 1189/1189/1189 1188/1188/1188
f 1099/1099/1099 1189/1189/1189 1127/1127/1127
f 1187/1187/1187 1101/1101/1101 1185/1185/1185
f 1144/1144/1144 1187/1187/1187 1186/1186/1186
f 1101/1101/1101 1187/1187/1187 1144/1144/1144
f 1124/1124/1124 1125/1125/1125 1104/1104/1104
f 1166/1166/1166 1165/1165/1165 1168/1168/1168
f 1166/1166/1166 1168/1168/1168 1167/1167/1167 1125/1125/1125
f 1168/1168/1168 1152/1152/1152 1106/1106/1106 1167/1167/1167
f 1104/1104/1104 1125/1125/1125 1171/1171/1171 1169/1169/1169
f 1169/1169/1169 1171/1171/1171 1170/1170/1170 1099/1099/1099
f 1171/1171/1171 1156/1156/1156 1105/1105/1105 1170/1170/1170
f 1167/1167/1167 1171/1171/1171 1125/1125/1125
f 1156/1156/1156 1167/1167/1167 1106/1106/1106
f 1171/1171/1171 1167/1167/1167 1156/1156/1156
f 1153/1153/1153 1156/1156/1156 1106/1106/1106
f 1158/1158/1158 1153/1153/1153 1107/1107/1107
f 1156/1156/1156 1153/1153/1153 1158/1158/1158
f 1156/1156/1156 1158/1158/1158 1157/1157/1157 1105/1105/1105
f 1161/1161/1161 1164/1164/1164 1162/1162/1162 1152/1152/1152
f 1164/1164/1164 1163/1163/1163 1155/1155/1155 1162/1162/1162
f 1162/1162/1162 1106/1106/1106 1152/1152/1152
f 1153/1153/1153 1162/1162/1162 1155/1155/1155
f 1106/1106/1106 1162/1162/1162 1153/1153/1153
f 1155/1155/1155 1154/1154/1154 1107/1107/1107 1153/1153/1153
f 1132/1132/1132 1134/1134/1134 1133/1133/1133 1126/1126/1126
f 1134/1134/1134 1129/1129/1129 1128/1128/1128 1133/1133/1133
f 1133/1133/1133 1100/1100/1100 1126/1126/1126
f 1127/1127/1127 1133/1133/1133 1128/1128/1128
f 1100/1100/1100 1133/1133/1133 1127/1127/1127
f 1169/1169/1169 1130/1130/1130 1104/1104/1104
f 1130/1130/1130 1127/1127/1127 1128/1128/1128
f 1127/1127/1127 1169/1169/1169 1099/1099/1099
f 1169/1169/1169 1127/1127/1127 1130/1130/1130
f 1129/1129/1129 1131/1131/1131 1130/1130/1130 1128/1128/1128
f 1131/1131/1131 1124/1124/1124 1104/1104/1104 1130/1130/1130
f 1141/1141/1141 1143/1143/1143 1142/1142/1142 1135/1135/1135
f 1143/1143/1143 1138/1138/1138 1137/1137/1137 1142/1142/1142
f 1142/1142/1142 1101/1101/1101 1135/1135/1135
f 1136/1136/1136 1142/1142/1142 1137/1137/1137
f 1101/1101/1101 1142/1142/1142 1136/1136/1136
f 1139/1139/1139 1136/1136/1136 1137/1137/1137
f 1100/1100/1100 1139/1139/1139 1126/1126/1126
f 1136/1136/1136 1139/1139/1139 1100/1100/1100
f 1138/1138/1138 1140/1140/1140 1139/1139/1139 1137/1137/1137
f 1140/1140/1140 1132/1132/1132 1126/1126/1126 1139/1139/1139
f 1150/1150/1150 1146/1146/1146 1145/1145/1145 1149/1149/1149
f 1147/1147/1147 1144/1144/1144 1145/1145/1145
f 1101/1101/1101 1147/1147/1147 1135/1135/1135
f 1144/1144/1144 1147/1147/1147 1101/1101/1101
f 1146/1146/1146 1148/1148/1148 1147/1147/1147 1145/1145/1145
f 1148/1148/1148 1141/1141/1141 1135/1135/1135 1147/1147/1147
f 1160/1160/1160 1097/1097/1097 1184/1184/1184
f 1159/1159/1159 1160/1160/1160 1183/1183/1183
f 1184/1184/1184 1183/1183/1183 1160/1160/1160
f 1160/1160/1160 1098/1098/1098 1097/1097/1097
f 1182/1182/1182 1181/1181/1181 1188/1188/1188
f 1188/1188/1188 1181/1181/1181 1180/1180/1180
f 1159/1159/1159 1182/1182/1182 1189/1189/1189
f 1182/1182/1182 1188/1188/1188 1189/1189/1189
f 1159/1159/1159 1183/1183/1183 1182/1182/1182
f 1157/1157/1157 1160/1160/1160 1105/1105/1105
f 1158/1158/1158 1098/1098/1098 1157/1157/1157
f 1107/1107/1107 1102/1102/1102 1158/1158/1158
f 1098/1098/1098 1158/1158/1158 1102/1102/1102
f 1107/1107/1107 1154/1154/1154 1103/1103/1103
f 1100/1100/1100 1188/1188/1188 1180/1180/1180
f 1103/1103/1103 1102/1102/1102 1107/1107/1107
f 1098/1098/1098 1160/1160/1160 1157/1157/1157
f 1100/1100/1100 1179/1179/1179 1178/1178/1178
f 1136/1136/1136 1177/1177/1177 1176/1176/1176
f 1177/1177/1177 1136/1136/1136 1178/1178/1178
f 1186/1186/1186 1172/1172/1172 1109/1109/1109
f 1185/1185/1185 1175/1175/1175 1174/1174/1174
f 1187/1187/1187 1174/1174/1174 1173/1173/1173
f 1186/1186/1186 1173/1173/1173 1172/1172/1172
f 1175/1175/1175 1101/1101/1101 1176/1176/1176
f 1176/1176/1176 1101/1101/1101 1136/1136/1136
f 1100/1100/1100 1178/1178/1178 1136/1136/1136
f 1175/1175/1175 1185/1185/1185 1101/1101/1101
f 1173/1173/1173 1186/1186/1186 1187/1187/1187
f 1149/1149/1149 1145/1145/1145 1144/1144/1144
f 1144/1144/1144 1109/1109/1109 1149/1149/1149
f 1186/1186/1186 1109/1109/1109 1144/1144/1144
f 1174/1174/1174 1187/1187/1187 1185/1185/1185
f 1100/1100/1100 1180/1180/1180 1179/1179/1179
f 1108/1108/1108 1149/1149/1149 1109/1109/1109
f 1155/1155/1155 1163/1163/1163 1154/1154/1154
f 1103/1103/1103 1154/1154/1154 1163/1163/1163
f 1151/1151/1151 1163/1163/1163 1164/1164/1164
f 1163/1163/1163 1151/1151/1151 1103/1103/1103
f 1161/1161/1161 1152/1152/1152 1168/1168/1168
f 1168/1168/1168 1165/1165/1165 1161/1161/1161
f 1151/1151/1151 1161/1161/1161 1110/1110/1110
f 1161/1161/1161 1151/1151/1151 1164/1164/1164
f 1165/1165/1165 1166/1166/1166 1111/1111/1111
f 1111/1111/1111 1110/1110/1110 1165/1165/1165
f 1166/1166/1166 1124/1124/1124 1111/1111/1111
f 1112/1112/1112 1111/1111/1111 1124/1124/1124
f 1113/1113/1113 1124/1124/1124 1131/1131/1131
f 1129/1129/1129 1114/1114/1114 1131/1131/1131
f 1113/1113/1113 1131/1131/1131 1114/1114/1114
f 1115/1115/1115 1114/1114/1114 1129/1129/1129
f 1113/1113/1113 1112/1112/1112 1124/1124/1124
f 1161/1161/1161 1165/1165/1165 1110/1110/1110
f 1116/1116/1116 1134/1134/1134 1132/1132/1132
f 1118/1118/1118 1140/1140/1140 1138/1138/1138
f 1140/1140/1140 1117/1117/1117 1132/1132/1132
f 1120/1120/1120 1143/1143/1143 1141/1141/1141
f 1122/1122/1122 1148/1148/1148 1146/1146/1146
f 1123/1123/1123 1146/1146/1146 1150/1150/1150
f 1148/1148/1148 1121/1121/1121 1141/1141/1141
f 1143/1143/1143 1119/1119/1119 1138/1138/1138
f 1132/1132/1132 1117/1117/1117 1116/1116/1116
f 1118/1118/1118 1138/1138/1138 1119/1119/1119
f 1118/1118/1118 1117/1117/1117 1140/1140/1140
f 1143/1143/1143 1120/1120/1120 1119/1119/1119
f 1123/1123/1123 1150/1150/1150 1108/1108/1108
f 1146/1146/1146 1123/1123/1123 1122/1122/1122
f 1122/1122/1122 1121/1121/1121 1148/1148/1148
f 1141/1141/1141 1121/1121/1121 1120/1120/1120
f 1134/1134/1134 1116/1116/1116 1115/1115/1115
f 1115/1115/1115 1129/1129/1129 1134/1134/1134
f 1149/1149/1149 1108/1108/1108 1150/1150/1150
f 1124/1124/1124 1166/1166/1166 1125/1125/1125
f 1281/1281/1281 1243/1243/1243 1280/1280/1280
f 1191/1191/1191 1281/1281/1281 1279/1279/1279
f 1243/1243/1243 1281/1281/1281 1191/1191/1191
f 1278/1278/1278 1215/1215/1215 1277/1277/1277
f 1193/1193/1193 1278/1278/1278 1211/1211/1211
f 1215/1215/1215 1278/1278/1278 1193/1193/1193
f 1192/1192/1192 1277/1277/1277 1215/1215/1215
f 1226/1226/1226 1212/1212/1212 1196/1196/1196
f 1211/1211/1211 1226/1226/1226 1193/1193/1193
f 1212/1212/1212 1226/1226/1226 1211/1211/1211
f 1248/1248/1248 1250/1250/1250 1249/1249/1249 1242/1242/1242
f 1250/1250/1250 1245/1245/1245 1244/1244/1244 1249/1249/1249
f 1249/1249/1249 1191/1191/1191 1242/1242/1242
f 1243/1243/1243 1249/1249/1249 1244/1244/1244
f 1191/1191/1191 1249/1249/1249 1243/1243/1243
f 1245/1245/1245 1247/1247/1247 1246/1246/1246 1244/1244/1244
f 1256/1256/1256 1258/1258/1258 1257/1257/1257 1216/1216/1216
f 1258/1258/1258 1253/1253/1253 1252/1252/1252 1257/1257/1257
f 1257/1257/1257 1192/1192/1192 1216/1216/1216
f 1251/1251/1251 1257/1257/1257 1252/1252/1252
f 1192/1192/1192 1257/1257/1257 1251/1251/1251
f 1254/1254/1254 1251/1251/1251 1252/1252/1252
f 1191/1191/1191 1254/1254/1254 1242/1242/1242
f 1251/1251/1251 1254/1254/1254 1191/1191/1191
f 1253/1253/1253 1255/1255/1255 1254/1254/1254 1252/1252/1252
f 1255/1255/1255 1248/1248/1248 1242/1242/1242 1254/1254/1254
f 1214/1214/1214 1263/1263/1263 1262/1262/1262 1197/1197/1197
f 1263/1263/1263 1259/1259/1259 1217/1217/1217 1262/1262/1262
f 1262/1262/1262 1227/1227/1227 1197/1197/1197
f 1227/1227/1227 1215/1215/1215 1193/1193/1193
f 1215/1215/1215 1262/1262/1262 1217/1217/1217
f 1262/1262/1262 1215/1215/1215 1227/1227/1227
f 1260/1260/1260 1215/1215/1215 1217/1217/1217
f 1192/1192/1192 1260/1260/1260 1216/1216/1216
f 1215/1215/1215 1260/1260/1260 1192/1192/1192
f 1259/1259/1259 1261/1261/1261 1260/1260/1260 1217/1217/1217
f 1261/1261/1261 1256/1256/1256 1216/1216/1216 1260/1260/1260
f 1204/1204/1204 1207/1207/1207 1205/1205/1205 1199/1199/1199
f 1219/1219/1219 1205/1205/1205 1207/1207/1207
f 1198/1198/1198 1219/1219/1219 1206/1206/1206
f 1205/1205/1205 1219/1219/1219 1198/1198/1198
f 1218/1218/1218 1221/1221/1221 1219/1219/1219 1207/1207/1207
f 1221/1221/1221 1220/1220/1220 1206/1206/1206 1219/1219/1219
f 1210/1210/1210 1209/1209/1209 1196/1196/1196 1208/1208/1208
f 1205/1205/1205 1210/1210/1210 1199/1199/1199
f 1209/1209/1209 1205/1205/1205 1198/1198/1198
f 1210/1210/1210 1205/1205/1205 1209/1209/1209
f 1223/1223/1223 1209/1209/1209 1198/1198/1198
f 1228/1228/1228 1223/1223/1223 1213/1213/1213
f 1209/1209/1209 1223/1223/1223 1228/1228/1228
f 1209/1209/1209 1228/1228/1228 1226/1226/1226 1196/1196/1196
f 1228/1228/1228 1227/1227/1227 1193/1193/1193 1226/1226/1226
f 1213/1213/1213 1197/1197/1197 1227/1227/1227 1228/1228/1228
f 1206/1206/1206 1225/1225/1225 1223/1223/1223 1198/1198/1198
f 1225/1225/1225 1224/1224/1224 1213/1213/1213 1223/1223/1223
f 1222/1222/1222 1224/1224/1224 1225/1225/1225
f 1213/1213/1213 1214/1214/1214 1197/1197/1197
f 1280/1280/1280 1200/1200/1200 1276/1276/1276
f 1281/1281/1281 1275/1275/1275 1274/1274/1274
f 1275/1275/1275 1280/1280/1280 1276/1276/1276
f 1251/1251/1251 1272/1272/1272 1271/1271/1271
f 1251/1251/1251 1271/1271/1271 1270/1270/1270
f 1272/1272/1272 1191/1191/1191 1273/1273/1273
f 1192/1192/1192 1270/1270/1270 1269/1269/1269
f 1273/1273/1273 1279/1279/1279 1274/1274/1274
f 1243/1243/1243 1200/1200/1200 1280/1280/1280
f 1243/1243/1243 1244/1244/1244 1246/1246/1246
f 1243/1243/1243 1246/1246/1246 1200/1200/1200
f 1274/1274/1274 1279/1279/1279 1281/1281/1281
f 1191/1191/1191 1272/1272/1272 1251/1251/1251
f 1251/1251/1251 1270/1270/1270 1192/1192/1192
f 1191/1191/1191 1279/1279/1279 1273/1273/1273
f 1275/1275/1275 1281/1281/1281 1280/1280/1280
f 1246/1246/1246 1201/1201/1201 1200/1200/1200
f 1268/1268/1268 1192/1192/1192 1269/1269/1269
f 1277/1277/1277 1267/1267/1267 1266/1266/1266
f 1267/1267/1267 1277/1277/1277 1268/1268/1268
f 1277/1277/1277 1192/1192/1192 1268/1268/1268
f 1278/1278/1278 1277/1277/1277 1266/1266/1266
f 1264/1264/1264 1190/1190/1190 1212/1212/1212
f 1265/1265/1265 1211/1211/1211 1266/1266/1266
f 1278/1278/1278 1266/1266/1266 1211/1211/1211
f 1212/1212/1212 1265/1265/1265 1264/1264/1264
f 1265/1265/1265 1212/1212/1212 1211/1211/1211
f 1212/1212/1212 1208/1208/1208 1196/1196/1196
f 1195/1195/1195 1199/1199/1199 1210/1210/1210
f 1199/1199/1199 1195/1195/1195 1194/1194/1194
f 1208/1208/1208 1195/1195/1195 1210/1210/1210
f 1190/1190/1190 1195/1195/1195 1208/1208/1208
f 1190/1190/1190 1208/1208/1208 1212/1212/1212
f 1213/1213/1213 1224/1224/1224 1214/1214/1214
f 1229/1229/1229 1247/1247/1247 1245/1245/1245
f 1231/1231/1231 1250/1250/1250 1248/1248/1248
f 1250/1250/1250 1230/1230/1230 1245/1245/1245
f 1233/1233/1233 1255/1255/1255 1253/1253/1253
f 1235/1235/1235 1258/1258/1258 1256/1256/1256
f 1236/1236/1236 1256/1256/1256 1261/1261/1261
f 1258/1258/1258 1234/1234/1234 1253/1253/1253
f 1255/1255/1255 1232/1232/1232 1248/1248/1248
f 1245/1245/1245 1230/1230/1230 1229/1229/1229
f 1230/1230/1230 1250/1250/1250 1231/1231/1231
f 1248/1248/1248 1232/1232/1232 1231/1231/1231
f 1233/1233/1233 1253/1253/1253 1234/1234/1234
f 1233/1233/1233 1232/1232/1232 1255/1255/1255
f 1236/1236/1236 1235/1235/1235 1256/1256/1256
f 1258/1258/1258 1235/1235/1235 1234/1234/1234
f 1247/1247/1247 1229/1229/1229 1201/1201/1201
f 1201/1201/1201 1246/1246/1246 1247/1247/1247
f 1237/1237/1237 1236/1236/1236 1261/1261/1261
f 1220/1220/1220 1225/1225/1225 1206/1206/1206
f 1220/1220/1220 1203/1203/1203 1202/1202/1202
f 1202/1202/1202 1222/1222/1222 1220/1220/1220
f 1203/1203/1203 1220/1220/1220 1221/1221/1221
f 1218/1218/1218 1207/1207/1207 1204/1204/1204
f 1194/1194/1194 1218/1218/1218 1204/1204/1204
f 1203/1203/1203 1221/1221/1221 1218/1218/1218
f 1203/1203/1203 1218/1218/1218 1194/1194/1194
f 1199/1199/1199 1194/1194/1194 1204/1204/1204
f 1238/1238/1238 1259/1259/1259 1263/1263/1263
f 1259/1259/1259 1238/1238/1238 1237/1237/1237
f 1237/1237/1237 1261/1261/1261 1259/1259/1259
f 1239/1239/1239 1238/1238/1238 1263/1263/1263
f 1222/1222/1222 1225/1225/1225 1220/1220/1220
f 1222/1222/1222 1241/1241/1241 1224/1224/1224
f 1241/1241/1241 1240/1240/1240 1214/1214/1214
f 1239/1239/1239 1214/1214/1214 1240/1240/1240
f 1239/1239/1239 1263/1263/1263 1214/1214/1214
f 1202/1202/1202 1241/1241/1241 1222/1222/1222
f 1241/1241/1241 1214/1214/1214 1224/1224/1224
f 1355/1355/1355 1344/1344/1344 1284/1284/1284
f 1345/1345/1345 1355/1355/1355 1290/1290/1290
f 1344/1344/1344 1355/1355/1355 1345/1345/1345
f 1373/1373/1373 1285/1285/1285 1312/1312/1312
f 1374/1374/1374 1284/1284/1284 1344/1344/1344
f 1312/1312/1312 1374/1374/1374 1373/1373/1373
f 1284/1284/1284 1374/1374/1374 1312/1312/1312
f 1372/1372/1372 1286/1286/1286 1370/1370/1370
f 1329/1329/1329 1372/1372/1372 1371/1371/1371
f 1286/1286/1286 1372/1372/1372 1329/1329/1329
f 1309/1309/1309 1310/1310/1310 1289/1289/1289
f 1351/1351/1351 1350/1350/1350 1353/1353/1353
f 1351/1351/1351 1353/1353/1353 1352/1352/1352 1310/1310/1310
f 1353/1353/1353 1337/1337/1337 1291/1291/1291 1352/1352/1352
f 1289/1289/1289 1310/1310/1310 1356/1356/1356 1354/1354/1354
f 1354/1354/1354 1356/1356/1356 1355/1355/1355 1284/1284/1284
f 1356/1356/1356 1341/1341/1341 1290/1290/1290 1355/1355/1355
f 1352/1352/1352 1356/1356/1356 1310/1310/1310
f 1341/1341/1341 1352/1352/1352 1291/1291/1291
f 1356/1356/1356 1352/1352/1352 1341/1341/1341
f 1338/1338/1338 1341/1341/1341 1291/1291/1291
f 1343/1343/1343 1338/1338/1338 1292/1292/1292
f 1341/1341/1341 1338/1338/1338 1343/1343/1343
f 1341/1341/1341 1343/1343/1343 1342/1342/1342 1290/1290/1290
f 1346/1346/1346 1349/1349/1349 1347/1347/1347 1337/1337/1337
f 1349/1349/1349 1348/1348/1348 1340/1340/1340 1347/1347/1347
f 1347/1347/1347 1291/1291/1291 1337/1337/1337
f 1338/1338/1338 1347/1347/1347 1340/1340/1340
f 1291/1291/1291 1347/1347/1347 1338/1338/1338
f 1340/1340/1340 1339/1339/1339 1292/1292/1292 1338/1338/1338
f 1317/1317/1317 1319/1319/1319 1318/1318/1318 1311/1311/1311
f 1319/1319/1319 1314/1314/1314 1313/1313/1313 1318/1318/1318
f 1318/1318/1318 1285/1285/1285 1311/1311/1311
f 1312/1312/1312 1318/1318/1318 1313/1313/1313
f 1285/1285/1285 1318/1318/1318 1312/1312/1312
f 1354/1354/1354 1315/1315/1315 1289/1289/1289
f 1315/1315/1315 1312/1312/1312 1313/1313/1313
f 1312/1312/1312 1354/1354/1354 1284/1284/1284
f 1354/1354/1354 1312/1312/1312 1315/1315/1315
f 1314/1314/1314 1316/1316/1316 1315/1315/1315 1313/1313/1313
f 1316/1316/1316 1309/1309/1309 1289/1289/1289 1315/1315/1315
f 1326/1326/1326 1328/1328/1328 1327/1327/1327 1320/1320/1320
f 1328/1328/1328 1323/1323/1323 1322/1322/1322 1327/1327/1327
f 1327/1327/1327 1286/1286/1286 1320/1320/1320
f 1321/1321/1321 1327/1327/1327 1322/1322/1322
f 1286/1286/1286 1327/1327/1327 1321/1321/1321
f 1324/1324/1324 1321/1321/1321 1322/1322/1322
f 1285/1285/1285 1324/1324/1324 1311/1311/1311
f 1321/1321/1321 1324/1324/1324 1285/1285/1285
f 1323/1323/1323 1325/1325/1325 1324/1324/1324 1322/1322/1322
f 1325/1325/1325 1317/1317/1317 1311/1311/1311 1324/1324/1324
f 1335/1335/1335 1331/1331/1331 1330/1330/1330 1334/1334/1334
f 1332/1332/1332 1329/1329/1329 1330/1330/1330
f 1286/1286/1286 1332/1332/1332 1320/1320/1320
f 1329/1329/1329 1332/1332/1332 1286/1286/1286
f 1331/1331/1331 1333/1333/1333 1332/1332/1332 1330/1330/1330
f 1333/1333/1333 1326/1326/1326 1320/1320/1320 1332/1332/1332
f 1345/1345/1345 1282/1282/1282 1369/1369/1369
f 1344/1344/1344 1345/1345/1345 1368/1368/1368
f 1369/1369/1369 1368/1368/1368 1345/1345/1345
f 1345/1345/1345 1283/1283/1283 1282/1282/1282
f 1367/1367/1367 1366/1366/1366 1373/1373/1373
f 1373/1373/1373 1366/1366/1366 1365/1365/1365
f 1344/1344/1344 1367/1367/1367 1374/1374/1374
f 1367/1367/1367 1373/1373/1373 1374/1374/1374
f 1344/1344/1344 1368/1368/1368 1367/1367/1367
f 1342/1342/1342 1345/1345/1345 1290/1290/1290
f 1343/1343/1343 1283/1283/1283 1342/1342/1342
f 1292/1292/1292 1287/1287/1287 1343/1343/1343
f 1283/1283/1283 1343/1343/1343 1287/1287/1287
f 1292/1292/1292 1339/1339/1339 1288/1288/1288
f 1285/1285/1285 1373/1373/1373 1365/1365/1365
f 1288/1288/1288 1287/1287/1287 1292/1292/1292
f 1283/1283/1283 1345/1345/1345 1342/1342/1342
f 1285/1285/1285 1364/1364/1364 1363/1363/1363
f 1321/1321/1321 1362/1362/1362 1361/1361/1361
f 1362/1362/1362 1321/1321/1321 1363/1363/1363
f 1371/1371/1371 1357/1357/1357 1294/1294/1294
f 1370/1370/1370 1360/1360/1360 1359/1359/1359
f 1372/1372/1372 1359/1359/1359 1358/1358/1358
f 1371/1371/1371 1358/1358/1358 1357/1357/1357
f 1360/1360/1360 1286/1286/1286 1361/1361/1361
f 1361/1361/1361 1286/1286/1286 1321/1321/1321
f 1285/1285/1285 1363/1363/1363 1321/1321/1321
f 1360/1360/1360 1370/1370/1370 1286/1286/1286
f 1358/1358/1358 1371/1371/1371 1372/1372/1372
f 1334/1334/1334 1330/1330/1330 1329/1329/1329
f 1329/1329/1329 1294/1294/1294 1334/1334/1334
f 1371/1371/1371 1294/1294/1294 1329/1329/1329
f 1359/1359/1359 1372/1372/1372 1370/1370/1370
f 1285/1285/1285 1365/1365/1365 1364/1364/1364
f 1293/1293/1293 1334/1334/1334 1294/1294/1294
f 1340/1340/1340 1348/1348/1348 1339/1339/1339
f 1288/1288/1288 1339/1339/1339 1348/1348/1348
f 1336/1336/1336 1348/1348/1348 1349/1349/1349
f 1348/1348/1348 1336/1336/1336 1288/1288/1288
f 1346/1346/1346 1337/1337/1337 1353/1353/1353
f 1353/1353/1353 1350/1350/1350 1346/1346/1346
f 1336/1336/1336 1346/1346/1346 1295/1295/1295
f 1346/1346/1346 1336/1336/1336 1349/1349/1349
f 1350/1350/1350 1351/1351/1351 1296/1296/1296
f 1296/1296/1296 1295/1295/1295 1350/1350/1350
f 1351/1351/1351 1309/1309/1309 1296/1296/1296
f 1297/1297/1297 1296/1296/1296 1309/1309/1309
f 1298/1298/1298 1309/1309/1309 1316/1316/1316
f 1314/1314/1314 1299/1299/1299 1316/1316/1316
f 1298/1298/1298 1316/1316/1316 1299/1299/1299
f 1300/1300/1300 1299/1299/1299 1314/1314/1314
f 1298/1298/1298 1297/1297/1297 1309/1309/1309
f 1346/1346/1346 1350/1350/1350 1295/1295/1295
f 1301/1301/1301 1319/1319/1319 1317/1317/1317
f 1303/1303/1303 1325/1325/1325 1323/1323/1323
f 1325/1325/1325 1302/1302/1302 1317/1317/1317
f 1305/1305/1305 1328/1328/1328 1326/1326/1326
f 1307/1307/1307 1333/1333/1333 1331/1331/1331
f 1308/1308/1308 1331/1331/1331 1335/1335/1335
f 1333/1333/1333 1306/1306/1306 1326/1326/1326
f 1328/1328/1328 1304/1304/1304 1323/1323/1323
f 1317/1317/1317 1302/1302/1302 1301/1301/1301
f 1303/1303/1303 1323/1323/1323 1304/1304/1304
f 1303/1303/1303 1302/1302/1302 1325/1325/1325
f 1328/1328/1328 1305/1305/1305 1304/1304/1304
f 1308/1308/1308 1335/1335/1335 1293/1293/1293
f 1331/1331/1331 1308/1308/1308 1307/1307/1307
f 1307/1307/1307 1306/1306/1306 1333/1333/1333
f 1326/1326/1326 1306/1306/1306 1305/1305/1305
f 1319/1319/1319 1301/1301/1301 1300/1300/1300
f 1300/1300/1300 1314/1314/1314 1319/1319/1319
f 1334/1334/1334 1293/1293/1293 1335/1335/1335
f 1309/1309/1309 1351/1351/1351 1310/1310/1310
f 1472/1472/1472 1471/1471/1471 1478/1478/1478
f 1478/1478/1478 1470/1470/1470 1375/1375/1375
f 1375/1375/1375 1468/1468/1468 1472/1472/1472
f 1472/1472/1472 1478/1478/1478 1375/1375/1375
f 1468/1468/1468 1473/1473/1473 1475/1475/1475 1472/1472/1472
f 1472/1472/1472 1475/1475/1475 1474/1474/1474 1471/1471/1471
f 1470/1470/1470 1478/1478/1478 1479/1479/1479 1477/1477/1477
f 1478/1478/1478 1471/1471/1471 1476/1476/1476 1479/1479/1479
f 1376/1376/1376 1467/1467/1467 1469/1469/1469 1466/1466/1466
f 1466/1466/1466 1469/1469/1469 1468/1468/1468 1375/1375/1375
f 1381/1381/1381 1566/1566/1566 1581/1581/1581 1579/1579/1579
f 1579/1579/1579 1581/1581/1581 1580/1580/1580 1380/1380/1380
f 1571/1571/1571 1569/1569/1569 1567/1567/1567 1570/1570/1570
f 1568/1568/1568 1571/1571/1571 1570/1570/1570 1565/1565/1565
f 1567/1567/1567 1575/1575/1575 1578/1578/1578 1576/1576/1576
f 1576/1576/1576 1578/1578/1578 1577/1577/1577 1566/1566/1566
f 1570/1570/1570 1567/1567/1567 1576/1576/1576
f 1576/1576/1576 1566/1566/1566 1381/1381/1381
f 1381/1381/1381 1565/1565/1565 1570/1570/1570
f 1570/1570/1570 1576/1576/1576 1381/1381/1381
f 1382/1382/1382 1481/1481/1481 1482/1482/1482 1480/1480/1480
f 1481/1481/1481 1375/1375/1375 1470/1470/1470 1482/1482/1482
f 1466/1466/1466 1375/1375/1375 1481/1481/1481
f 1481/1481/1481 1382/1382/1382 1383/1383/1383
f 1383/1383/1383 1376/1376/1376 1466/1466/1466
f 1466/1466/1466 1481/1481/1481 1383/1383/1383
f 1384/1384/1384 1377/1377/1377 1376/1376/1376 1383/1383/1383
f 1385/1385/1385 1378/1378/1378 1377/1377/1377 1384/1384/1384
f 1386/1386/1386 1379/1379/1379 1378/1378/1378 1385/1385/1385
f 1387/1387/1387 1380/1380/1380 1379/1379/1379 1386/1386/1386
f 1573/1573/1573 1381/1381/1381 1579/1579/1579
f 1579/1579/1579 1380/1380/1380 1387/1387/1387
f 1387/1387/1387 1388/1388/1388 1573/1573/1573
f 1573/1573/1573 1579/1579/1579 1387/1387/1387
f 1574/1574/1574 1565/1565/1565 1381/1381/1381 1573/1573/1573
f 1572/1572/1572 1574/1574/1574 1573/1573/1573 1388/1388/1388
f 1390/1390/1390 1383/1383/1383 1382/1382/1382 1389/1389/1389
f 1391/1391/1391 1384/1384/1384 1383/1383/1383 1390/1390/1390
f 1392/1392/1392 1385/1385/1385 1384/1384/1384 1391/1391/1391
f 1393/1393/1393 1386/1386/1386 1385/1385/1385 1392/1392/1392
f 1394/1394/1394 1387/1387/1387 1386/1386/1386 1393/1393/1393
f 1395/1395/1395 1388/1388/1388 1387/1387/1387 1394/1394/1394
f 1397/1397/1397 1390/1390/1390 1389/1389/1389 1396/1396/1396
f 1398/1398/1398 1391/1391/1391 1390/1390/1390 1397/1397/1397
f 1399/1399/1399 1392/1392/1392 1391/1391/1391 1398/1398/1398
f 1400/1400/1400 1393/1393/1393 1392/1392/1392 1399/1399/1399
f 1401/1401/1401 1394/1394/1394 1393/1393/1393 1400/1400/1400
f 1402/1402/1402 1395/1395/1395 1394/1394/1394 1401/1401/1401
f 1404/1404/1404 1397/1397/1397 1396/1396/1396 1403/1403/1403
f 1405/1405/1405 1398/1398/1398 1397/1397/1397 1404/1404/1404
f 1406/1406/1406 1399/1399/1399 1398/1398/1398 1405/1405/1405
f 1407/1407/1407 1400/1400/1400 1399/1399/1399 1406/1406/1406
f 1408/1408/1408 1401/1401/1401 1400/1400/1400 1407/1407/1407
f 1409/1409/1409 1402/1402/1402 1401/1401/1401 1408/1408/1408
f 1411/1411/1411 1404/1404/1404 1403/1403/1403 1410/1410/1410
f 1412/1412/1412 1405/1405/1405 1404/1404/1404 1411/1411/1411
f 1413/1413/1413 1406/1406/1406 1405/1405/1405 1412/1412/1412
f 1414/1414/1414 1407/1407/1407 1406/1406/1406 1413/1413/1413
f 1415/1415/1415 1408/1408/1408 1407/1407/1407 1414/1414/1414
f 1416/1416/1416 1409/1409/1409 1408/1408/1408 1415/1415/1415
f 1417/1417/1417 1504/1504/1504 1506/1506/1506 1498/1498/1498
f 1504/1504/1504 1410/1410/1410 1505/1505/1505 1506/1506/1506
f 1504/1504/1504 1417/1417/1417 1512/1512/1512
f 1512/1512/1512 1418/1418/1418 1411/1411/1411
f 1411/1411/1411 1410/1410/1410 1504/1504/1504
f 1504/1504/1504 1512/1512/1512 1411/1411/1411
f 1419/1419/1419 1412/1412/1412 1411/1411/1411 1418/1418/1418
f 1420/1420/1420 1413/1413/1413 1412/1412/1412 1419/1419/1419
f 1421/1421/1421 1414/1414/1414 1413/1413/1413 1420/1420/1420
f 1422/1422/1422 1415/1415/1415 1414/1414/1414 1421/1421/1421
f 1536/1536/1536 1423/1423/1423 1550/1550/1550
f 1550/1550/1550 1416/1416/1416 1415/1415/1415
f 1415/1415/1415 1422/1422/1422 1536/1536/1536
f 1536/1536/1536 1550/1550/1550 1415/1415/1415
f 1551/1551/1551 1549/1549/1549 1416/1416/1416 1550/1550/1550
f 1539/1539/1539 1551/1551/1551 1550/1550/1550 1423/1423/1423
f 1508/1508/1508 1497/1497/1497 1509/1509/1509 1510/1510/1510
f 1510/1510/1510 1509/1509/1509 1499/1499/1499 1507/1507/1507
f 1501/1501/1501 1499/1499/1499 1509/1509/1509
f 1509/1509/1509 1497/1497/1497 1417/1417/1417
f 1417/1417/1417 1498/1498/1498 1501/1501/1501
f 1501/1501/1501 1509/1509/1509 1417/1417/1417
f 1499/1499/1499 1501/1501/1501 1503/1503/1503 1500/1500/1500
f 1501/1501/1501 1498/1498/1498 1502/1502/1502 1503/1503/1503
f 1511/1511/1511 1418/1418/1418 1512/1512/1512 1513/1513/1513
f 1513/1513/1513 1512/1512/1512 1417/1417/1417 1497/1497/1497
f 1535/1535/1535 1423/1423/1423 1536/1536/1536 1538/1538/1538
f 1538/1538/1538 1536/1536/1536 1422/1422/1422 1537/1537/1537
f 1548/1548/1548 1546/1546/1546 1539/1539/1539 1547/1547/1547
f 1545/1545/1545 1548/1548/1548 1547/1547/1547 1540/1540/1540
f 1542/1542/1542 1540/1540/1540 1547/1547/1547
f 1547/1547/1547 1539/1539/1539 1423/1423/1423
f 1423/1423/1423 1535/1535/1535 1542/1542/1542
f 1542/1542/1542 1547/1547/1547 1423/1423/1423
f 1541/1541/1541 1540/1540/1540 1542/1542/1542 1544/1544/1544
f 1544/1544/1544 1542/1542/1542 1535/1535/1535 1543/1543/1543
f 1471/1471/1471 1474/1474/1474 1458/1458/1458
f 1474/1474/1474 1456/1456/1456 1457/1457/1457
f 1458/1458/1458 1474/1474/1474 1457/1457/1457
f 1455/1455/1455 1456/1456/1456 1474/1474/1474
f 1471/1471/1471 1458/1458/1458 1459/1459/1459
f 1476/1476/1476 1461/1461/1461 1462/1462/1462
f 1459/1459/1459 1476/1476/1476 1471/1471/1471
f 1461/1461/1461 1476/1476/1476 1460/1460/1460
f 1460/1460/1460 1476/1476/1476 1459/1459/1459
f 1476/1476/1476 1462/1462/1462 1463/1463/1463
f 1451/1451/1451 1452/1452/1452 1469/1469/1469 1467/1467/1467
f 1450/1450/1450 1451/1451/1451 1467/1467/1467
f 1449/1449/1449 1450/1450/1450 1377/1377/1377
f 1452/1452/1452 1453/1453/1453 1473/1473/1473
f 1454/1454/1454 1455/1455/1455 1475/1475/1475
f 1475/1475/1475 1455/1455/1455 1474/1474/1474
f 1454/1454/1454 1475/1475/1475 1473/1473/1473
f 1469/1469/1469 1452/1452/1452 1473/1473/1473
f 1453/1453/1453 1454/1454/1454 1473/1473/1473
f 1468/1468/1468 1469/1469/1469 1473/1473/1473
f 1479/1479/1479 1465/1465/1465 1424/1424/1424
f 1479/1479/1479 1463/1463/1463 1464/1464/1464
f 1465/1465/1465 1479/1479/1479 1464/1464/1464
f 1479/1479/1479 1424/1424/1424 1477/1477/1477
f 1482/1482/1482 1477/1477/1477 1425/1425/1425
f 1426/1426/1426 1427/1427/1427 1389/1389/1389
f 1425/1425/1425 1426/1426/1426 1480/1480/1480 1482/1482/1482
f 1427/1427/1427 1428/1428/1428 1396/1396/1396 1389/1389/1389
f 1424/1424/1424 1425/1425/1425 1477/1477/1477
f 1377/1377/1377 1467/1467/1467 1376/1376/1376
f 1450/1450/1450 1467/1467/1467 1377/1377/1377
f 1480/1480/1480 1389/1389/1389 1382/1382/1382
f 1426/1426/1426 1389/1389/1389 1480/1480/1480
f 1482/1482/1482 1470/1470/1470 1477/1477/1477
f 1396/1396/1396 1428/1428/1428 1429/1429/1429
f 1463/1463/1463 1479/1479/1479 1476/1476/1476
f 1377/1377/1377 1378/1378/1378 1448/1448/1448 1449/1449/1449
f 1447/1447/1447 1379/1379/1379 1446/1446/1446
f 1580/1580/1580 1445/1445/1445 1446/1446/1446
f 1444/1444/1444 1445/1445/1445 1580/1580/1580 1581/1581/1581
f 1580/1580/1580 1446/1446/1446 1379/1379/1379
f 1581/1581/1581 1577/1577/1577 1444/1444/1444
f 1563/1563/1563 1564/1564/1564 1577/1577/1577
f 1577/1577/1577 1564/1564/1564 1444/1444/1444
f 1578/1578/1578 1563/1563/1563 1577/1577/1577
f 1447/1447/1447 1448/1448/1448 1378/1378/1378 1379/1379/1379
f 1575/1575/1575 1561/1561/1561 1562/1562/1562
f 1563/1563/1563 1578/1578/1578 1562/1562/1562
f 1560/1560/1560 1561/1561/1561 1575/1575/1575
f 1575/1575/1575 1559/1559/1559 1560/1560/1560
f 1562/1562/1562 1578/1578/1578 1575/1575/1575
f 1558/1558/1558 1559/1559/1559 1567/1567/1567
f 1569/1569/1569 1557/1557/1557 1558/1558/1558
f 1556/1556/1556 1557/1557/1557 1569/1569/1569
f 1569/1569/1569 1555/1555/1555 1556/1556/1556
f 1575/1575/1575 1567/1567/1567 1559/1559/1559
f 1581/1581/1581 1566/1566/1566 1577/1577/1577
f 1379/1379/1379 1380/1380/1380 1580/1580/1580
f 1572/1572/1572 1388/1388/1388 1395/1395/1395
f 1568/1568/1568 1565/1565/1565 1574/1574/1574
f 1442/1442/1442 1574/1574/1574 1572/1572/1572
f 1572/1572/1572 1395/1395/1395 1441/1441/1441
f 1554/1554/1554 1569/1569/1569 1571/1571/1571
f 1554/1554/1554 1571/1571/1571 1553/1553/1553
f 1552/1552/1552 1553/1553/1553 1571/1571/1571
f 1552/1552/1552 1571/1571/1571 1443/1443/1443
f 1555/1555/1555 1569/1569/1569 1554/1554/1554
f 1442/1442/1442 1443/1443/1443 1568/1568/1568
f 1571/1571/1571 1568/1568/1568 1443/1443/1443
f 1442/1442/1442 1568/1568/1568 1574/1574/1574
f 1441/1441/1441 1442/1442/1442 1572/1572/1572
f 1440/1440/1440 1441/1441/1441 1395/1395/1395
f 1439/1439/1439 1440/1440/1440 1395/1395/1395 1402/1402/1402
f 1558/1558/1558 1567/1567/1567 1569/1569/1569
f 1430/1430/1430 1403/1403/1403 1429/1429/1429
f 1431/1431/1431 1432/1432/1432 1506/1506/1506 1505/1505/1505
f 1433/1433/1433 1502/1502/1502 1432/1432/1432
f 1403/1403/1403 1430/1430/1430 1431/1431/1431
f 1506/1506/1506 1432/1432/1432 1502/1502/1502
f 1503/1503/1503 1433/1433/1433 1483/1483/1483
f 1485/1485/1485 1503/1503/1503 1484/1484/1484
f 1483/1483/1483 1484/1484/1484 1503/1503/1503
f 1500/1500/1500 1503/1503/1503 1485/1485/1485
f 1502/1502/1502 1433/1433/1433 1503/1503/1503
f 1403/1403/1403 1505/1505/1505 1410/1410/1410
f 1506/1506/1506 1502/1502/1502 1498/1498/1498
f 1431/1431/1431 1505/1505/1505 1403/1403/1403
f 1489/1489/1489 1499/1499/1499 1500/1500/1500
f 1418/1418/1418 1511/1511/1511 1419/1419/1419
f 1420/1420/1420 1419/1419/1419 1516/1516/1516 1517/1517/1517
f 1500/1500/1500 1485/1485/1485 1486/1486/1486
f 1487/1487/1487 1488/1488/1488 1500/1500/1500
f 1489/1489/1489 1490/1490/1490 1499/1499/1499
f 1507/1507/1507 1499/1499/1499 1490/1490/1490
f 1489/1489/1489 1500/1500/1500 1488/1488/1488
f 1491/1491/1491 1492/1492/1492 1507/1507/1507
f 1510/1510/1510 1507/1507/1507 1493/1493/1493
f 1493/1493/1493 1507/1507/1507 1492/1492/1492
f 1494/1494/1494 1510/1510/1510 1493/1493/1493
f 1490/1490/1490 1491/1491/1491 1507/1507/1507
f 1494/1494/1494 1508/1508/1508 1510/1510/1510
f 1514/1514/1514 1511/1511/1511 1513/1513/1513
f 1497/1497/1497 1508/1508/1508 1513/1513/1513
f 1513/1513/1513 1508/1508/1508 1496/1496/1496
f 1495/1495/1495 1508/1508/1508 1494/1494/1494
f 1513/1513/1513 1496/1496/1496 1514/1514/1514
f 1514/1514/1514 1515/1515/1515 1511/1511/1511
f 1516/1516/1516 1419/1419/1419 1515/1515/1515
f 1508/1508/1508 1495/1495/1495 1496/1496/1496
f 1511/1511/1511 1515/1515/1515 1419/1419/1419
f 1487/1487/1487 1500/1500/1500 1486/1486/1486
f 1402/1402/1402 1409/1409/1409 1437/1437/1437 1438/1438/1438
f 1435/1435/1435 1549/1549/1549 1551/1551/1551
f 1409/1409/1409 1416/1416/1416 1549/1549/1549
f 1549/1549/1549 1436/1436/1436 1409/1409/1409
f 1537/1537/1537 1422/1422/1422 1421/1421/1421
f 1520/1520/1520 1538/1538/1538 1537/1537/1537
f 1537/1537/1537 1421/1421/1421 1519/1519/1519
f 1546/1546/1546 1551/1551/1551 1539/1539/1539
f 1551/1551/1551 1546/1546/1546 1435/1435/1435
f 1436/1436/1436 1437/1437/1437 1409/1409/1409
f 1435/1435/1435 1436/1436/1436 1549/1549/1549
f 1435/1435/1435 1546/1546/1546 1434/1434/1434
f 1533/1533/1533 1548/1548/1548 1532/1532/1532
f 1548/1548/1548 1545/1545/1545 1532/1532/1532
f 1434/1434/1434 1548/1548/1548 1534/1534/1534
f 1533/1533/1533 1534/1534/1534 1548/1548/1548
f 1546/1546/1546 1548/1548/1548 1434/1434/1434
f 1439/1439/1439 1402/1402/1402 1438/1438/1438
f 1543/1543/1543 1535/1535/1535 1538/1538/1538
f 1544/1544/1544 1543/1543/1543 1523/1523/1523
f 1522/1522/1522 1523/1523/1523 1543/1543/1543
f 1524/1524/1524 1544/1544/1544 1523/1523/1523
f 1522/1522/1522 1543/1543/1543 1521/1521/1521
f 1518/1518/1518 1519/1519/1519 1421/1421/1421
f 1520/1520/1520 1521/1521/1521 1538/1538/1538
f 1521/1521/1521 1543/1543/1543 1538/1538/1538
f 1519/1519/1519 1520/1520/1520 1537/1537/1537
f 1421/1421/1421 1420/1420/1420 1517/1517/1517 1518/1518/1518
f 1528/1528/1528 1529/1529/1529 1545/1545/1545
f 1531/1531/1531 1545/1545/1545 1530/1530/1530
f 1529/1529/1529 1530/1530/1530 1545/1545/1545
f 1528/1528/1528 1545/1545/1545 1540/1540/1540
f 1532/1532/1532 1545/1545/1545 1531/1531/1531
f 1525/1525/1525 1541/1541/1541 1524/1524/1524
f 1526/1526/1526 1541/1541/1541 1525/1525/1525
f 1540/1540/1540 1527/1527/1527 1528/1528/1528
f 1526/1526/1526 1527/1527/1527 1541/1541/1541
f 1541/1541/1541 1527/1527/1527 1540/1540/1540
f 1541/1541/1541 1544/1544/1544 1524/1524/1524
f 1429/1429/1429 1403/1403/1403 1396/1396/1396
f 1583/1583/1583 1582/1582/1582 1585/1585/1585
f 1585/1585/1585 1586/1586/1586 1583/1583/1583
f 1587/1587/1587 1601/1601/1601 1585/1585/1585
f 1589/1589/1589 1602/1602/1602 1601/1601/1601 1587/1587/1587
f 1602/1602/1602 1589/1589/1589 1591/1591/1591 1603/1603/1603
f 1584/1584/1584 1583/1583/1583 1586/1586/1586
f 1601/1601/1601 1586/1586/1586 1585/1585/1585
f 1588/1588/1588 1586/1586/1586 1601/1601/1601
f 1602/1602/1602 1590/1590/1590 1588/1588/1588 1601/1601/1601
f 1590/1590/1590 1602/1602/1602 1603/1603/1603 1592/1592/1592
f 1593/1593/1593 1604/1604/1604 1603/1603/1603 1591/1591/1591
f 1604/1604/1604 1593/1593/1593 1595/1595/1595 1605/1605/1605
f 1604/1604/1604 1594/1594/1594 1592/1592/1592 1603/1603/1603
f 1597/1597/1597 1606/1606/1606 1605/1605/1605 1595/1595/1595
f 1598/1598/1598 1599/1599/1599 1606/1606/1606 1597/1597/1597
f 1594/1594/1594 1604/1604/1604 1605/1605/1605 1596/1596/1596
f 1600/1600/1600 1606/1606/1606 1599/1599/1599
f 1606/1606/1606 1600/1600/1600 1596/1596/1596
f 1605/1605/1605 1606/1606/1606 1596/1596/1596
f 1608/1608/1608 1607/1607/1607 1610/1610/1610
f 1610/1610/1610 1611/1611/1611 1608/1608/1608
f 1612/1612/1612 1627/1627/1627 1610/1610/1610
f 1614/1614/1614 1628/1628/1628 1627/1627/1627 1612/1612/1612
f 1616/1616/1616 1629/1629/1629 1628/1628/1628 1614/1614/1614
f 1609/1609/1609 1608/1608/1608 1611/1611/1611
f 1627/1627/1627 1611/1611/1611 1610/1610/1610
f 1613/1613/1613 1611/1611/1611 1627/1627/1627
f 1615/1615/1615 1628/1628/1628 1629/1629/1629 1617/1617/1617
f 1628/1628/1628 1615/1615/1615 1613/1613/1613 1627/1627/1627
f 1629/1629/1629 1616/1616/1616 1618/1618/1618 1630/1630/1630
f 1630/1630/1630 1618/1618/1618 1620/1620/1620 1631/1631/1631
f 1617/1617/1617 1629/1629/1629 1630/1630/1630 1619/1619/1619
f 1622/1622/1622 1632/1632/1632 1631/1631/1631 1620/1620/1620
f 1624/1624/1624 1625/1625/1625 1632/1632/1632 1622/1622/1622
f 1631/1631/1631 1621/1621/1621 1619/1619/1619 1630/1630/1630
f 1625/1625/1625 1626/1626/1626 1623/1623/1623 1632/1632/1632
f 1632/1632/1632 1623/1623/1623 1621/1621/1621 1631/1631/1631
f 1634/1634/1634 1633/1633/1633 1636/1636/1636
f 1636/1636/1636 1637/1637/1637 1634/1634/1634
f 1638/1638/1638 1653/1653/1653 1636/1636/1636
f 1640/1640/1640 1654/1654/1654 1653/1653/1653 1638/1638/1638
f 1642/1642/1642 1655/1655/1655 1654/1654/1654 1640/1640/1640
f 1635/1635/1635 1634/1634/1634 1637/1637/1637
f 1653/1653/1653 1637/1637/1637 1636/1636/1636
f 1639/1639/1639 1637/1637/1637 1653/1653/1653
f 1641/1641/1641 1654/1654/1654 1655/1655/1655 1643/1643/1643
f 1654/1654/1654 1641/1641/1641 1639/1639/1639 1653/1653/1653
f 1655/1655/1655 1642/1642/1642 1644/1644/1644 1656/1656/1656
f 1656/1656/1656 1644/1644/1644 1646/1646/1646 1657/1657/1657
f 1643/1643/1643 1655/1655/1655 1656/1656/1656 1645/1645/1645
f 1648/1648/1648 1658/1658/1658 1657/1657/1657 1646/1646/1646
f 1650/1650/1650 1651/1651/1651 1658/1658/1658 1648/1648/1648
f 1657/1657/1657 1647/1647/1647 1645/1645/1645 1656/1656/1656
f 1651/1651/1651 1652/1652/1652 1649/1649/1649 1658/1658/1658
f 1658/1658/1658 1649/1649/1649 1647/1647/1647 1657/1657/1657
f 1660/1660/1660 1659/1659/1659 1662/1662/1662
f 1662/1662/1662 1663/1663/1663 1660/1660/1660
f 1664/1664/1664 1678/1678/1678 1662/1662/1662
f 1666/1666/1666 1679/1679/1679 1678/1678/1678 1664/1664/1664
f 1679/1679/1679 1666/1666/1666 1668/1668/1668 1680/1680/1680
f 1661/1661/1661 1660/1660/1660 1663/1663/1663
f 1678/1678/1678 1663/1663/1663 1662/1662/1662
f 1665/1665/1665 1663/1663/1663 1678/1678/1678
f 1679/1679/1679 1667/1667/1667 1665/1665/1665 1678/1678/1678
f 1667/1667/1667 1679/1679/1679 1680/1680/1680 1669/1669/1669
f 1670/1670/1670 1681/1681/1681 1680/1680/1680 1668/1668/1668
f 1681/1681/1681 1670/1670/1670 1672/1672/1672 1682/1682/1682
f 1681/1681/1681 1671/1671/1671 1669/1669/1669 1680/1680/1680
f 1674/1674/1674 1683/1683/1683 1682/1682/1682 1672/1672/1672
f 1675/1675/1675 1676/1676/1676 1683/1683/1683 1674/1674/1674
f 1671/1671/1671 1681/1681/1681 1682/1682/1682 1673/1673/1673
f 1677/1677/1677 1683/1683/1683 1676/1676/1676
f 1677/1677/1677 1673/1673/1673 1682/1682/1682 1683/1683/1683
f 1738/1738/1738 1731/1731/1731 1732/1732/1732
f 1741/1741/1741 1739/1739/1739 1729/1729/1729 1740/1740/1740
f 1738/1738/1738 1741/1741/1741 1740/1740/1740 1731/1731/1731
f 1733/1733/1733 1731/1731/1731 1740/1740/1740
f 1740/1740/1740 1729/1729/1729 1719/1719/1719
f 1719/1719/1719 1730/1730/1730 1733/1733/1733
f 1733/1733/1733 1740/1740/1740 1719/1719/1719
f 1732/1732/1732 1731/1731/1731 1733/1733/1733 1735/1735/1735
f 1735/1735/1735 1733/1733/1733 1730/1730/1730 1734/1734/1734
f 1744/1744/1744 1742/1742/1742 1718/1718/1718 1743/1743/1743
f 1729/1729/1729 1744/1744/1744 1743/1743/1743 1719/1719/1719
f 1736/1736/1736 1719/1719/1719 1743/1743/1743
f 1743/1743/1743 1718/1718/1718 1694/1694/1694
f 1694/1694/1694 1695/1695/1695 1736/1736/1736
f 1736/1736/1736 1743/1743/1743 1694/1694/1694
f 1730/1730/1730 1719/1719/1719 1736/1736/1736 1737/1737/1737
f 1737/1737/1737 1736/1736/1736 1695/1695/1695 1715/1715/1715
f 1763/1763/1763 1755/1755/1755 1745/1745/1745 1762/1762/1762
f 1742/1742/1742 1763/1763/1763 1762/1762/1762 1718/1718/1718
f 1761/1761/1761 1759/1759/1759 1757/1757/1757 1760/1760/1760
f 1758/1758/1758 1761/1761/1761 1760/1760/1760 1755/1755/1755
f 1759/1759/1759 1765/1765/1765 1764/1764/1764 1757/1757/1757
f 1757/1757/1757 1764/1764/1764 1768/1768/1768 1766/1766/1766
f 1766/1766/1766 1768/1768/1768 1767/1767/1767 1756/1756/1756
f 1760/1760/1760 1757/1757/1757 1766/1766/1766
f 1766/1766/1766 1756/1756/1756 1745/1745/1745
f 1745/1745/1745 1755/1755/1755 1760/1760/1760
f 1760/1760/1760 1766/1766/1766 1745/1745/1745
f 1745/1745/1745 1756/1756/1756 1771/1771/1771 1769/1769/1769
f 1769/1769/1769 1771/1771/1771 1770/1770/1770 1708/1708/1708
f 1762/1762/1762 1745/1745/1745 1769/1769/1769
f 1769/1769/1769 1708/1708/1708 1694/1694/1694
f 1694/1694/1694 1718/1718/1718 1762/1762/1762
f 1762/1762/1762 1769/1769/1769 1694/1694/1694
f 1788/1788/1788 1709/1709/1709 1794/1794/1794
f 1794/1794/1794 1696/1696/1696 1694/1694/1694
f 1694/1694/1694 1708/1708/1708 1788/1788/1788
f 1788/1788/1788 1794/1794/1794 1694/1694/1694
f 1708/1708/1708 1770/1770/1770 1789/1789/1789 1788/1788/1788
f 1788/1788/1788 1789/1789/1789 1782/1782/1782 1709/1709/1709
f 1784/1784/1784 1783/1783/1783 1792/1792/1792
f 1792/1792/1792 1781/1781/1781 1709/1709/1709
f 1709/1709/1709 1782/1782/1782 1784/1784/1784
f 1784/1784/1784 1792/1792/1792 1709/1709/1709
f 1782/1782/1782 1785/1785/1785 1787/1787/1787 1784/1784/1784
f 1784/1784/1784 1787/1787/1787 1786/1786/1786 1783/1783/1783
f 1790/1790/1790 1783/1783/1783 1786/1786/1786
f 1781/1781/1781 1792/1792/1792 1793/1793/1793 1791/1791/1791
f 1792/1792/1792 1783/1783/1783 1790/1790/1790 1793/1793/1793
f 1696/1696/1696 1794/1794/1794 1795/1795/1795 1706/1706/1706
f 1794/1794/1794 1709/1709/1709 1781/1781/1781 1795/1795/1795
f 1715/1715/1715 1695/1695/1695 1716/1716/1716 1717/1717/1717
f 1717/1717/1717 1716/1716/1716 1697/1697/1697 1698/1698/1698
f 1705/1705/1705 1697/1697/1697 1716/1716/1716
f 1716/1716/1716 1695/1695/1695 1694/1694/1694
f 1694/1694/1694 1696/1696/1696 1705/1705/1705
f 1705/1705/1705 1716/1716/1716 1694/1694/1694
f 1697/1697/1697 1705/1705/1705 1707/1707/1707 1699/1699/1699
f 1705/1705/1705 1696/1696/1696 1706/1706/1706 1707/1707/1707
f 1712/1712/1712 1698/1698/1698 1713/1713/1713 1714/1714/1714
f 1714/1714/1714 1713/1713/1713 1700/1700/1700 1710/1710/1710
f 1702/1702/1702 1700/1700/1700 1713/1713/1713
f 1713/1713/1713 1698/1698/1698 1697/1697/1697
f 1697/1697/1697 1699/1699/1699 1702/1702/1702
f 1702/1702/1702 1713/1713/1713 1697/1697/1697
f 1700/1700/1700 1702/1702/1702 1704/1704/1704 1701/1701/1701
f 1702/1702/1702 1699/1699/1699 1703/1703/1703 1704/1704/1704
f 1710/1710/1710 1700/1700/1700 1701/1701/1701 1711/1711/1711
f 1775/1775/1775 1786/1786/1786 1774/1774/1774
f 1790/1790/1790 1776/1776/1776 1777/1777/1777
f 1778/1778/1778 1790/1790/1790 1777/1777/1777
f 1786/1786/1786 1775/1775/1775 1776/1776/1776
f 1776/1776/1776 1790/1790/1790 1786/1786/1786
f 1786/1786/1786 1772/1772/1772 1773/1773/1773
f 1772/1772/1772 1786/1786/1786 1787/1787/1787
f 1772/1772/1772 1787/1787/1787 1785/1785/1785
f 1786/1786/1786 1773/1773/1773 1774/1774/1774
f 1785/1785/1785 1796/1796/1796 1772/1772/1772
f 1779/1779/1779 1793/1793/1793 1778/1778/1778
f 1791/1791/1791 1793/1793/1793 1780/1780/1780
f 1779/1779/1779 1780/1780/1780 1793/1793/1793
f 1798/1798/1798 1795/1795/1795 1780/1780/1780
f 1785/1785/1785 1782/1782/1782 1789/1789/1789
f 1791/1791/1791 1795/1795/1795 1781/1781/1781
f 1780/1780/1780 1795/1795/1795 1791/1791/1791
f 1795/1795/1795 1798/1798/1798 1706/1706/1706
f 1706/1706/1706 1798/1798/1798 1707/1707/1707
f 1778/1778/1778 1793/1793/1793 1790/1790/1790
f 1789/1789/1789 1796/1796/1796 1785/1785/1785
f 1767/1767/1767 1754/1754/1754 1796/1796/1796
f 1764/1764/1764 1753/1753/1753 1754/1754/1754
f 1767/1767/1767 1768/1768/1768 1754/1754/1754
f 1768/1768/1768 1764/1764/1764 1754/1754/1754
f 1767/1767/1767 1796/1796/1796 1771/1771/1771
f 1751/1751/1751 1752/1752/1752 1764/1764/1764
f 1753/1753/1753 1764/1764/1764 1752/1752/1752
f 1765/1765/1765 1751/1751/1751 1764/1764/1764
f 1749/1749/1749 1750/1750/1750 1759/1759/1759
f 1750/1750/1750 1765/1765/1765 1759/1759/1759
f 1751/1751/1751 1765/1765/1765 1750/1750/1750
f 1796/1796/1796 1770/1770/1770 1771/1771/1771
f 1758/1758/1758 1755/1755/1755 1763/1763/1763
f 1767/1767/1767 1771/1771/1771 1756/1756/1756
f 1748/1748/1748 1759/1759/1759 1761/1761/1761
f 1747/1747/1747 1748/1748/1748 1761/1761/1761
f 1749/1749/1749 1759/1759/1759 1748/1748/1748
f 1747/1747/1747 1761/1761/1761 1746/1746/1746
f 1758/1758/1758 1746/1746/1746 1761/1761/1761
f 1763/1763/1763 1746/1746/1746 1758/1758/1758
f 1746/1746/1746 1763/1763/1763 1693/1693/1693
f 1770/1770/1770 1796/1796/1796 1789/1789/1789
f 1704/1704/1704 1703/1703/1703 1684/1684/1684
f 1707/1707/1707 1684/1684/1684 1703/1703/1703
f 1704/1704/1704 1685/1685/1685 1686/1686/1686
f 1701/1701/1701 1704/1704/1704 1686/1686/1686
f 1684/1684/1684 1685/1685/1685 1704/1704/1704
f 1699/1699/1699 1707/1707/1707 1703/1703/1703
f 1712/1712/1712 1717/1717/1717 1698/1698/1698
f 1701/1701/1701 1686/1686/1686 1687/1687/1687
f 1798/1798/1798 1684/1684/1684 1707/1707/1707
f 1701/1701/1701 1688/1688/1688 1711/1711/1711
f 1689/1689/1689 1710/1710/1710 1711/1711/1711
f 1688/1688/1688 1689/1689/1689 1711/1711/1711
f 1690/1690/1690 1710/1710/1710 1689/1689/1689
f 1692/1692/1692 1714/1714/1714 1710/1710/1710
f 1692/1692/1692 1712/1712/1712 1714/1714/1714
f 1712/1712/1712 1692/1692/1692 1797/1797/1797
f 1691/1691/1691 1692/1692/1692 1710/1710/1710
f 1691/1691/1691 1710/1710/1710 1690/1690/1690
f 1717/1717/1717 1712/1712/1712 1797/1797/1797
f 1687/1687/1687 1688/1688/1688 1701/1701/1701
f 1797/1797/1797 1715/1715/1715 1717/1717/1717
f 1693/1693/1693 1742/1742/1742 1744/1744/1744
f 1737/1737/1737 1715/1715/1715 1797/1797/1797
f 1739/1739/1739 1744/1744/1744 1729/1729/1729
f 1693/1693/1693 1744/1744/1744 1728/1728/1728
f 1739/1739/1739 1728/1728/1728 1744/1744/1744
f 1741/1741/1741 1728/1728/1728 1739/1739/1739
f 1726/1726/1726 1727/1727/1727 1741/1741/1741
f 1728/1728/1728 1741/1741/1741 1727/1727/1727
f 1741/1741/1741 1738/1738/1738 1726/1726/1726
f 1763/1763/1763 1742/1742/1742 1693/1693/1693
f 1737/1737/1737 1734/1734/1734 1730/1730/1730
f 1720/1720/1720 1732/1732/1732 1735/1735/1735
f 1734/1734/1734 1720/1720/1720 1735/1735/1735
f 1721/1721/1721 1732/1732/1732 1720/1720/1720
f 1737/1737/1737 1797/1797/1797 1734/1734/1734
f 1725/1725/1725 1738/1738/1738 1724/1724/1724
f 1732/1732/1732 1724/1724/1724 1738/1738/1738
f 1726/1726/1726 1738/1738/1738 1725/1725/1725
f 1723/1723/1723 1732/1732/1732 1722/1722/1722
f 1721/1721/1721 1722/1722/1722 1732/1732/1732
f 1724/1724/1724 1732/1732/1732 1723/1723/1723
f 1734/1734/1734 1797/1797/1797 1720/1720/1720
f 1804/1804/1804 1799/1799/1799 1803/1803/1803
f 1800/1800/1800 1804/1804/1804 1808/1808/1808
f 1804/1804/1804 1807/1807/1807 1808/1808/1808
f 1807/1807/1807 1804/1804/1804 1803/1803/1803
f 1803/1803/1803 1805/1805/1805 1807/1807/1807
f 1805/1805/1805 1806/1806/1806 1807/1807/1807
f 1805/1805/1805 1802/1802/1802 1806/1806/1806
f 1801/1801/1801 1805/1805/1805 1803/1803/1803
f 1814/1814/1814 1815/1815/1815 1816/1816/1816 1810/1810/1810
f 1813/1813/1813 1814/1814/1814 1809/1809/1809
f 1815/1815/1815 1813/1813/1813 1811/1811/1811
f 1815/1815/1815 1812/1812/1812 1816/1816/1816
f 1813/1813/1813 1815/1815/1815 1814/1814/1814
f 1822/1822/1822 1817/1817/1817 1821/1821/1821
f 1818/1818/1818 1822/1822/1822 1826/1826/1826
f 1822/1822/1822 1823/1823/1823 1826/1826/1826
f 1823/1823/1823 1822/1822/1822 1821/1821/1821
f 1823/1823/1823 1821/1821/1821 1819/1819/1819 1824/1824/1824
f 1824/1824/1824 1825/1825/1825 1823/1823/1823
f 1824/1824/1824 1820/1820/1820 1825/1825/1825
f 1833/1833/1833 1832/1832/1832 1830/1830/1830 1834/1834/1834
f 1833/1833/1833 1834/1834/1834 1828/1828/1828
f 1831/1831/1831 1833/1833/1833 1827/1827/1827
f 1832/1832/1832 1831/1831/1831 1829/1829/1829
f 1831/1831/1831 1832/1832/1832 1833/1833/1833
usemtl Custom
v -20.866418838500977 14.291783332824707 -7.6276645660400391
v -20.866418838500977 3.2475264072418213 -6.8688106536865234
v -20.866418838500977 3.2968814373016357 -3.4892442226409912
v -20.866418838500977 13.464511871337891 -14.336737632751465
v -20.866418838500977 3.1493902206420898 -13.627982139587402
v -20.866418838500977 3.3462686538696289 -0.10964365303516388
v -20.866418838500977 14.705131530761719 -4.2731084823608398
v -20.866418838500977 15.118514060974121 -0.91856241226196289
v -19.26641845703125 16.252012252807617 -4.3793950080871582
v -19.26641845703125 16.714715957641602 -1.0282300710678101
v -7.4664187431335449 16.714715957641602 -1.0282300710678101
v -19.267070770263672 14.863903045654297 -14.432889938354492
v -19.26641845703125 15.789309501647949 -7.730560302734375
v -7.4664187431335449 15.789309501647949 -7.730560302734375
v -7.4664187431335449 16.252012252807617 -4.3793950080871582
v -5.8664188385009766 14.705131530761719 -4.2731084823608398
v -5.8663105964660645 15.11790657043457 -0.91858565807342529
v -5.8664188385009766 15.002850532531738 -0.91060727834701538
v -5.8664188385009766 3.2968814373016357 -3.4892442226409912
v -5.8664188385009766 14.291783332824707 -7.6276645660400391
v -5.866419792175293 3.1493904590606689 -13.627982139587402
v -5.866419792175293 13.464536666870117 -14.336738586425781
v -5.8664188385009766 3.4618659019470215 -0.11762281507253647
v -5.8665122985839844 3.345754861831665 -0.10960480570793152
v -5.8664188385009766 3.2475264072418213 -6.8688106536865234
v -7.4664187431335449 1.75 -3.3829574584960938
v -7.4664187431335449 1.75 0
v -19.26641845703125 1.75 -3.3829574584960938
v -7.4657683372497559 1.7499994039535522 -13.531829833984375
v -7.4664187431335449 1.75 -6.7659149169921875
v -19.26641845703125 1.75 -6.7659149169921875
v -20.746456146240234 14.428609848022461 -11.020023345947266
v -20.746456146240234 14.212560653686523 -12.696657180786133
v -20.837915420532227 14.150568008422852 -11.000919342041016
v -20.385944366455078 14.913056373596191 -11.053310394287109
v -20.385944366455078 14.688752174377441 -12.729376792907715
v -20.595254898071289 14.685044288635254 -11.037643432617188
v -20.595254898071289 14.685044288635254 -11.037643432617188
v -20.595254898071289 14.464624404907227 -12.713976860046387
v -19.553823471069336 15.303050994873047 -11.080106735229492
v -19.553823471069336 15.072100639343262 -12.755716323852539
v -19.847938537597656 15.227571487426758 -11.074920654296875
v -20.746456146240234 14.860709190368652 -7.6667556762695312
v -20.385944366455078 15.361665725708008 -7.701176643371582
v -20.385944366455078 15.361665725708008 -7.701176643371582
v -19.847938537597656 15.686899185180664 -7.7235236167907715
v -19.847938537597656 15.227571487426758 -11.074920654296875
v -20.385944366455078 15.810275077819824 -4.3490433692932129
v -20.746456146240234 15.292807579040527 -4.3134880065917969
v -19.847938537597656 16.146228790283203 -4.372126579284668
v -20.385944366455078 16.258884429931641 -0.9969097375869751
v -20.746456146240234 15.724906921386719 -0.96021997928619385
v -19.847938537597656 16.605556488037109 -1.020729660987854
v -20.746456146240234 13.996511459350586 -14.373291015625
v -20.866418838500977 13.464511871337891 -14.336737632751465
v -20.837915420532227 13.93925666809082 -12.677878379821777
v -20.866418838500977 14.291783332824707 -7.6276645660400391
v -20.837915420532227 14.150568008422852 -11.000919342041016
v -20.866418838500977 13.464511871337891 -14.336737632751465
v -20.837915420532227 13.93925666809082 -12.677878379821777
v -20.595254898071289 14.464624404907227 -12.713976860046387
v -20.746456146240234 13.996511459350586 -14.373291015625
v -20.746456146240234 14.212560653686523 -12.696657180786133
v -19.847938537597656 14.768242835998535 -14.42631721496582
v -20.385944366455078 14.464447021484375 -14.40544319152832
v -20.385944366455078 14.688752174377441 -12.729376792907715
v -19.553823471069336 15.072100639343262 -12.755716323852539
v -19.267070770263672 14.863903045654297 -14.432889938354492
v -19.847938537597656 14.997906684875488 -12.750618934631348
v -20.385944366455078 14.913056373596191 -11.053310394287109
v -19.847938537597656 14.768242835998535 -14.42631721496582
v -19.847938537597656 14.997906684875488 -12.750618934631348
v -20.866418838500977 14.291783332824707 -7.6276645660400391
v -20.866418838500977 14.705131530761719 -4.2731084823608398
v -20.866418838500977 15.118514060974121 -0.91856241226196289
v -19.26641845703125 15.789309501647949 -7.730560302734375
v -19.553823471069336 15.303050994873047 -11.080106735229492
v -19.553823471069336 15.303050994873047 -11.080106735229492
v -19.26641845703125 15.789309501647949 -7.730560302734375
v -19.267070770263672 14.863903045654297 -14.432889938354492
v -19.553823471069336 15.072100639343262 -12.755716323852539
v -19.26641845703125 16.714715957641602 -1.0282300710678101
v -19.26641845703125 16.252012252807617 -4.3793950080871582
v -20.385944366455078 2.1917378902435303 -3.4133093357086182
v -20.385944366455078 2.2058320045471191 -0.031320352107286453
v -20.746456146240234 2.739809513092041 -0.068010106682777405
v -19.847938537597656 1.8557851314544678 -3.3902261257171631
v -19.847938537597656 1.8591604232788086 -0.0075004417449235916
v -20.385944366455078 2.1776437759399414 -6.7952985763549805
v -20.746456146240234 2.709205150604248 -3.4488646984100342
v -19.847938537597656 1.8524099588394165 -6.772951602935791
v -20.595254898071289 2.39156174659729 -10.192954063415527
v -20.385944366455078 2.1635496616363525 -10.177287101745605
v -20.385944366455078 2.1776437759399414 -6.7952985763549805
v -20.746456146240234 2.678600549697876 -6.8297195434570312
v -20.746456146240234 2.6479959487915039 -10.210574150085449
v -20.595254898071289 2.39156174659729 -10.192954063415527
v -19.847938537597656 1.8490347862243652 -10.15567684173584
v -20.746456146240234 2.6326937675476074 -11.9010009765625
v -20.746456146240234 2.6479959487915039 -10.210574150085449
v -20.837915420532227 2.9260380268096924 -10.229678153991699
v -20.385944366455078 2.1565024852752686 -11.868282318115234
v -20.595254898071289 2.380629301071167 -11.883682250976562
v -19.553823471069336 1.7731537818908691 -11.841941833496094
v -19.553823471069336 1.7735551595687866 -10.150490760803223
v -20.866418838500977 3.3462686538696289 -0.10964365303516388
v -20.837915420532227 2.9260380268096924 -10.229678153991699
v -20.866418838500977 3.2475264072418213 -6.8688106536865234
v -20.866418838500977 3.1493902206420898 -13.627982139587402
v -20.837915420532227 2.9260380268096924 -10.229678153991699
v -20.866418838500977 3.2475264072418213 -6.8688106536865234
v -20.866418838500977 3.2968814373016357 -3.4892442226409912
v -20.837915420532227 2.9059977531433105 -11.919779777526855
v -19.26641845703125 1.75 -3.3829574584960938
v -19.26641845703125 1.75 -6.7659149169921875
v -20.746456146240234 2.6173913478851318 -13.591428756713867
v -20.837915420532227 2.9059977531433105 -11.919779777526855
v -20.746456146240234 2.6326937675476074 -11.9010009765625
v -20.746456146240234 2.6173913478851318 -13.591428756713867
v -20.595254898071289 2.380629301071167 -11.883682250976562
v -20.385944366455078 2.1494553089141846 -13.559276580810547
v -20.385944366455078 2.1565024852752686 -11.868282318115234
v -20.746456146240234 2.6173913478851318 -13.591428756713867
v -20.866418838500977 3.1493902206420898 -13.627982139587402
v -20.837915420532227 2.9059977531433105 -11.919779777526855
v -19.847938537597656 1.8473471403121948 -11.847040176391602
v -20.385944366455078 2.1635496616363525 -10.177287101745605
v -19.26641845703125 1.75 -6.7659149169921875
v -19.553823471069336 1.7735551595687866 -10.150490760803223
v -19.267068862915039 1.7499994039535522 -13.531829833984375
v -19.553823471069336 1.7731537818908691 -11.841941833496094
v -19.847938537597656 1.845659613609314 -13.538402557373047
v -19.267068862915039 1.7499994039535522 -13.531829833984375
v -6.8585624694824219 15.218027114868164 -11.074264526367188
v -6.8585624694824219 14.988525390625 -12.749974250793457
v -7.1657547950744629 15.069894790649414 -12.75556468963623
v -5.9758367538452148 14.40477180480957 -11.018385887145996
v -5.9758367538452148 14.189128875732422 -12.695047378540039
v -6.1205019950866699 14.441481590270996 -12.712387084960938
v -6.1205019950866699 14.661499977111816 -11.036025047302246
v -6.1205019950866699 14.441481590270996 -12.712387084960938
v -6.3233256340026855 14.667783737182617 -12.727935791015625
v -5.8924436569213867 14.138566970825195 -11.000094413757324
v -5.8924436569213867 13.927459716796875 -12.677067756652832
v -5.9758367538452148 14.189128875732422 -12.695047378540039
v -6.3233256340026855 15.339607238769531 -7.6996607780456543
v -6.3233256340026855 14.891725540161133 -11.051844596862793
v -6.1205019950866699 14.661499977111816 -11.036025047302246
v -6.3233256340026855 14.891725540161133 -11.051844596862793
v -6.3233256340026855 15.339607238769531 -7.6996607780456543
v -5.9758367538452148 14.836058616638184 -7.6650619506835938
v -5.9758367538452148 14.40477180480957 -11.018385887145996
v -6.3233256340026855 15.787489891052246 -4.3474774360656738
v -6.8585624694824219 15.677029609680176 -7.7228450775146484
v -5.9758367538452148 15.26734447479248 -4.3117380142211914
v -6.3233256340026855 16.235372543334961 -0.99529421329498291
v -6.8585624694824219 16.136032104492188 -4.3714261054992676
v -5.9758367538452148 15.698631286621094 -0.95841461420059204
v -6.8585624694824219 14.759023666381836 -14.425683975219727
v -7.4657411575317383 14.863903045654297 -14.432889938354492
v -7.4664187431335449 15.789309501647949 -7.730560302734375
v -7.1657547950744629 15.300806999206543 -11.079952239990234
v -7.4657411575317383 14.863903045654297 -14.432889938354492
v -7.1657547950744629 15.300806999206543 -11.079952239990234
v -7.1657547950744629 15.069894790649414 -12.75556468963623
v -5.9758367538452148 13.973484992980957 -14.371708869934082
v -6.3233256340026855 14.443842887878418 -14.404027938842773
v -5.866419792175293 13.464536666870117 -14.336738586425781
v -5.8924436569213867 13.927459716796875 -12.677067756652832
v -5.9758367538452148 13.973484992980957 -14.371708869934082
v -7.4664187431335449 15.789309501647949 -7.730560302734375
v -7.4664187431335449 16.714715957641602 -1.0282300710678101
v -6.8585624694824219 16.595035552978516 -1.0200067758560181
v -7.4664187431335449 16.252012252807617 -4.3793950080871582
v -5.8664188385009766 14.291783332824707 -7.6276645660400391
v -5.8924436569213867 14.138566970825195 -11.000094413757324
v -5.8664188385009766 14.291783332824707 -7.6276645660400391
v -5.866419792175293 13.464536666870117 -14.336738586425781
v -5.8664188385009766 14.705131530761719 -4.2731084823608398
v -5.8924436569213867 13.927459716796875 -12.677067756652832
v -5.8663105964660645 15.11790657043457 -0.91858565807342529
v -5.9863815307617188 2.6479959487915039 -10.210574150085449
v -5.9863815307617188 2.6326937675476074 -11.9010009765625
v -5.8949222564697266 2.9260380268096924 -10.229678153991699
v -6.346893310546875 2.1635496616363525 -10.177287101745605
v -6.346893310546875 2.1565024852752686 -11.868282318115234
v -6.1375827789306641 2.39156174659729 -10.192954063415527
v -6.1375827789306641 2.39156174659729 -10.192954063415527
v -6.1375827789306641 2.380629301071167 -11.883682250976562
v -7.179013729095459 1.7735551595687866 -10.150490760803223
v -7.179013729095459 1.7731537818908691 -11.841941833496094
v -6.8848996162414551 1.8490347862243652 -10.15567684173584
v -5.9863815307617188 2.678600549697876 -6.8297195434570312
v -6.346893310546875 2.1776437759399414 -6.7952985763549805
v -6.346893310546875 2.1776437759399414 -6.7952985763549805
v -6.8848996162414551 1.8524099588394165 -6.772951602935791
v -6.8848996162414551 1.8490347862243652 -10.15567684173584
v -6.346893310546875 2.1917378902435303 -3.4133093357086182
v -5.9863815307617188 2.709205150604248 -3.4488646984100342
v -6.8848996162414551 1.8557851314544678 -3.3902261257171631
v -6.346893310546875 2.2058320045471191 -0.031320352107286453
v -5.9863815307617188 2.739809513092041 -0.068010106682777405
v -6.8848996162414551 1.8591604232788086 -0.0075004417449235916
v -5.9863815307617188 2.6173913478851318 -13.591428756713867
v -5.866419792175293 3.1493904590606689 -13.627982139587402
v -5.8949222564697266 2.9059977531433105 -11.919779777526855
v -5.8664188385009766 3.2475264072418213 -6.8688106536865234
v -5.8949222564697266 2.9260380268096924 -10.229678153991699
v -5.866419792175293 3.1493904590606689 -13.627982139587402
v -5.8949222564697266 2.9059977531433105 -11.919779777526855
v -6.1375827789306641 2.380629301071167 -11.883682250976562
v -5.9863815307617188 2.6173913478851318 -13.591428756713867
v -5.9863815307617188 2.6326937675476074 -11.9010009765625
v -6.8848996162414551 1.845659613609314 -13.538402557373047
v -6.346893310546875 2.1494553089141846 -13.559276580810547
v -6.346893310546875 2.1565024852752686 -11.868282318115234
v -7.4657683372497559 1.7499994039535522 -13.531829833984375
v -7.179013729095459 1.7731537818908691 -11.841941833496094
v -6.8848996162414551 1.8473471403121948 -11.847040176391602
v -6.346893310546875 2.1635496616363525 -10.177287101745605
v -5.8664188385009766 3.2475264072418213 -6.8688106536865234
v -5.8664188385009766 3.2968814373016357 -3.4892442226409912
v -5.8665122985839844 3.345754861831665 -0.10960480570793152
v -7.4664187431335449 1.75 -6.7659149169921875
v -7.179013729095459 1.7735551595687866 -10.150490760803223
v -7.179013729095459 1.7735551595687866 -10.150490760803223
v -7.4664187431335449 1.75 -6.7659149169921875
v -7.4657683372497559 1.7499994039535522 -13.531829833984375
v -7.179013729095459 1.7731537818908691 -11.841941833496094
v -7.4664187431335449 1.75 0
v -7.4664187431335449 1.75 -3.3829574584960938
v -20.385944366455078 14.464447021484375 -14.40544319152832
v -20.866418838500977 13.464511871337891 -14.336737632751465
v -20.746456146240234 13.996511459350586 -14.373291015625
v -19.847938537597656 14.768242835998535 -14.42631721496582
v -19.267070770263672 14.863903045654297 -14.432889938354492
v -20.866418838500977 3.1493902206420898 -13.627982139587402
v -19.847938537597656 1.845659613609314 -13.538402557373047
v -20.746456146240234 2.6173913478851318 -13.591428756713867
v -20.385944366455078 2.1494553089141846 -13.559276580810547
v -19.267068862915039 1.7499994039535522 -13.531829833984375
v -5.866419792175293 3.1493904590606689 -13.627982139587402
v -6.3233256340026855 14.443842887878418 -14.404027938842773
v -7.4657411575317383 14.863903045654297 -14.432889938354492
v -6.8585624694824219 14.759023666381836 -14.425683975219727
v -5.9758367538452148 13.973484992980957 -14.371708869934082
v -5.866419792175293 13.464536666870117 -14.336738586425781
v -6.8848996162414551 1.845659613609314 -13.538402557373047
v -7.4657683372497559 1.7499994039535522 -13.531829833984375
v -6.346893310546875 2.1494553089141846 -13.559276580810547
v -5.9863815307617188 2.6173913478851318 -13.591428756713867
v -20.491418838500977 9.2152214050292969 -0.76352697610855103
v -20.491418838500977 11.908117294311523 -0.94855672121047974
v -20.678918838500977 9.223790168762207 -0.63882100582122803
v -20.116418838500977 9.1980838775634766 -1.0129389762878418
v -20.116418838500977 11.698630332946777 -1.1847522258758545
v -20.303918838500977 9.2066526412963867 -0.88823294639587402
v -20.303918838500977 11.803374290466309 -1.0666544437408447
v -20.678918838500977 12.012861251831055 -0.83045893907546997
v -20.311042785644531 14.238711357116699 -1.2292263507843018
v -20.866418838500977 15.118514060974121 -0.91856241226196289
v -20.866418838500977 3.3462686538696289 -0.10964365303516388
v -20.116500854492188 4.4250998497009277 -0.68493086099624634
v -19.366582870483398 12.939300537109375 -1.7710680961608887
v -19.366582870483398 5.3883333206176758 -1.2522388696670532
v -8.0048446655273438 2.7198226451873779 -0.57117074728012085
v -19.26641845703125 1.75 0
v -7.4664187431335449 1.75 0
v -7.2598648071289062 1.762898325920105 -0.0075963712297379971
v -19.472972869873047 1.762898325920105 -0.0075963712297379971
v -18.727993011474609 2.7198226451873779 -0.57117074728012085
v -17.983015060424805 3.6767468452453613 -1.1347451210021973
v -8.7498235702514648 3.6767468452453613 -1.1347451210021973
v -5.8664188385009766 15.002850532531738 -0.91060727834701538
v -7.3662543296813965 12.939300537109375 -1.7710680961608887
v -5.8664188385009766 3.4618659019470215 -0.11762281507253647
v -19.26641845703125 16.714715957641602 -1.0282300710678101
v -17.983015060424805 14.650872230529785 -1.8887804746627808
v -8.7498235702514648 14.650872230529785 -1.8887804746627808
v -7.2598648071289062 16.700901031494141 -1.0339909791946411
v -7.4664187431335449 16.714715957641602 -1.0282300710678101
v -19.472972869873047 16.700901031494141 -1.0339909791946411
v -20.847261428833008 3.0961682796478271 -0.092378728091716766
v -20.772451400756836 3.0013229846954346 -0.12023939937353134
v -20.045192718505859 3.8919765949249268 -0.66247278451919556
v -20.045192718505859 3.8919765949249268 -0.66247278451919556
v -20.763492584228516 2.7820570468902588 -0.084078915417194366
v -19.478300094604492 4.4088687896728516 -1.0513545274734497
v -20.772451400756836 3.0013229846954346 -0.12023939937353134
v -20.045192718505859 3.8919765949249268 -0.66247278451919556
v -19.665815353393555 4.5949978828430176 -0.98319143056869507
v -20.847261428833008 3.0961682796478271 -0.092378728091716766
v -19.478300094604492 4.4088687896728516 -1.0513545274734497
v -20.222568511962891 3.0127744674682617 -0.38356569409370422
v -19.478300094604492 4.4088687896728516 -1.0513545274734497
v -20.763492584228516 2.7820570468902588 -0.084078915417194366
v -19.750421524047852 3.6192474365234375 -0.74074399471282959
v -20.222568511962891 3.0127744674682617 -0.38356569409370422
v -20.01234245300293 2.8349988460540771 -0.40752622485160828
v -19.540195465087891 3.4414718151092529 -0.76470452547073364
v -18.727993011474609 2.7198226451873779 -0.57117074728012085
v -17.983015060424805 3.6767468452453613 -1.1347451210021973
v -18.258903503417969 3.6982049942016602 -1.1362100839614868
v -18.925090789794922 4.0265111923217773 -1.1587344408035278
v -19.084011077880859 4.2231988906860352 -1.1722363233566284
v -18.509994506835938 3.7633540630340576 -1.1406760215759277
v -20.018814086914062 1.9349286556243896 -0.050342507660388947
v -18.732999801635742 3.8728597164154053 -1.1481889486312866
v -19.750421524047852 3.6192474365234375 -0.74074399471282959
v -19.27827262878418 4.2257204055786133 -1.0979223251342773
v -19.208154678344727 4.4609384536743164 -1.1885583400726318
v -19.296627044677734 4.736933708190918 -1.2075085639953613
v -19.349258422851562 5.0476851463317871 -1.228846549987793
v -19.366582870483398 5.3883333206176758 -1.2522388696670532
v -20.295595169067383 3.9884393215179443 -0.53151059150695801
v -20.847261428833008 3.0961682796478271 -0.092378728091716766
v -19.665815353393555 4.5949978828430176 -0.98319143056869507
v -20.116500854492188 4.4250998497009277 -0.68493086099624634
v -20.295595169067383 3.9884393215179443 -0.53151059150695801
v -20.866418838500977 3.3462686538696289 -0.10964365303516388
v -20.295595169067383 3.9884393215179443 -0.53151059150695801
v -20.116500854492188 4.4250998497009277 -0.68493086099624634
v -20.468690872192383 2.2903413772583008 -0.076007567346096039
v -20.763492584228516 2.7820570468902588 -0.084078915417194366
v -20.847261428833008 3.0961682796478271 -0.092378728091716766
v -20.772451400756836 3.0013229846954346 -0.12023939937353134
v -19.472972869873047 1.762898325920105 -0.0075963712297379971
v -20.847261428833008 3.0961682796478271 -0.092378728091716766
v -20.295595169067383 3.9884393215179443 -0.53151059150695801
v -20.866418838500977 3.3462686538696289 -0.10964365303516388
v -6.7250504493713379 2.8312997817993164 -0.40778553485870361
v -6.5135431289672852 3.0098953247070312 -0.38412630558013916
v -6.9856905937194824 3.616368293762207 -0.74130463600158691
v -6.9856905937194824 3.616368293762207 -0.74130463600158691
v -5.9693689346313477 2.7819314002990723 -0.084140397608280182
v -7.2565994262695312 4.4069051742553711 -1.0519652366638184
v -6.5135431289672852 3.0098953247070312 -0.38412630558013916
v -7.0679807662963867 4.5940060615539551 -0.98360776901245117
v -6.6896877288818359 3.891115665435791 -0.66341239213943481
v -5.8855805397033691 3.0961358547210693 -0.092382773756980896
v -7.2565994262695312 4.4069051742553711 -1.0519652366638184
v -6.6896877288818359 3.891115665435791 -0.66341239213943481
v -7.0679807662963867 4.5940060615539551 -0.98360776901245117
v -5.9693689346313477 2.7819314002990723 -0.084140397608280182
v -5.9616484642028809 2.9998435974121094 -0.12068402767181396
v -6.6896877288818359 3.891115665435791 -0.66341239213943481
v -7.2565994262695312 4.4069051742553711 -1.0519652366638184
v -5.9616484642028809 2.9998435974121094 -0.12068402767181396
v -7.3662543296813965 5.3883333206176758 -1.2522388696670532
v -7.383580207824707 5.0476846694946289 -1.228846549987793
v -7.4362101554870605 4.736933708190918 -1.2075085639953613
v -7.5246825218200684 4.4609384536743164 -1.1885583400726318
v -6.5068860054016113 4.0814614295959473 -0.58452141284942627
v -6.5068860054016113 4.0814614295959473 -0.58452141284942627
v -5.8665122985839844 3.345754861831665 -0.10960480570793152
v -5.8664188385009766 3.4618659019470215 -0.11762281507253647
v -7.4578385353088379 4.2228412628173828 -1.0984829664230347
v -5.8855805397033691 3.0961358547210693 -0.092382773756980896
v -7.3662543296813965 5.3883333206176758 -1.2522388696670532
v -7.1971983909606934 3.4377727508544922 -0.76496386528015137
v -7.6488265991210938 4.2231988906860352 -1.1722363233566284
v -7.807746410369873 4.0265111923217773 -1.1587344408035278
v -8.0048446655273438 2.7198226451873779 -0.57117074728012085
v -8.2228431701660156 3.7633540630340576 -1.1406760215759277
v -8.473933219909668 3.6982049942016602 -1.1362100839614868
v -8.7498235702514648 3.6767468452453613 -1.1347451210021973
v -6.7140231132507324 1.9349286556243896 -0.050342507660388947
v -7.9998383522033691 3.8728597164154053 -1.1481889486312866
v -6.2641472816467285 2.2903413772583008 -0.076007567346096039
v -5.9693689346313477 2.7819314002990723 -0.084140397608280182
v -7.2598648071289062 1.762898325920105 -0.0075963712297379971
v -5.8855805397033691 3.0961358547210693 -0.092382773756980896
v -5.9616484642028809 2.9998435974121094 -0.12068402767181396
v -7.1926431655883789 14.934548377990723 -1.5543972253799438
v -7.2545380592346191 13.93703556060791 -1.706038236618042
v -6.5463151931762695 14.911477088928223 -1.299730658531189
v -6.0220894813537598 15.412457466125488 -1.0105665922164917
v -6.3669753074645996 14.72962474822998 -1.2114658355712891
v -5.8855195045471191 15.368261337280273 -0.93558520078659058
v -6.5463151931762695 14.911477088928223 -1.299730658531189
v -6.0220894813537598 15.412457466125488 -1.0105665922164917
v -5.9692511558532715 15.680662155151367 -0.9703330397605896
v -6.3669753074645996 14.72962474822998 -1.2114658355712891
v -6.0220894813537598 15.412457466125488 -1.0105665922164917
v -6.5463151931762695 14.911477088928223 -1.299730658531189
v -6.5102686882019043 15.411347389221191 -1.2354753017425537
v -6.5463151931762695 14.911477088928223 -1.299730658531189
v -5.9692511558532715 15.680662155151367 -0.9703330397605896
v -7.1926431655883789 14.934548377990723 -1.5543972253799438
v -6.5102686882019043 15.411347389221191 -1.2354753017425537
v -6.4844245910644531 15.908984184265137 -1.1480921506881714
v -6.5102686882019043 15.411347389221191 -1.2354753017425537
v -7.1926431655883789 14.934548377990723 -1.5543972253799438
v -6.2741947174072266 15.736160278320312 -1.1000396013259888
v -6.2741947174072266 15.736160278320312 -1.1000396013259888
v -7.6363935470581055 15.266569137573242 -1.5786446332931519
v -8.7498235702514648 14.650872230529785 -1.8887804746627808
v -8.473933219909668 14.629415512084961 -1.8872967958450317
v -8.2228431701660156 14.564268112182617 -1.8828099966049194
v -7.9998383522033691 14.454763412475586 -1.8752747774124146
v -7.807746410369873 14.301114082336426 -1.8647054433822632
v -7.2598648071289062 16.700901031494141 -1.0339909791946411
v -8.7498235702514648 14.650872230529785 -1.8887804746627808
v -7.6363935470581055 15.266569137573242 -1.5786446332931519
v -7.6488265991210938 14.104427337646484 -1.8511784076690674
v -7.2545380592346191 13.93703556060791 -1.706038236618042
v -7.5246825218200684 13.866690635681152 -1.8348302841186523
v -7.4362101554870605 13.590697288513184 -1.8158532381057739
v -7.383580207824707 13.279947280883789 -1.7944878339767456
v -6.3669753074645996 14.72962474822998 -1.2114658355712891
v -7.3662543296813965 12.939300537109375 -1.7710680961608887
v -6.3669753074645996 14.72962474822998 -1.2114658355712891
v -6.5463151931762695 14.911477088928223 -1.299730658531189
v -7.2545380592346191 13.93703556060791 -1.706038236618042
v -5.8664188385009766 15.002850532531738 -0.91060727834701538
v -6.3669753074645996 14.72962474822998 -1.2114658355712891
v -7.3662543296813965 12.939300537109375 -1.7710680961608887
v -5.8855195045471191 15.368261337280273 -0.93558520078659058
v -5.8663105964660645 15.11790657043457 -0.91858565807342529
v -6.2641472816467285 16.169057846069336 -1.0296182632446289
v -6.4844245910644531 15.908984184265137 -1.1480921506881714
v -6.2741947174072266 15.736160278320312 -1.1000396013259888
v -6.7140231132507324 16.524641036987305 -1.0528059005737305
v -5.9692511558532715 15.680662155151367 -0.9703330397605896
v -5.8855195045471191 15.368261337280273 -0.93558520078659058
v -6.0220894813537598 15.412457466125488 -1.0105665922164917
v -6.7140231132507324 16.524641036987305 -1.0528059005737305
v -7.6363935470581055 15.266569137573242 -1.5786446332931519
v -6.4844245910644531 15.908984184265137 -1.1480921506881714
v -5.8664188385009766 15.002850532531738 -0.91060727834701538
v -6.7140231132507324 16.524641036987305 -1.0528059005737305
v -19.476238250732422 13.938898086547852 -1.7069112062454224
v -19.535638809204102 14.938177108764648 -1.5551600456237793
v -20.184455871582031 14.913332939147949 -1.3006061315536499
v -20.455368041992188 15.738935470581055 -1.1009887456893921
v -20.763578414916992 15.680694580078125 -0.97035270929336548
v -20.219295501708984 15.414122581481934 -1.236424446105957
v -20.184455871582031 14.913332939147949 -1.3006061315536499
v -20.219295501708984 15.414122581481934 -1.236424446105957
v -19.535638809204102 14.938177108764648 -1.5551600456237793
v -20.243860244750977 15.912614822387695 -1.1488542556762695
v -20.184455871582031 14.913332939147949 -1.3006061315536499
v -19.535638809204102 14.938177108764648 -1.5551600456237793
v -20.219295501708984 15.414122581481934 -1.236424446105957
v -20.51655387878418 15.150016784667969 -1.1211671829223633
v -20.184455871582031 14.913332939147949 -1.3006061315536499
v -20.763578414916992 15.680694580078125 -0.97035270929336548
v -20.373079299926758 14.737344741821289 -1.2072985172271729
v -20.51655387878418 15.150016784667969 -1.1211671829223633
v -20.847316741943359 15.368277549743652 -0.93558895587921143
v -20.51655387878418 15.150016784667969 -1.1211671829223633
v -20.373079299926758 14.737344741821289 -1.2072985172271729
v -20.184455871582031 14.913332939147949 -1.3006061315536499
v -20.373079299926758 14.737344741821289 -1.2072985172271729
v -20.137004852294922 14.412531852722168 -1.3427342176437378
v -20.752634048461914 15.474836349487305 -0.98572826385498047
v -19.094028472900391 15.268918037414551 -1.5783112049102783
v -20.243860244750977 15.912614822387695 -1.1488542556762695
v -19.535638809204102 14.938177108764648 -1.5551600456237793
v -20.311042785644531 14.238711357116699 -1.2292263507843018
v -19.349258422851562 13.279947280883789 -1.7944878339767456
v -19.476238250732422 13.938898086547852 -1.7069112062454224
v -19.208154678344727 13.866690635681152 -1.8348302841186523
v -19.476238250732422 13.938898086547852 -1.7069112062454224
v -19.296627044677734 13.590697288513184 -1.8158532381057739
v -19.296627044677734 13.590697288513184 -1.8158532381057739
v -20.311042785644531 14.238711357116699 -1.2292263507843018
v -19.366582870483398 12.939300537109375 -1.7710680961608887
v -19.349258422851562 13.279947280883789 -1.7944878339767456
v -20.866418838500977 15.118514060974121 -0.91856241226196289
v -19.476238250732422 13.938898086547852 -1.7069112062454224
v -20.137004852294922 14.412531852722168 -1.3427342176437378
v -20.847316741943359 15.368277549743652 -0.93558895587921143
v -19.084011077880859 14.104427337646484 -1.8511784076690674
v -19.094028472900391 15.268918037414551 -1.5783112049102783
v -18.509994506835938 14.564268112182617 -1.8828099966049194
v -18.258903503417969 14.629415512084961 -1.8872967958450317
v -17.983015060424805 14.650872230529785 -1.8887804746627808
v -18.925090789794922 14.301114082336426 -1.8647054433822632
v -18.732999801635742 14.454763412475586 -1.8752747774124146
v -20.455368041992188 15.738935470581055 -1.1009887456893921
v -20.243860244750977 15.912614822387695 -1.1488542556762695
v -20.468690872192383 16.169057846069336 -1.0296182632446289
v -19.094028472900391 15.268918037414551 -1.5783112049102783
v -19.472972869873047 16.700901031494141 -1.0339909791946411
v -20.018814086914062 16.524641036987305 -1.0528059005737305
v -20.018814086914062 16.524641036987305 -1.0528059005737305
v -20.018814086914062 16.524641036987305 -1.0528059005737305
v -20.763578414916992 15.680694580078125 -0.97035270929336548
v -20.847316741943359 15.368277549743652 -0.93558895587921143
v -20.752634048461914 15.474836349487305 -0.98572826385498047
v -17.983015060424805 3.6767468452453613 -1.1347451210021973
v -19.296627044677734 4.736933708190918 -1.2075085639953613
v -19.208154678344727 4.4609384536743164 -1.1885583400726318
v -19.349258422851562 5.0476851463317871 -1.228846549987793
v -19.366582870483398 5.3883333206176758 -1.2522388696670532
v -19.084011077880859 4.2231988906860352 -1.1722363233566284
v -18.258903503417969 3.6982049942016602 -1.1362100839614868
v -18.509994506835938 3.7633540630340576 -1.1406760215759277
v -18.925090789794922 4.0265111923217773 -1.1587344408035278
v -18.732999801635742 3.8728597164154053 -1.1481889486312866
v -19.366582870483398 12.939300537109375 -1.7710680961608887
v -7.3662543296813965 5.3883333206176758 -1.2522388696670532
v -19.349258422851562 13.279947280883789 -1.7944878339767456
v -17.983015060424805 14.650872230529785 -1.8887804746627808
v -19.296627044677734 13.590697288513184 -1.8158532381057739
v -19.084011077880859 14.104427337646484 -1.8511784076690674
v -19.208154678344727 13.866690635681152 -1.8348302841186523
v -18.509994506835938 14.564268112182617 -1.8828099966049194
v -18.732999801635742 14.454763412475586 -1.8752747774124146
v -18.925090789794922 14.301114082336426 -1.8647054433822632
v -18.258903503417969 14.629415512084961 -1.8872967958450317
v -7.3662543296813965 12.939300537109375 -1.7710680961608887
v -8.473933219909668 3.6982049942016602 -1.1362100839614868
v -7.6488265991210938 4.2231988906860352 -1.1722363233566284
v -8.7498235702514648 3.6767468452453613 -1.1347451210021973
v -7.807746410369873 4.0265111923217773 -1.1587344408035278
v -8.2228431701660156 3.7633540630340576 -1.1406760215759277
v -7.9998383522033691 3.8728597164154053 -1.1481889486312866
v -7.5246825218200684 4.4609384536743164 -1.1885583400726318
v -7.4362101554870605 4.736933708190918 -1.2075085639953613
v -7.383580207824707 5.0476846694946289 -1.228846549987793
v -8.2228431701660156 14.564268112182617 -1.8828099966049194
v -7.807746410369873 14.301114082336426 -1.8647054433822632
v -7.9998383522033691 14.454763412475586 -1.8752747774124146
v -8.473933219909668 14.629415512084961 -1.8872967958450317
v -7.6488265991210938 14.104427337646484 -1.8511784076690674
v -8.7498235702514648 14.650872230529785 -1.8887804746627808
v -7.383580207824707 13.279947280883789 -1.7944878339767456
v -7.4362101554870605 13.590697288513184 -1.8158532381057739
v -7.5246825218200684 13.866690635681152 -1.8348302841186523
v -20.746456146240234 14.428609848022461 -11.020023345947266
v -20.746456146240234 2.6479959487915039 -10.210574150085449
v -19.26641845703125 1.75 0
v -6.3233256340026855 14.667783737182617 -12.727935791015625
v -5.9758367538452148 13.973484992980957 -14.371708869934082
v -5.8924436569213867 14.138566970825195 -11.000094413757324
v -5.9863815307617188 2.6479959487915039 -10.210574150085449
v -6.8848996162414551 1.845659613609314 -13.538402557373047
v -6.8848996162414551 1.8473471403121948 -11.847040176391602
v -7.4657411575317383 14.863903045654297 -14.432889938354492
v -19.26641845703125 1.75 0
v -19.267068862915039 1.7499994039535522 -13.531829833984375
v -5.9758367538452148 14.40477180480957 -11.018385887145996
v -7.3662543296813965 5.3883333206176758 -1.2522388696670532
v -19.27827262878418 4.2257204055786133 -1.0979223251342773
v -7.4578385353088379 4.2228412628173828 -1.0984829664230347
v -5.8665122985839844 3.345754861831665 -0.10960480570793152
v -6.5068860054016113 4.0814614295959473 -0.58452141284942627
v -5.8855805397033691 3.0961358547210693 -0.092382773756980896
v -7.1926431655883789 14.934548377990723 -1.5543972253799438
v -20.455368041992188 15.738935470581055 -1.1009887456893921
v -20.752634048461914 15.474836349487305 -0.98572826385498047
v -17.983015060424805 14.650872230529785 -1.8887804746627808
v -5.8664188385009766 14.705131530761719 -4.2731084823608398
v -5.8664188385009766 15.002850532531738 -0.91060727834701538
v -20.837915420532227 13.93925666809082 -12.677878379821777
v -20.837915420532227 14.150568008422852 -11.000919342041016
v -20.746456146240234 14.428609848022461 -11.020023345947266
v -20.746456146240234 13.996511459350586 -14.373291015625
v -5.8949222564697266 2.9059977531433105 -11.919779777526855
v -5.8949222564697266 2.9260380268096924 -10.229678153991699
v -5.9863815307617188 2.6479959487915039 -10.210574150085449
v -5.9863815307617188 2.6173913478851318 -13.591428756713867
v -19.540195465087891 3.4414718151092529 -0.76470452547073364
v -20.222568511962891 3.0127744674682617 -0.38356569409370422
v -20.01234245300293 2.8349988460540771 -0.40752622485160828
v -19.27827262878418 4.2257204055786133 -1.0979223251342773
v -7.1971983909606934 3.4377727508544922 -0.76496386528015137
v -6.7250504493713379 2.8312997817993164 -0.40778553485870361
v -6.5135431289672852 3.0098953247070312 -0.38412630558013916
v -7.4578385353088379 4.2228412628173828 -1.0984829664230347
vt 0.8324701189994812 0.28190624713897705
vt 0.8324701189994812 0.0089945457875728607
vt 0.91550266742706299 0.0044972728937864304
vt 0.6664050817489624 0.27289751172065735
vt 0.6664050817489624 0.018003266304731369
vt 0.99853605031967163 7.345584549511841E-07
vt 0.91550266742706299 0.28640350699424744
vt 0.99853497743606567 0.29090163111686707
vt 0.249097540974617 0.63210546970367432
vt 0.33213004469871521 0.63210546970367432
vt 0.33213004469871521 0.92300623655319214
vt 9.7909214069602513E-10 0.63208937644958496
vt 0.1660650223493576 0.63210546970367432
vt 0.1660650223493576 0.92300623655319214
vt 0.249097540974617 0.92300623655319214
vt 0.5821039080619812 0.64279848337173462
vt 0.66493844985961914 0.63833779096603394
vt 0.6649402379989624 0.64116674661636353
vt 0.5821039080619812 0.92328512668609619
vt 0.499267578125 0.64727306365966797
vt 0.33359488844871521 0.90984714031219482
vt 0.33359488844871521 0.65623581409454346
vt 0.6649402379989624 0.92491686344146729
vt 0.66494119167327881 0.92777168750762939
vt 0.499267578125 0.91881054639816284
vt 0.91550266742706299 0.46461230516433716
vt 0.99853515625 0.46461230516433716
vt 0.91550266742706299 0.75551307201385498
vt 0.66640514135360718 0.46459627151489258
vt 0.8324701189994812 0.46461230516433716
vt 0.8324701189994812 0.75551307201385498
vt 0.083032511174678802 0.5847707986831665
vt 0.041516255587339401 0.5847707986831665
vt 0.083032511174678802 0.57679575681686401
vt 0.083032511174678802 0.60011929273605347
vt 0.041516255587339401 0.60011929273605347
vt 0.083032511174678802 0.59244507551193237
vt 0.083032511174678802 0.59244507551193237
vt 0.041516255587339401 0.59244507551193237
vt 0.083032511174678802 0.62301027774810791
vt 0.041516255587339401 0.62301027774810791
vt 0.083032511174678802 0.6153799295425415
vt 0.1660650223493576 0.5847707986831665
vt 0.1660650223493576 0.60011929273605347
vt 0.1660650223493576 0.60011929273605347
vt 0.1660650223493576 0.6153799295425415
vt 0.083032511174678802 0.6153799295425415
vt 0.249097540974617 0.60011929273605347
vt 0.249097540974617 0.5847707986831665
vt 0.249097540974617 0.6153799295425415
vt 0.33213004469871521 0.60011929273605347
vt 0.33213004469871521 0.5847707986831665
vt 0.33213004469871521 0.6153799295425415
vt 0 0.5847707986831665
vt -9.7655217246028769E-08 0.56880432367324829
vt 0.041516255587339401 0.57679575681686401
vt 0.1660650223493576 0.56882071495056152
vt 0.083032511174678802 0.57679575681686401
vt 6.6365934969780938E-09 0.56884270906448364
vt 0.041516255587339401 0.57679575681686401
vt 0.041516255587339401 0.59244507551193237
vt 0 0.5847707986831665
vt 0.041516255587339401 0.5847707986831665
vt 0 0.6153799295425415
vt 0 0.60011929273605347
vt 0.041516255587339401 0.60011929273605347
vt 0.041516255587339401 0.62301027774810791
vt 2.1341567446597765E-07 0.63062399625778198
vt 0.041516255587339401 0.6153799295425415
vt 0.083032511174678802 0.60011929273605347
vt 0 0.6153799295425415
vt 0.041516255587339401 0.6153799295425415
vt 0.1660650223493576 0.56882071495056152
vt 0.249097540974617 0.56882071495056152
vt 0.33212986588478088 0.56882160902023315
vt 0.1660650223493576 0.63064062595367432
vt 0.083032511174678802 0.62301027774810791
vt 0.083032511174678802 0.62301027774810791
vt 0.1660650223493576 0.63064062595367432
vt -1.0481647194637844E-07 0.63062316179275513
vt 0.041516255587339401 0.62301027774810791
vt 0.33213004469871521 0.63064062595367432
vt 0.249097540974617 0.63064062595367432
vt 0.4117673933506012 0.092588238418102264
vt 0.3283686637878418 0.092588238418102264
vt 0.3283686637878418 0.077568590641021729
vt 0.4117673933506012 0.10752194374799728
vt 0.3283686637878418 0.10752194374799728
vt 0.4951661229133606 0.092588238418102264
vt 0.4117673933506012 0.077568590641021729
vt 0.4951661229133606 0.10752194374799728
vt 0.57856482267379761 0.085078418254852295
vt 0.57856482267379761 0.092588238418102264
vt 0.4951661229133606 0.092588238418102264
vt 0.4951661229133606 0.077568590641021729
vt 0.57856482267379761 0.077568590641021729
vt 0.57856482267379761 0.085078418254852295
vt 0.57856482267379761 0.10752194374799728
vt 0.62026417255401611 0.077568590641021729
vt 0.57856482267379761 0.077568590641021729
vt 0.57856482267379761 0.069764412939548492
vt 0.62026417255401611 0.092588238418102264
vt 0.62026417255401611 0.085078418254852295
vt 0.62026417255401611 0.1149887889623642
vt 0.57856482267379761 0.1149887889623642
vt 0.32836776971817017 0.061959441751241684
vt 0.57856482267379761 0.069764412939548492
vt 0.4951661229133606 0.061960238963365555
vt 0.66196352243423462 0.061981756240129471
vt 0.57856482267379761 0.069764412939548492
vt 0.4951661229133606 0.061960238963365555
vt 0.4117673933506012 0.061960238963365555
vt 0.62026417255401611 0.069764412939548492
vt 0.4117673933506012 0.12245563417673111
vt 0.4951661229133606 0.12245563417673111
vt 0.66196358203887939 0.077568590641021729
vt 0.62026417255401611 0.069764412939548492
vt 0.62026417255401611 0.077568590641021729
vt 0.66196358203887939 0.077568590641021729
vt 0.62026417255401611 0.085078418254852295
vt 0.66196358203887939 0.092588238418102264
vt 0.62026417255401611 0.092588238418102264
vt 0.66196358203887939 0.077568590641021729
vt 0.66196370124816895 0.061944209039211273
vt 0.62026417255401611 0.069764412939548492
vt 0.62026417255401611 0.10752194374799728
vt 0.57856482267379761 0.092588238418102264
vt 0.4951661229133606 0.12245563417673111
vt 0.57856482267379761 0.1149887889623642
vt 0.66196364164352417 0.12243860960006714
vt 0.62026417255401611 0.1149887889623642
vt 0.66196358203887939 0.10752194374799728
vt 0.66196334362030029 0.12243936955928802
vt 0.083032511174678802 0.52148610353469849
vt 0.041516255587339401 0.52148610353469849
vt 0.041516255587339401 0.513511061668396
vt 0.083032511174678802 0.55209523439407349
vt 0.041516255587339401 0.55209523439407349
vt 0.041516255587339401 0.54446488618850708
vt 0.083032511174678802 0.54446488618850708
vt 0.041516255587339401 0.54446488618850708
vt 0.041516255587339401 0.53683459758758545
vt 0.083032511174678802 0.55972558259963989
vt 0.041516255587339401 0.55972558259963989
vt 0.041516255587339401 0.55209523439407349
vt 0.1660650223493576 0.53683459758758545
vt 0.083032511174678802 0.53683459758758545
vt 0.083032511174678802 0.54446488618850708
vt 0.083032511174678802 0.53683459758758545
vt 0.1660650223493576 0.53683459758758545
vt 0.1660650223493576 0.55209523439407349
vt 0.083032511174678802 0.55209523439407349
vt 0.249097540974617 0.53683459758758545
vt 0.1660650223493576 0.52148610353469849
vt 0.249097540974617 0.55209523439407349
vt 0.33213004469871521 0.53683459758758545
vt 0.249097540974617 0.52148610353469849
vt 0.33213004469871521 0.55209523439407349
vt 0 0.52148610353469849
vt 2.3947819727254682E-07 0.50555330514907837
vt 0.1660650223493576 0.50553601980209351
vt 0.083032511174678802 0.513511061668396
vt -1.0996439669952451E-07 0.50555413961410522
vt 0.083032511174678802 0.513511061668396
vt 0.041516255587339401 0.513511061668396
vt 0 0.55209523439407349
vt 0 0.53683459758758545
vt -8.0798109536317497E-08 0.56737160682678223
vt 0.041516255587339401 0.55972558259963989
vt 0 0.55209523439407349
vt 0.1660650223493576 0.50553601980209351
vt 0.33213004469871521 0.50553601980209351
vt 0.33213004469871521 0.52148610353469849
vt 0.249097540974617 0.50553601980209351
vt 0.1660650223493576 0.56735587120056152
vt 0.083032511174678802 0.55972558259963989
vt 0.1660650223493576 0.56735587120056152
vt 9.6465964105618696E-09 0.56733483076095581
vt 0.249097540974617 0.56735587120056152
vt 0.041516255587339401 0.55972558259963989
vt 0.33212825655937195 0.5673709511756897
vt 0.4117673933506012 0.015608350746333599
vt 0.3700680136680603 0.015608350746333599
vt 0.4117673933506012 0.0078041753731667995
vt 0.4117673933506012 0.03062799945473671
vt 0.3700680136680603 0.03062799945473671
vt 0.4117673933506012 0.023118175566196442
vt 0.4117673933506012 0.023118175566196442
vt 0.3700680136680603 0.023118175566196442
vt 0.4117673933506012 0.053028546273708344
vt 0.3700680136680603 0.053028546273708344
vt 0.4117673933506012 0.045561701059341431
vt 0.4951661229133606 0.015608350746333599
vt 0.4951661229133606 0.03062799945473671
vt 0.4951661229133606 0.03062799945473671
vt 0.4951661229133606 0.045561701059341431
vt 0.4117673933506012 0.045561701059341431
vt 0.57856482267379761 0.03062799945473671
vt 0.57856482267379761 0.015608350746333599
vt 0.57856482267379761 0.045561701059341431
vt 0.66196358203887939 0.03062799945473671
vt 0.66196358203887939 0.015608350746333599
vt 0.66196358203887939 0.045561701059341431
vt 0.3283686637878418 0.015608350746333599
vt 0.32836857438087463 -1.6035581211326644E-05
vt 0.3700680136680603 0.0078041753731667995
vt 0.4951661229133606 0
vt 0.4117673933506012 0.0078041753731667995
vt 0.3283686637878418 2.1511392333195545E-05
vt 0.3700680136680603 0.0078041753731667995
vt 0.3700680136680603 0.023118175566196442
vt 0.3283686637878418 0.015608350746333599
vt 0.3700680136680603 0.015608350746333599
vt 0.3283686637878418 0.045561701059341431
vt 0.3283686637878418 0.03062799945473671
vt 0.3700680136680603 0.03062799945473671
vt 0.32836887240409851 0.060479134321212769
vt 0.3700680136680603 0.053028546273708344
vt 0.3700680136680603 0.045561701059341431
vt 0.4117673933506012 0.03062799945473671
vt 0.4951661229133606 0
vt 0.57856482267379761 0
vt 0.66196459531784058 1.2587019227794372E-05
vt 0.4951661229133606 0.060495395213365555
vt 0.4117673933506012 0.053028546273708344
vt 0.4117673933506012 0.053028546273708344
vt 0.4951661229133606 0.060495395213365555
vt 0.32836854457855225 0.060478366911411285
vt 0.3700680136680603 0.053028546273708344
vt 0.66196358203887939 0.060495395213365555
vt 0.57856482267379761 0.060495395213365555
vt 0.31418329477310181 0.011844944208860397
vt 0.28947418928146362 2.3387496383975304E-08
vt 0.30262026190757751 0.0029573945794254541
vt 0.32169032096862793 0.025108208879828453
vt 0.32405415177345276 0.039428111165761948
vt 0.034579962491989136 2.337948146191593E-08
vt 0.0023638245183974504 0.025108208879828453
vt 0.021433886140584946 0.0029573945794254541
vt 0.0098708439618349075 0.011844944208860397
vt -1.6006833192250269E-08 0.039428140968084335
vt 0.034579966217279434 0.36978909373283386
vt 0.31367415189743042 0.35852515697479248
vt 0.32405418157577515 0.33036163449287415
vt 0.32146251201629639 0.34533017873764038
vt 0.30205127596855164 0.36709168553352356
vt 0.28947481513023376 0.36978909373283386
vt 0.0023638245183974504 0.34468090534210205
vt -1.61483786342842E-08 0.33036097884178162
vt 0.0098708439618349075 0.35794419050216675
vt 0.021433886140584946 0.36683171987533569
vt 0.47618800401687622 0.46784543991088867
vt 0.54748451709747314 0.46784543991088867
vt 0.47618800401687622 0.46071729063987732
vt 0.47618800401687622 0.48210173845291138
vt 0.54748451709747314 0.48210173845291138
vt 0.47618800401687622 0.47497358918190002
vt 0.54748451709747314 0.47497358918190002
vt 0.54748451709747314 0.46071729063987732
vt 0.61414700746536255 0.47470271587371826
vt 0.62168550491333008 0.45358929038047791
vt 0.33062952756881714 0.45358848571777344
vt 0.34010130167007446 0.48209854960441589
vt 0.60340332984924316 0.51061427593231201
vt 0.34897264838218689 0.51061427593231201
vt 0.34038147330284119 0.5431143045425415
vt 0.63280445337295532 0.51207911968231201
vt 0.34190371632575989 0.51207911968231201
vt 0.33660978078842163 0.51249188184738159
vt 0.63809841871261597 0.51249188184738159
vt 0.63432669639587402 0.5431143045425415
vt 0.62961798906326294 0.57373666763305664
vt 0.34509018063545227 0.57373666763305664
vt 0.33359488844871521 0.39509916305541992
vt 0.34897264838218689 0.45212429761886597
vt 0.61878108978271484 0.39509916305541992
vt 0.34190371632575989 0.57520151138305664
vt 0.34509018063545227 0.63685899972915649
vt 0.62961798906326294 0.63685899972915649
vt 0.63809841871261597 0.57561421394348145
vt 0.63280445337295532 0.57520151138305664
vt 0.33660978078842163 0.57561421394348145
vt 0.2396123856306076 0.44244366884231567
vt 0.23996864259243011 0.43941166996955872
vt 0.20863549411296844 0.43873661756515503
vt 0.20863547921180725 0.43873569369316101
vt 0.24408940970897675 0.43582093715667725
vt 0.187691330909729 0.43544992804527283
vt 0.23996871709823608 0.43941399455070496
vt 0.20863544940948486 0.43873545527458191
vt 0.18769130110740662 0.44215133786201477
vt 0.2396124005317688 0.44244787096977234
vt 0.187691330909729 0.43544992804527283
vt 0.22947901487350464 0.42874851822853088
vt 0.187691330909729 0.43544992804527283
vt 0.24408940970897675 0.43581894040107727
vt 0.20858515799045563 0.42874851822853088
vt 0.22947901487350464 0.42874851822853088
vt 0.22947901487350464 0.42204710841178894
vt 0.20858515799045563 0.42204710841178894
vt 0.21217188239097595 0.39509916305541992
vt 0.17920447885990143 0.39509916305541992
vt 0.18260042369365692 0.40107226371765137
vt 0.18572500348091125 0.41899412870407104
vt 0.18429678678512573 0.42496827244758606
vt 0.18485386669635773 0.40704581141471863
vt 0.24915681779384613 0.40871080756187439
vt 0.18590714037418365 0.41301983594894409
vt 0.20858515799045563 0.42874851822853088
vt 0.18769130110740662 0.42874851822853088
vt 0.18163712322711945 0.43094202876091003
vt 0.17778530716896057 0.43691533803939819
vt 0.17280346155166626 0.44288843870162964
vt 0.1667974442243576 0.44885274767875671
vt 0.21173335611820221 0.44542562961578369
vt 0.23961243033409119 0.44244733452796936
vt 0.18769130110740662 0.44215133786201477
vt 0.19997674226760864 0.44885274767875671
vt 0.21173326671123505 0.44542282819747925
vt 0.23528420925140381 0.44691750407218933
vt 0.2117333859205246 0.44542548060417175
vt 0.19997674226760864 0.44885274767875671
vt 0.24879881739616394 0.42266583442687988
vt 0.24408937990665436 0.43582051992416382
vt 0.23961110413074493 0.44244715571403503
vt 0.23996901512145996 0.43941515684127808
vt 0.24513928592205048 0.39509916305541992
vt 0.23961612582206726 0.44244861602783203
vt 0.21175587177276611 0.44544330239295959
vt 0.23526766896247864 0.44689664244651794
vt 0.22947901487350464 0.47726550698280334
vt 0.22947901487350464 0.47052854299545288
vt 0.20858515799045563 0.47052854299545288
vt 0.20858515799045563 0.47052854299545288
vt 0.24409066140651703 0.46335449814796448
vt 0.18769128620624542 0.46379154920578003
vt 0.22947901487350464 0.47052854299545288
vt 0.18769130110740662 0.45705455541610718
vt 0.20861285924911499 0.4604891836643219
vt 0.23961277306079865 0.45672371983528137
vt 0.18769130110740662 0.46379154920578003
vt 0.2086128443479538 0.46048948168754578
vt 0.18769130110740662 0.45705455541610718
vt 0.24409066140651703 0.46335211396217346
vt 0.23997287452220917 0.4598051905632019
vt 0.2086128443479538 0.46048927307128906
vt 0.18769128620624542 0.46379154920578003
vt 0.23997287452220917 0.45980465412139893
vt 0.1667974442243576 0.45031759142875671
vt 0.17280346155166626 0.45628190040588379
vt 0.17778530716896057 0.46225497126579285
vt 0.18163712322711945 0.46822831034660339
vt 0.20858515799045563 0.45368608832359314
vt 0.20858515799045563 0.45368608832359314
vt 0.23529238998889923 0.45226269960403442
vt 0.23316207528114319 0.45031759142875671
vt 0.18769130110740662 0.47052854299545288
vt 0.23961290717124939 0.45672145485877991
vt 0.1667974442243576 0.45031759142875671
vt 0.20858515799045563 0.47726550698280334
vt 0.18429678678512573 0.47420206665992737
vt 0.18572500348091125 0.48017621040344238
vt 0.21217188239097595 0.50407117605209351
vt 0.18485386669635773 0.4921245276927948
vt 0.18260042369365692 0.49809807538986206
vt 0.17920447885990143 0.50407117605209351
vt 0.24915681779384613 0.49045950174331665
vt 0.18590714037418365 0.48615047335624695
vt 0.24879881739616394 0.47650450468063354
vt 0.24409058690071106 0.4633525013923645
vt 0.24513928592205048 0.50407117605209351
vt 0.23961158096790314 0.45672380924224854
vt 0.23997318744659424 0.4598039984703064
vt 0.041787717491388321 0.47726550698280334
vt 0.02089385874569416 0.49066832661628723
vt 0.052234698086977005 0.49066832661628723
vt 0.071178995072841644 0.49403345584869385
vt 0.051956839859485626 0.49729910492897034
vt 0.072809934616088867 0.49767220020294189
vt 0.052234701812267303 0.49066832661628723
vt 0.071179069578647614 0.49403396248817444
vt 0.077289752662181854 0.49104416370391846
vt 0.051956851035356522 0.49729910492897034
vt 0.071178734302520752 0.49402672052383423
vt 0.052234701812267303 0.49066832661628723
vt 0.062681570649147034 0.48396691679954529
vt 0.052234701812267303 0.49066832661628723
vt 0.077289752662181854 0.49104234576225281
vt 0.041787717491388321 0.47726550698280334
vt 0.062681570649147034 0.48396691679954529
vt 0.073128357529640198 0.47726550698280334
vt 0.062681570649147034 0.48396691679954529
vt 0.041787717491388321 0.47726550698280334
vt 0.073128506541252136 0.48396691679954529
vt 0.073128506541252136 0.48396691679954529
vt 0.04177623987197876 0.46377092599868774
vt 0.012407029047608376 0.45031759142875671
vt 0.015802979469299316 0.45629066228866577
vt 0.018056415021419525 0.46226423978805542
vt 0.019109688699245453 0.46823826432228088
vt 0.01892755925655365 0.47421252727508545
vt 0.078341841697692871 0.45031759142875671
vt 0.012407029047608376 0.45031759142875671
vt 0.041776247322559357 0.46377086639404297
vt 0.017499331384897232 0.48018667101860046
vt 0.02089385874569416 0.49066832661628723
vt 0.014839675277471542 0.48616042733192444
vt 0.01098786573857069 0.49213376641273499
vt 0.0060060084797441959 0.49810686707496643
vt 0.051957592368125916 0.49729934334754944
vt 0 0.50407117605209351
vt 0.051956836134195328 0.49729934334754944
vt 0.052234698086977005 0.49066832661628723
vt 0.02089385874569416 0.49066832661628723
vt 0.066364623606204987 0.50407117605209351
vt 0.051956120878458023 0.49729827046394348
vt 0 0.50407117605209351
vt 0.072810269892215729 0.49767136573791504
vt 0.068473212420940399 0.50213265419006348
vt 0.082001373171806335 0.47788423299789429
vt 0.073128364980220795 0.47726550698280334
vt 0.073128506541252136 0.48396691679954529
vt 0.082359366118907928 0.46392923593521118
vt 0.077289663255214691 0.49104374647140503
vt 0.072809025645256042 0.49767163395881653
vt 0.071181192994117737 0.49402764439582825
vt 0.082359366118907928 0.46392923593521118
vt 0.041776247322559357 0.46377080678939819
vt 0.073128357529640198 0.47726550698280334
vt 0.066364623606204987 0.50407117605209351
vt 0.082359366118907928 0.46392923593521118
vt 0.02089385874569416 0.40857312083244324
vt 0.041787717491388321 0.42204710841178894
vt 0.052234485745429993 0.40857312083244324
vt 0.073128506541252136 0.41531011462211609
vt 0.077290095388889313 0.4081290066242218
vt 0.062681570649147034 0.41531011462211609
vt 0.052234482020139694 0.40857312083244324
vt 0.062681570649147034 0.41531011462211609
vt 0.041787717491388321 0.42204710841178894
vt 0.073128417134284973 0.42204713821411133
vt 0.052234482020139694 0.40857312083244324
vt 0.041787717491388321 0.42204710841178894
vt 0.062681570649147034 0.41531011462211609
vt 0.062681570649147034 0.4052046537399292
vt 0.052234482020139694 0.40857312083244324
vt 0.077290087938308716 0.40812686085700989
vt 0.052234645932912827 0.40183615684509277
vt 0.062681570649147034 0.4052046537399292
vt 0.072810150682926178 0.40149855613708496
vt 0.062681570649147034 0.4052046537399292
vt 0.052234645932912827 0.40183615684509277
vt 0.052234485745429993 0.40857312083244324
vt 0.052234645932912827 0.40183615684509277
vt 0.041787717491388321 0.40183615684509277
vt 0.073128722608089447 0.40520462393760681
vt 0.041790090501308441 0.43548113107681274
vt 0.073128417134284973 0.42204713821411133
vt 0.041787717491388321 0.42204710841178894
vt 0.041787717491388321 0.39509916305541992
vt 0.0060060084797441959 0.401063472032547
vt 0.02089385874569416 0.40857312083244324
vt 0.014839675277471542 0.41300991177558899
vt 0.02089385874569416 0.40857312083244324
vt 0.01098786573857069 0.40703657269477844
vt 0.01098786573857069 0.40703657269477844
vt 0.041787717491388321 0.39509916305541992
vt 0 0.39509916305541992
vt 0.0060060084797441959 0.401063472032547
vt 0.068485908210277557 0.39704433083534241
vt 0.02089385874569416 0.40857312083244324
vt 0.041787717491388321 0.40183615684509277
vt 0.072810553014278412 0.4014991819858551
vt 0.017499331384897232 0.41898363828659058
vt 0.041790083050727844 0.43548098206520081
vt 0.018056415021419525 0.43690609931945801
vt 0.015802979469299316 0.44287964701652527
vt 0.012407029047608376 0.44885274767875671
vt 0.01892755925655365 0.42495778203010559
vt 0.019109688699245453 0.43093207478523254
vt 0.073128506541252136 0.41531011462211609
vt 0.073128417134284973 0.42204713821411133
vt 0.082001373171806335 0.42128607630729675
vt 0.04179009422659874 0.43548104166984558
vt 0.078341841697692871 0.44885274767875671
vt 0.082359366118907928 0.43524110317230225
vt 0.082359366118907928 0.43524110317230225
vt 0.082359366118907928 0.43524110317230225
vt 0.077289991080760956 0.40812733769416809
vt 0.072809271514415741 0.40149903297424316
vt 0.07312871515750885 0.40520462393760681
vt 0.36247724294662476 0.12392047792673111
vt 0.33009326457977295 0.14997681975364685
vt 0.33227431774139404 0.14319363236427307
vt 0.32879579067230225 0.15761420130729675
vt 0.3283686637878418 0.16598638892173767
vt 0.33533480763435364 0.13735067844390869
vt 0.35567584633827209 0.12444784492254257
vt 0.34948581457138062 0.12604901194572449
vt 0.33925259113311768 0.13251665234565735
vt 0.34398815035820007 0.1287403404712677
vt 0.3283686637878418 0.35156840085983276
vt 0.62420803308486938 0.16598638892173767
vt 0.32879579067230225 0.35994058847427368
vt 0.36247724294662476 0.39363431930541992
vt 0.33009326457977295 0.36757799983024597
vt 0.33533480763435364 0.38020411133766174
vt 0.33227431774139404 0.37436115741729736
vt 0.34948581457138062 0.39150577783584595
vt 0.34398815035820007 0.38881447911262512
vt 0.33925259113311768 0.38503816723823547
vt 0.35567584633827209 0.39310696721076965
vt 0.62420803308486938 0.35156840085983276
vt 0.59690088033676147 0.12444784492254257
vt 0.61724191904067993 0.13735067844390869
vt 0.59009945392608643 0.12392047792673111
vt 0.61332410573959351 0.13251665234565735
vt 0.60309094190597534 0.12604901194572449
vt 0.6085885763168335 0.1287403404712677
vt 0.62030237913131714 0.14319363236427307
vt 0.62248343229293823 0.14997681975364685
vt 0.62378090620040894 0.15761420130729675
vt 0.60309094190597534 0.39150577783584595
vt 0.61332410573959351 0.38503816723823547
vt 0.6085885763168335 0.38881447911262512
vt 0.59690088033676147 0.39310696721076965
vt 0.61724191904067993 0.38020411133766174
vt 0.59009945392608643 0.39363431930541992
vt 0.62378090620040894 0.35994058847427368
vt 0.62248343229293823 0.36757799983024597
vt 0.62030237913131714 0.37436115741729736
vt 0.083032511174678802 0.5847707986831665
vt 0.57856482267379761 0.077568590641021729
vt 0.3283686637878418 0.12245563417673111
vt 0.041516255587339401 0.53683459758758545
vt 0 0.55209523439407349
vt 0.083032511174678802 0.55972558259963989
vt 0.4117673933506012 0.015608350746333599
vt 0.3283686637878418 0.045561701059341431
vt 0.3700680136680603 0.045561701059341431
vt 4.4192933756903585E-09 0.92302292585372925
vt 0.99853515625 0.75551307201385498
vt 0.6664050817489624 0.75552910566329956
vt 0.083032511174678802 0.55209523439407349
vt 0.60340332984924316 0.45212429761886597
vt 0.18769130110740662 0.42874851822853088
vt 0.18769130110740662 0.47052854299545288
vt 0.23529237508773804 0.45227399468421936
vt 0.20858515799045563 0.45368608832359314
vt 0.2396128922700882 0.45672538876533508
vt 0.041787717491388321 0.47726550698280334
vt 0.073128506541252136 0.41531011462211609
vt 0.073128730058670044 0.40520462393760681
vt 0.012407029047608376 0.44885274767875671
vt 0.5821039080619812 0.64279848337173462
vt 0.6649402379989624 0.64116674661636353
vt 0.041516255587339401 0.57679575681686401
vt 0.083032511174678802 0.57679575681686401
vt 0.083032511174678802 0.5847707986831665
vt 0 0.5847707986831665
vt 0.3700680136680603 0.0078041753731667995
vt 0.4117673933506012 0.0078041753731667995
vt 0.4117673933506012 0.015608350746333599
vt 0.3283686637878418 0.015608350746333599
vt 0.20858515799045563 0.42204710841178894
vt 0.22947901487350464 0.42874851822853088
vt 0.22947901487350464 0.42204710841178894
vt 0.18769130110740662 0.42874851822853088
vt 0.20858515799045563 0.47726550698280334
vt 0.22947901487350464 0.47726550698280334
vt 0.22947901487350464 0.47052854299545288
vt 0.18769130110740662 0.47052854299545288
vn -1 0 0
vn -1 0 0
vn -1 0 0
vn -1 0 0
vn -1 0 0
vn -1 0 0
vn -1 0 0
vn -1 0 0
vn 0 0.99060213565826416 -0.13677491247653961
vn 0 0.99060213565826416 -0.13677491247653961
vn 0 0.99060213565826416 -0.13677491247653961
vn 0 0.99060213565826416 -0.13677491247653961
vn 0 0.99060213565826416 -0.13677491247653961
vn 0 0.99060213565826416 -0.13677491247653961
vn 0 0.99060213565826416 -0.13677491247653961
vn 1 0 0
vn 1 0 0
vn 1 0 0
vn 1 0 0
vn 1 0 0
vn 1 0 0
vn 1 0 0
vn 1 0 0
vn 1 0 0
vn 1 0 0
vn 0 -1 0
vn 0 -1 0
vn 0 -1 0
vn 0 -1 0
vn 0 -1 0
vn 0 -1 0
vn -0.9107251763343811 0.40962609648704529 -0.052784040570259094
vn -0.94919061660766602 0.31217706203460693 -0.039781861007213593
vn -0.97841179370880127 0.20504346489906311 -0.025837264955043793
vn -0.73676562309265137 0.6701735258102417 -0.089687816798686981
vn -0.73676562309265137 0.6701735258102417 -0.089687816798686981
vn -0.73676562309265137 0.6701735258102417 -0.089687816798686981
vn -0.80359530448913574 0.59009677171707153 -0.077591173350811005
vn -0.7986634373664856 0.59664231538772583 -0.078451834619045258
vn -0.24659942090511322 0.96009153127670288 -0.1319582462310791
vn -0.24659942090511322 0.96009153127670288 -0.1319582462310791
vn -0.24659942090511322 0.96009153127670288 -0.1319582462310791
vn -0.91580295562744141 0.39833438396453857 -0.051329001784324646
vn -0.73676562309265137 0.6701735258102417 -0.089687816798686981
vn -0.67582273483276367 0.73055118322372437 -0.097768217325210571
vn -0.34301304817199707 0.93063068389892578 -0.12754832208156586
vn -0.33298048377037048 0.93420040607452393 -0.12803757190704346
vn -0.68765377998352051 0.7196231484413147 -0.096305742859840393
vn -0.92047661542892456 0.38759303092956543 -0.049944881349802017
vn -0.35292959213256836 0.92698401212692261 -0.12704852223396301
vn -0.69896131753921509 0.708840012550354 -0.094862654805183411
vn -0.92478609085083008 0.37736731767654419 -0.048627205193042755
vn -0.36272859573364258 0.92326372861862183 -0.12653863430023193
vn -0.9051978588104248 0.42150533199310303 -0.054314788430929184
vn -0.99999988079071045 -0.00043293260387144983 5.5785898439353332E-05
vn -0.97768187522888184 0.20844244956970215 -0.026265569031238556
vn -0.99458038806915283 0.10318893939256668 -0.012723853811621666
vn -0.99458038806915283 0.10318893939256668 -0.012723853811621666
vn -0.99458038806915283 0.10318893939256668 -0.012723853811621666
vn -0.99458038806915283 0.10318893939256668 -0.012723853811621666
vn -0.85768026113510132 0.50996696949005127 -0.065713778138160706
vn -0.85768026113510132 0.50996696949005127 -0.065713778138160706
vn -0.85768026113510132 0.50996696949005127 -0.065713778138160706
vn -0.32283356785774231 0.93768978118896484 -0.12851582467556
vn -0.65049803256988525 0.75279659032821655 -0.10074527561664581
vn -0.65704429149627686 0.74719059467315674 -0.099995039403438568
vn -0.1603551059961319 0.97781515121459961 -0.1347728818655014
vn -0.00035224176826886833 0.99060225486755371 -0.13677383959293365
vn -0.32792121171951294 0.93595534563064575 -0.12827809154987335
vn -0.66344523429870605 0.74161320924758911 -0.099248625338077545
vn -0.24659942090511322 0.96009153127670288 -0.1319582462310791
vn -0.24659942090511322 0.96009153127670288 -0.1319582462310791
vn -1 0 0
vn -1 0 0
vn -1 2.1691286747227423E-05 -2.7951191441388801E-06
vn 0 0.99060213565826416 -0.13677486777305603
vn -0.16306169331073761 0.97737580537796021 -0.13471232354640961
vn -0.081776775419712067 0.98728537559509277 -0.13630886375904083
vn -0.081776775419712067 0.98728537559509277 -0.13630886375904083
vn -0.081776775419712067 0.98728537559509277 -0.13630886375904083
vn -0.081776775419712067 0.98728537559509277 -0.13630886375904083
vn 0 0.99060213565826416 -0.13677486777305603
vn 0 0.99060213565826416 -0.13677486777305603
vn -0.68765377998352051 -0.72603243589401245 0.0030256800819188356
vn -0.69896131753921509 -0.7151532769203186 0.0029803419020026922
vn -0.92478609085083008 -0.3804718554019928 0.0034441498573869467
vn -0.35292959213256836 -0.93564939498901367 0.00093356758588925004
vn -0.36272859573364258 -0.93189436197280884 0.00092982087517157197
vn -0.67582273483276367 -0.73705780506134033 0.0030716271139681339
vn -0.92047661542892456 -0.3907817006111145 0.0035374776925891638
vn -0.34301304817199707 -0.93933016061782837 0.00093724014004692435
vn -0.73676556348800659 -0.67614245414733887 0.0028177590575069189
vn -0.73676556348800659 -0.67614245414733887 0.0028177590575069189
vn -0.73676556348800659 -0.67614245414733887 0.0028177590575069189
vn -0.91580295562744141 -0.40161141753196716 0.0036355117335915565
vn -0.9107251763343811 -0.41299602389335632 0.0037385686300694942
vn -0.80359530448913574 -0.59516370296478271 0.0038484239485114813
vn -0.33298048377037048 -0.94293326139450073 0.00094083516160026193
vn -0.94919067621231079 -0.31468430161476135 0.0032899340149015188
vn -0.94919067621231079 -0.31468430161476135 0.0032899340149015188
vn -0.94919067621231079 -0.31468430161476135 0.0032899340149015188
vn -0.73676556348800659 -0.67614245414733887 0.0028177590575069189
vn -0.7986634373664856 -0.60176539421081543 0.0038911118172109127
vn -0.1603551059961319 -0.98705935478210449 0.00023423475795425475
vn -0.16306169331073761 -0.98661583662033081 0.00023412950395140797
vn -1 1.9759609131142497E-05 -1.788701382565705E-07
vn -0.99458038806915283 -0.10395953804254532 0.001509385067038238
vn -0.99458038806915283 -0.10395953804254532 0.001509385067038238
vn -0.99458038806915283 -0.10395953804254532 0.001509385067038238
vn -0.97841179370880127 -0.20665039122104645 0.0024503401946276426
vn -1 0 0
vn -1 0 0
vn -0.99458038806915283 -0.10395953804254532 0.001509385067038238
vn 0 -1 0
vn 0 -1 0
vn -0.94919067621231079 -0.31468430161476135 0.0032899340149015188
vn -0.94919067621231079 -0.31468430161476135 0.0032899340149015188
vn -0.85768085718154907 -0.51416134834289551 0.0046543916687369347
vn -0.85768085718154907 -0.51416134834289551 0.0046543916687369347
vn -0.85768085718154907 -0.51416134834289551 0.0046543916687369347
vn -0.65049803256988525 -0.75950133800506592 0.0031651589088141918
vn -0.65704429149627686 -0.75384539365768433 0.0031415882986038923
vn -0.9051978588104248 -0.42497298121452332 0.0038469878491014242
vn -0.99999988079071045 0.00043642753735184669 -3.9520423342764843E-06
vn -0.97768187522888184 -0.21007601916790009 0.0024909593630582094
vn -0.32792121171951294 -0.94470459222793579 0.00094260257901623845
vn -0.66344523429870605 -0.7482183575630188 0.0031181378290057182
vn -0.081777170300483704 -0.99665063619613647 7.9490218922728673E-06
vn -0.081777170300483704 -0.99665063619613647 7.9490218922728673E-06
vn -0.081777170300483704 -0.99665063619613647 7.9490218922728673E-06
vn -0.081777170300483704 -0.99665063619613647 7.9490218922728673E-06
vn -0.32283356785774231 -0.94645529985427856 0.00094434939092025161
vn -0.00035154822398908436 -0.99999994039535522 1.0271384098814451E-06
vn 0.34845826029777527 0.92865514755249023 -0.12718658149242401
vn 0.34322521090507507 0.93056619167327881 -0.12744830548763275
vn 0.16780662536621094 0.97659033536911011 -0.13458156585693359
vn 0.86768335103988647 0.49305605888366699 -0.063414141535758972
vn 0.86768335103988647 0.49305605888366699 -0.063414141535758972
vn 0.86768335103988647 0.49305605888366699 -0.063414141535758972
vn 0.81542623043060303 0.57393878698348999 -0.075327977538108826
vn 0.81069004535675049 0.580497145652771 -0.076188743114471436
vn 0.67250525951385498 0.73357367515563965 -0.098012164235115051
vn 0.95359474420547485 0.29868465662002563 -0.038007635623216629
vn 0.95359474420547485 0.29868465662002563 -0.038007635623216629
vn 0.95359474420547485 0.29868465662002563 -0.038007635623216629
vn 0.69100135564804077 0.71648657321929932 -0.095729172229766846
vn 0.67881643772125244 0.72784024477005005 -0.097246125340461731
vn 0.75044518709182739 0.65511125326156616 -0.087528713047504425
vn 0.75044518709182739 0.65511125326156616 -0.087528713047504425
vn 0.75044518709182739 0.65511125326156616 -0.087528713047504425
vn 0.92310637235641479 0.38140314817428589 -0.049054037779569626
vn 0.91841095685958862 0.39239561557769775 -0.050467826426029205
vn 0.70262444019317627 0.70529347658157349 -0.094233669340610504
vn 0.35882699489593506 0.92477118968963623 -0.12665463984012604
vn 0.92742228507995605 0.37096038460731506 -0.04771094024181366
vn 0.71371108293533325 0.69427073001861572 -0.092760935425758362
vn 0.36906459927558899 0.92080789804458618 -0.12611183524131775
vn 0.93139702081680298 0.36103111505508423 -0.046433895826339722
vn 0.33796000480651855 0.93245583772659302 -0.12770712375640869
vn 0.00036569312214851379 0.99060225486755371 -0.13677376508712769
vn 0.085589393973350525 0.98696833848953247 -0.1362643837928772
vn 0.085589393973350525 0.98696833848953247 -0.1362643837928772
vn 0.085589393973350525 0.98696833848953247 -0.1362643837928772
vn 0.17063170671463013 0.97610986232757568 -0.13451534509658813
vn 0.085589393973350525 0.98696833848953247 -0.1362643837928772
vn 0.91329258680343628 0.40397664904594421 -0.051957320421934128
vn 0.66604381799697876 0.73934268951416016 -0.098782949149608612
vn 0.99999994039535522 -0.0004168894374743104 5.3617033699993044E-05
vn 0.97961091995239258 0.19933085143566132 -0.02509290911257267
vn 0.86768335103988647 0.49305605888366699 -0.063414141535758972
vn 0 0.99060213565826416 -0.13677486777305603
vn 0 0.99060213565826416 -0.13677486777305603
vn 0.37916958332061768 0.91676902770996094 -0.12555868923664093
vn 0 0.99060213565826416 -0.13677486777305603
vn 1 0 0
vn 0.99505215883255005 0.098607279360294342 -0.012158681638538837
vn 0.99505215883255005 0.098607279360294342 -0.012158681638538837
vn 0.99505215883255005 0.098607279360294342 -0.012158681638538837
vn 1 0 0
vn 0.99505215883255005 0.098607279360294342 -0.012158681638538837
vn 0.99999994039535522 -0.00036136794369667768 4.6477216528728604E-05
vn 0.9107251763343811 -0.41299602389335632 0.0037385686300694942
vn 0.94919067621231079 -0.31468430161476135 0.0032899340149015188
vn 0.97841179370880127 -0.20665039122104645 0.0024503401946276426
vn 0.73676556348800659 -0.67614239454269409 0.0028178051579743624
vn 0.73676556348800659 -0.67614239454269409 0.0028178051579743624
vn 0.73676556348800659 -0.67614239454269409 0.0028178051579743624
vn 0.80359530448913574 -0.59516370296478271 0.0038484239485114813
vn 0.7986634373664856 -0.60176539421081543 0.0038911118172109127
vn 0.24659956991672516 -0.96911728382110596 0.00059846881777048111
vn 0.24659956991672516 -0.96911728382110596 0.00059846881777048111
vn 0.24659956991672516 -0.96911728382110596 0.00059846881777048111
vn 0.91580295562744141 -0.40161141753196716 0.0036355117335915565
vn 0.73676556348800659 -0.67614239454269409 0.0028178051579743624
vn 0.67582273483276367 -0.73705780506134033 0.0030716271139681339
vn 0.34301304817199707 -0.93933016061782837 0.00093724014004692435
vn 0.33298048377037048 -0.94293326139450073 0.00094083516160026193
vn 0.68765377998352051 -0.72603243589401245 0.0030256800819188356
vn 0.92047661542892456 -0.3907817006111145 0.0035374776925891638
vn 0.35292959213256836 -0.93564939498901367 0.00093356758588925004
vn 0.69896131753921509 -0.7151532769203186 0.0029803419020026922
vn 0.92478609085083008 -0.3804718554019928 0.0034441498573869467
vn 0.36272859573364258 -0.93189436197280884 0.00092982087517157197
vn 0.9051978588104248 -0.42497298121452332 0.0038469878491014242
vn 0.99999988079071045 0.00043655725312419236 -3.9532005757791921E-06
vn 0.97768187522888184 -0.21007601916790009 0.0024909593630582094
vn 0.99458056688308716 -0.10395777970552444 0.001509215566329658
vn 0.99458056688308716 -0.10395777970552444 0.001509215566329658
vn 0.99458056688308716 -0.10395777970552444 0.001509215566329658
vn 0.99458056688308716 -0.10395777970552444 0.001509215566329658
vn 0.85768085718154907 -0.51416134834289551 0.0046543916687369347
vn 0.85768085718154907 -0.51416134834289551 0.0046543916687369347
vn 0.85768085718154907 -0.51416134834289551 0.0046543916687369347
vn 0.32283356785774231 -0.94645529985427856 0.00094434939092025161
vn 0.65049803256988525 -0.75950133800506592 0.0031651589088141918
vn 0.65704429149627686 -0.75384539365768433 0.0031415882986038923
vn 0.00035155093064531684 -0.99999994039535522 1.0271393193761469E-06
vn 0.1603551059961319 -0.98705935478210449 0.00023423475795425475
vn 0.32792121171951294 -0.94470459222793579 0.00094260257901623845
vn 0.66344523429870605 -0.7482183575630188 0.0031181378290057182
vn 1 0 0
vn 1 0 0
vn 0.99999994039535522 -0.00031093874713405967 2.8147144348622533E-06
vn 0 -1 0
vn 0.16306169331073761 -0.98661583662033081 0.00023412950395140797
vn 0.081777170300483704 -0.99665063619613647 7.9490218922728673E-06
vn 0.081777170300483704 -0.99665063619613647 7.9490218922728673E-06
vn 0.081777170300483704 -0.99665063619613647 7.9490218922728673E-06
vn 0.081777170300483704 -0.99665063619613647 7.9490218922728673E-06
vn 0 -1 0
vn 0 -1 0
vn -2.3281224912352627E-06 -0.068547278642654419 -0.99764788150787354
vn -2.3281224912352627E-06 -0.068547278642654419 -0.99764788150787354
vn -2.3281224912352627E-06 -0.068547278642654419 -0.99764788150787354
vn -2.3281224912352627E-06 -0.068547278642654419 -0.99764788150787354
vn -2.3281224912352627E-06 -0.068547278642654419 -0.99764788150787354
vn -2.3281224912352627E-06 -0.068547278642654419 -0.99764788150787354
vn -2.3281224912352627E-06 -0.068547278642654419 -0.99764788150787354
vn -2.3281224912352627E-06 -0.068547278642654419 -0.99764788150787354
vn -2.3281224912352627E-06 -0.068547278642654419 -0.99764788150787354
vn -2.3281224912352627E-06 -0.068547278642654419 -0.99764788150787354
vn -2.3281224912352627E-06 -0.068547278642654419 -0.99764788150787354
vn -2.3281224912352627E-06 -0.068547278642654419 -0.99764788150787354
vn -2.3281224912352627E-06 -0.068547278642654419 -0.99764788150787354
vn -2.3281224912352627E-06 -0.068547278642654419 -0.99764788150787354
vn -2.3281224912352627E-06 -0.068547278642654419 -0.99764788150787354
vn -2.3281224912352627E-06 -0.068547278642654419 -0.99764788150787354
vn -2.3281224912352627E-06 -0.068547278642654419 -0.99764788150787354
vn -2.3281224912352627E-06 -0.068547278642654419 -0.99764788150787354
vn -2.3281224912352627E-06 -0.068547278642654419 -0.99764788150787354
vn -2.3281224912352627E-06 -0.068547278642654419 -0.99764788150787354
vn 0.55470025539398193 0.057035963982343674 0.83009308576583862
vn 0.55470025539398193 0.057035963982343674 0.83009308576583862
vn 0.55470025539398193 0.057035963982343674 0.83009308576583862
vn 0.55470025539398193 0.057035963982343674 0.83009308576583862
vn 0.55470025539398193 0.057035963982343674 0.83009308576583862
vn 0.55470025539398193 0.057035963982343674 0.83009308576583862
vn 0.55470025539398193 0.057035963982343674 0.83009308576583862
vn 0.55470025539398193 0.057035963982343674 0.83009308576583862
vn 0.55470025539398193 0.057035963982343674 0.83009308576583862
vn 0.55470025539398193 0.057035963982343674 0.83009308576583862
vn 0.55470025539398193 0.057035963982343674 0.83009308576583862
vn 0.55470025539398193 0.057035963982343674 0.83009308576583862
vn 0.55470025539398193 0.057035963982343674 0.83009308576583862
vn 0.55470025539398193 0.057035963982343674 0.83009308576583862
vn 0 0.5074734091758728 0.86166739463806152
vn 0 0.5074734091758728 0.86166739463806152
vn 0 0.5074734091758728 0.86166739463806152
vn 0 0.5074734091758728 0.86166739463806152
vn 0 0.5074734091758728 0.86166739463806152
vn 0 0.5074734091758728 0.86166739463806152
vn 0 0.5074734091758728 0.86166739463806152
vn 0 0.5074734091758728 0.86166739463806152
vn -0.55470025539398193 0.057035941630601883 0.83009308576583862
vn -0.55470025539398193 0.057035941630601883 0.83009308576583862
vn -0.55470025539398193 0.057035941630601883 0.83009308576583862
vn 0 -0.3848499059677124 0.92297917604446411
vn 0 -0.3848499059677124 0.92297917604446411
vn 0 -0.3848499059677124 0.92297917604446411
vn 0 -0.3848499059677124 0.92297917604446411
vn 0 -0.3848499059677124 0.92297917604446411
vn 0 -0.3848499059677124 0.92297917604446411
vn 0.48077085614204407 0.13355371356010437 0.86661571264266968
vn 0.48077085614204407 0.13355371356010437 0.86661571264266968
vn 0.48077085614204407 0.13355371356010437 0.86661571264266968
vn 0.45111098885536194 0.16510625183582306 0.87706261873245239
vn 0.45111098885536194 0.16510625183582306 0.87706261873245239
vn 0.45111098885536194 0.16510625183582306 0.87706261873245239
vn 0.45111098885536194 0.16510625183582306 0.87706261873245239
vn 0.46571150422096252 0.15097396075725555 0.87196308374404907
vn 0.49700689315795898 0.11927587538957596 0.85951000452041626
vn 0.49967324733734131 0.11651237308979034 0.85834228992462158
vn 0.43450170755386353 0.18131855130195618 0.88223117589950562
vn 0.40299516916275024 0.2111189216375351 0.89051878452301025
vn 0.40299516916275024 0.2111189216375351 0.89051878452301025
vn 0.40299516916275024 0.2111189216375351 0.89051878452301025
vn 0.40299516916275024 0.2111189216375351 0.89051878452301025
vn 0.36782610416412354 0.24236831068992615 0.89775359630584717
vn 0.29775065183639526 0.30162686109542847 0.90574043989181519
vn 0.29775065183639526 0.30162686109542847 0.90574043989181519
vn 0 0.50747346878051758 0.86166739463806152
vn 0 0.50747346878051758 0.86166739463806152
vn 0.066385559737682343 0.46747696399688721 0.88150906562805176
vn 0.26493224501609802 0.32781961560249329 0.90683251619338989
vn 0.32866096496582031 0.27606627345085144 0.90319955348968506
vn 0.13311485946178436 0.42396807670593262 0.89584124088287354
vn 0.15168537199497223 0.41125860810279846 0.89880913496017456
vn 0.19952449202537537 0.37727895379066467 0.90435093641281128
vn 0.33314236998558044 0.27228659391403198 0.90270495414733887
vn 0.36782610416412354 0.24236831068992615 0.89775359630584717
vn 0.39006447792053223 0.22254419326782227 0.89348965883255005
vn 0.44855058193206787 0.16780842840671539 0.87786257266998291
vn 0.50359851121902466 0.11242537945508957 0.85659152269363403
vn 0.55470019578933716 0.057035945355892181 0.8300931453704834
vn 0.51187711954116821 0.1037321463227272 0.85277277231216431
vn 0.51187711954116821 0.1037321463227272 0.85277277231216431
vn 0.51187711954116821 0.1037321463227272 0.85277277231216431
vn 0.55470019578933716 0.057035945355892181 0.8300931453704834
vn 0.52583098411560059 0.088842004537582397 0.84593671560287476
vn 0.54072803258895874 0.072603702545166016 0.83805841207504272
vn 0.54072803258895874 0.072603702545166016 0.83805841207504272
vn 0.54072803258895874 0.072603702545166016 0.83805841207504272
vn 0.30434048175811768 0.29625141620635986 0.90532422065734863
vn 0.43807366490364075 0.17790618538856506 0.88115882873535156
vn 0.49966385960578918 0.11652215570211411 0.85834646224975586
vn 0.47204139828681946 0.14466910064220428 0.86962509155273438
vn 0 0.50747346878051758 0.86166739463806152
vn 0.51922619342803955 0.095926351845264435 0.84923630952835083
vn 0.51922619342803955 0.095926351845264435 0.84923630952835083
vn 0.51922619342803955 0.095926351845264435 0.84923630952835083
vn -0.29623222351074219 0.30285987257957458 0.90582692623138428
vn -0.36673471331596375 0.2433280348777771 0.89794051647186279
vn -0.33183938264846802 0.27338731288909912 0.90285211801528931
vn -0.40159088373184204 0.21245431900024414 0.89083552360534668
vn -0.40159088373184204 0.21245431900024414 0.89083552360534668
vn -0.40159088373184204 0.21245431900024414 0.89083552360534668
vn -0.40159088373184204 0.21245431900024414 0.89083552360534668
vn -0.48137891292572021 0.13527147471904755 0.86601155996322632
vn -0.48137891292572021 0.13527147471904755 0.86601155996322632
vn -0.48137891292572021 0.13527147471904755 0.86601155996322632
vn -0.43381437659263611 0.18197342753410339 0.88243454694747925
vn -0.46520107984542847 0.15148012340068817 0.87214779853820801
vn -0.49668732285499573 0.11960639804601669 0.85964876413345337
vn -0.45360413193702698 0.16300351917743683 0.87616962194442749
vn -0.45360413193702698 0.16300351917743683 0.87616962194442749
vn -0.45360413193702698 0.16300351917743683 0.87616962194442749
vn -0.45360413193702698 0.16300351917743683 0.87616962194442749
vn -0.48137891292572021 0.13527147471904755 0.86601155996322632
vn -0.55470019578933716 0.057035945355892181 0.8300931453704834
vn -0.50359851121902466 0.11242537945508957 0.85659152269363403
vn -0.44855058193206787 0.16780842840671539 0.87786257266998291
vn -0.39006447792053223 0.22254419326782227 0.89348965883255005
vn -0.52633637189865112 0.088297039270401001 0.84567940235137939
vn -0.54065465927124023 0.072685353457927704 0.83809864521026611
vn -0.54065465927124023 0.072685353457927704 0.83809864521026611
vn -0.54065465927124023 0.072685353457927704 0.83809864521026611
vn -0.36673471331596375 0.2433280348777771 0.89794051647186279
vn -0.49966493248939514 0.11652100831270218 0.85834598541259766
vn -0.54065465927124023 0.072685353457927704 0.83809864521026611
vn -0.29623222351074219 0.30285987257957458 0.90582692623138428
vn -0.32866096496582031 0.27606627345085144 0.90319955348968506
vn -0.26493224501609802 0.32781961560249329 0.90683251619338989
vn 0 0.50747346878051758 0.86166739463806152
vn -0.13311485946178436 0.42396807670593262 0.89584124088287354
vn -0.066385559737682343 0.46747696399688721 0.88150906562805176
vn 0 0.50747346878051758 0.86166739463806152
vn -0.15168537199497223 0.41125860810279846 0.89880913496017456
vn -0.19952449202537537 0.37727895379066467 0.90435093641281128
vn -0.30434048175811768 0.29625141620635986 0.90532422065734863
vn -0.43804794549942017 0.17793078720569611 0.88116663694381714
vn 0 0.50747346878051758 0.86166739463806152
vn -0.49965816736221313 0.11652806401252747 0.85834896564483643
vn -0.47158887982368469 0.14512155950069427 0.86979520320892334
vn -0.3676791787147522 -0.11742483824491501 0.92250931262969971
vn -0.3676791787147522 -0.11742483824491501 0.92250931262969971
vn -0.3676791787147522 -0.11742483824491501 0.92250931262969971
vn -0.48178628087043762 -0.015165011398494244 0.87615752220153809
vn -0.48178628087043762 -0.015165011398494244 0.87615752220153809
vn -0.48178628087043762 -0.015165011398494244 0.87615752220153809
vn -0.45052799582481384 -0.044348292052745819 0.89166009426116943
vn -0.45052799582481384 -0.044348292052745819 0.89166009426116943
vn -0.45052799582481384 -0.044348292052745819 0.89166009426116943
vn -0.49637126922607422 -0.0012089380761608481 0.86810952425003052
vn -0.46645525097846985 -0.029598265886306763 0.88404947519302368
vn -0.4345015287399292 -0.05894765630364418 0.89873999357223511
vn -0.40266677737236023 -0.088079378008842468 0.91109907627105713
vn -0.40266677737236023 -0.088079378008842468 0.91109907627105713
vn -0.40266677737236023 -0.088079378008842468 0.91109907627105713
vn -0.33314177393913269 -0.14626024663448334 0.93146365880966187
vn -0.33314177393913269 -0.14626024663448334 0.93146365880966187
vn -0.33314177393913269 -0.14626024663448334 0.93146365880966187
vn -0.36782610416412354 -0.11730043590068817 0.92246657609939575
vn -0.29775065183639526 -0.17490968108177185 0.93848341703414917
vn -0.40266677737236023 -0.088079378008842468 0.91109907627105713
vn -0.33314177393913269 -0.14626024663448334 0.93146365880966187
vn -0.14992263913154602 -0.28570142388343811 0.94651883840560913
vn 0 -0.38484984636306763 0.92297917604446411
vn -0.066385559737682343 -0.34251540899276733 0.93716388940811157
vn -0.13311485946178436 -0.29745513200759888 0.94541043043136597
vn -0.19952449202537537 -0.25004085898399353 0.94745421409606934
vn -0.26493224501609802 -0.20070692896842957 0.94314771890640259
vn -0.075281716883182526 -0.33665424585342407 0.93861418962478638
vn -0.075281716883182526 -0.33665424585342407 0.93861418962478638
vn -0.075281716883182526 -0.33665424585342407 0.93861418962478638
vn -0.32866096496582031 -0.14993683993816376 0.93247032165527344
vn -0.43450158834457397 -0.058947615325450897 0.89873999357223511
vn -0.39006447792053223 -0.098245821893215179 0.9155312180519104
vn -0.44855058193206787 -0.046161863952875137 0.89256453514099121
vn -0.50359851121902466 0.0057913651689887047 0.86391836404800415
vn -0.49637314677238464 -0.0012071259552612901 0.86810845136642456
vn -0.55470019578933716 0.057035945355892181 0.8300931453704834
vn -0.46623700857162476 -0.029802042990922928 0.88415771722793579
vn -0.46623700857162476 -0.029802042990922928 0.88415771722793579
vn -0.46623700857162476 -0.029802042990922928 0.88415771722793579
vn -0.5263829231262207 0.028245918452739716 0.84977829456329346
vn -0.5263829231262207 0.028245918452739716 0.84977829456329346
vn -0.5263829231262207 0.028245918452739716 0.84977829456329346
vn -0.4997270405292511 0.0020343204960227013 0.86618053913116455
vn -0.53858453035354614 0.040526643395423889 0.84159630537033081
vn -0.30434048175811768 -0.16964170336723328 0.93733590841293335
vn -0.29775059223175049 -0.17490972578525543 0.93848341703414917
vn -0.36782610416412354 -0.11730043590068817 0.92246657609939575
vn -0.15168537199497223 -0.28445917367935181 0.94661211967468262
vn -0.43811997771263123 -0.055671866983175278 0.89719092845916748
vn -0.49971833825111389 0.0020258983131498098 0.86618560552597046
vn -0.46647199988365173 -0.02958262711763382 0.88404113054275513
vn -0.22525650262832642 -0.23051804304122925 0.9466366171836853
vn -0.22525650262832642 -0.23051804304122925 0.9466366171836853
vn -0.22525650262832642 -0.23051804304122925 0.9466366171836853
vn -0.55470019578933716 0.057035945355892181 0.8300931453704834
vn -0.075281716883182526 -0.33665424585342407 0.93861418962478638
vn 0.3665890097618103 -0.11834949254989624 0.92282497882843018
vn 0.3665890097618103 -0.11834949254989624 0.92282497882843018
vn 0.3665890097618103 -0.11834949254989624 0.92282497882843018
vn 0.4026896059513092 -0.087252654135227203 0.91116851568222046
vn 0.4026896059513092 -0.087252654135227203 0.91116851568222046
vn 0.4026896059513092 -0.087252654135227203 0.91116851568222046
vn 0.4026896059513092 -0.087252654135227203 0.91116851568222046
vn 0.33183911442756653 -0.14732998609542847 0.93176001310348511
vn 0.33183911442756653 -0.14732998609542847 0.93176001310348511
vn 0.33183911442756653 -0.14732998609542847 0.93176001310348511
vn 0.4338144063949585 -0.059568360447883606 0.89903098344802856
vn 0.29623222351074219 -0.17611929774284363 0.93873769044876099
vn 0.36673471331596375 -0.1182255893945694 0.92278295755386353
vn 0.45068302750587463 -0.043603129684925079 0.89161849021911621
vn 0.45068302750587463 -0.043603129684925079 0.89161849021911621
vn 0.45068302750587463 -0.043603129684925079 0.89161849021911621
vn 0.48143786191940308 -0.015524366870522499 0.87634271383285522
vn 0.48143786191940308 -0.015524366870522499 0.87634271383285522
vn 0.48143786191940308 -0.015524366870522499 0.87634271383285522
vn 0.46582090854644775 -0.030190426856279373 0.88436383008956909
vn 0.49668732285499573 -0.00090401683701202273 0.86792910099029541
vn 0.46573618054389954 -0.030268838629126549 0.88440579175949097
vn 0.46573618054389954 -0.030268838629126549 0.88440579175949097
vn 0.46573618054389954 -0.030268838629126549 0.88440579175949097
vn 0.48143786191940308 -0.015524366870522499 0.87634271383285522
vn 0.22355276346206665 -0.23222953081130981 0.94662219285964966
vn 0.22355276346206665 -0.23222953081130981 0.94662219285964966
vn 0.22355276346206665 -0.23222953081130981 0.94662219285964966
vn 0.49079746007919312 -0.021184099838137627 0.87101614475250244
vn 0.49079746007919312 -0.021184099838137627 0.87101614475250244
vn 0.49079746007919312 -0.021184099838137627 0.87101614475250244
vn 0.39006447792053223 -0.098245821893215179 0.9155312180519104
vn 0.4338144063949585 -0.059568371623754501 0.89903098344802856
vn 0.44855058193206787 -0.046161863952875137 0.89256453514099121
vn 0.49079746007919312 -0.021184099838137627 0.87101614475250244
vn 0.55470019578933716 0.057035945355892181 0.8300931453704834
vn 0.55470019578933716 0.057035945355892181 0.8300931453704834
vn 0.50359851121902466 0.0057913651689887047 0.86391836404800415
vn 0.53850948810577393 0.040450621396303177 0.8416479229927063
vn 0.46573618054389954 -0.030268838629126549 0.88440579175949097
vn 0.49668732285499573 -0.00090401683701202273 0.86792910099029541
vn 0.49972420930862427 0.0020315679721534252 0.86618220806121826
vn 0.32866096496582031 -0.14993683993816376 0.93247032165527344
vn 0.14901456236839294 -0.28634065389633179 0.94646906852722168
vn 0.13311485946178436 -0.29745513200759888 0.94541043043136597
vn 0.066385559737682343 -0.34251540899276733 0.93716388940811157
vn 0 -0.38484984636306763 0.92297917604446411
vn 0.26493224501609802 -0.20070692896842957 0.94314771890640259
vn 0.19952449202537537 -0.25004085898399353 0.94745421409606934
vn 0.36673471331596375 -0.1182255893945694 0.92278295755386353
vn 0.2962319552898407 -0.17611950635910034 0.93873775005340576
vn 0.30434048175811768 -0.16964170336723328 0.93733590841293335
vn 0.074985459446907043 -0.33685016632080078 0.93856757879257202
vn 0.074985459446907043 -0.33685016632080078 0.93856757879257202
vn 0.074985459446907043 -0.33685016632080078 0.93856757879257202
vn 0.15168537199497223 -0.28445917367935181 0.94661211967468262
vn 0.22355276346206665 -0.23222953081130981 0.94662219285964966
vn 0.43811273574829102 -0.055678445845842361 0.8971940279006958
vn 0.49971538782119751 0.0020230263471603394 0.86618733406066895
vn 0.46582105755805969 -0.030190292745828629 0.88436377048492432
vn 3.1232033506967127E-05 0.068510100245475769 0.99765044450759888
vn 3.1232033506967127E-05 0.068510100245475769 0.99765044450759888
vn 3.1232033506967127E-05 0.068510100245475769 0.99765044450759888
vn 3.1232033506967127E-05 0.068510100245475769 0.99765044450759888
vn 3.1232033506967127E-05 0.068510100245475769 0.99765044450759888
vn 3.1232033506967127E-05 0.068510100245475769 0.99765044450759888
vn 3.1232033506967127E-05 0.068510100245475769 0.99765044450759888
vn 3.1232033506967127E-05 0.068510100245475769 0.99765044450759888
vn 3.1232033506967127E-05 0.068510100245475769 0.99765044450759888
vn 3.1232033506967127E-05 0.068510100245475769 0.99765044450759888
vn 3.1232033506967127E-05 0.068510100245475769 0.99765044450759888
vn 3.1232033506967127E-05 0.068510100245475769 0.99765044450759888
vn 3.1232033506967127E-05 0.068510100245475769 0.99765044450759888
vn 3.1232033506967127E-05 0.068510100245475769 0.99765044450759888
vn 3.1232033506967127E-05 0.068510100245475769 0.99765044450759888
vn 3.1232033506967127E-05 0.068510100245475769 0.99765044450759888
vn 3.1232033506967127E-05 0.068510100245475769 0.99765044450759888
vn 3.1232033506967127E-05 0.068510100245475769 0.99765044450759888
vn 3.1232033506967127E-05 0.068510100245475769 0.99765044450759888
vn 3.1232033506967127E-05 0.068510100245475769 0.99765044450759888
vn 3.1232033506967127E-05 0.068510100245475769 0.99765044450759888
vn 3.1232033506967127E-05 0.068510100245475769 0.99765044450759888
vn 3.1232033506967127E-05 0.068510100245475769 0.99765044450759888
vn 3.1232033506967127E-05 0.068510100245475769 0.99765044450759888
vn 3.1232033506967127E-05 0.068510100245475769 0.99765044450759888
vn 3.1232033506967127E-05 0.068510100245475769 0.99765044450759888
vn 3.1232033506967127E-05 0.068510100245475769 0.99765044450759888
vn 3.1232033506967127E-05 0.068510100245475769 0.99765044450759888
vn 3.1232033506967127E-05 0.068510100245475769 0.99765044450759888
vn 3.1232033506967127E-05 0.068510100245475769 0.99765044450759888
vn 3.1232033506967127E-05 0.068510100245475769 0.99765044450759888
vn 3.1232033506967127E-05 0.068510100245475769 0.99765044450759888
vn 3.1232033506967127E-05 0.068510100245475769 0.99765044450759888
vn 3.1232033506967127E-05 0.068510100245475769 0.99765044450759888
vn 3.1232033506967127E-05 0.068510100245475769 0.99765044450759888
vn 3.1232033506967127E-05 0.068510100245475769 0.99765044450759888
vn 3.1232033506967127E-05 0.068510100245475769 0.99765044450759888
vn 3.1232033506967127E-05 0.068510100245475769 0.99765044450759888
vn 3.1232033506967127E-05 0.068510100245475769 0.99765044450759888
vn 3.1232033506967127E-05 0.068510100245475769 0.99765044450759888
vn -0.85768026113510132 0.50996696949005127 -0.065713778138160706
vn -0.85768085718154907 -0.51416134834289551 0.0046543916687369347
vn 0 -1 0
vn 0.75044518709182739 0.65511125326156616 -0.087528713047504425
vn 0.95359474420547485 0.29868465662002563 -0.038007635623216629
vn 0.98027962446212769 0.19606791436672211 -0.024682151153683662
vn 0.85768085718154907 -0.51416134834289551 0.0046543916687369347
vn 0.24659956991672516 -0.96911728382110596 0.00059846881777048111
vn 0.24659956991672516 -0.96911728382110596 0.00059846881777048111
vn 0 0.99060213565826416 -0.13677491247653961
vn 0 -1 0
vn 0 -1 0
vn 0.95359474420547485 0.29868465662002563 -0.038007635623216629
vn -0.55470025539398193 0.057035941630601883 0.83009308576583862
vn 0.40299516916275024 0.2111189216375351 0.89051878452301025
vn -0.40159088373184204 0.21245431900024414 0.89083552360534668
vn -0.51063019037246704 0.10267632454633713 0.85364770889282227
vn -0.51063019037246704 0.10267632454633713 0.85364770889282227
vn -0.51063019037246704 0.10267632454633713 0.85364770889282227
vn -0.22525650262832642 -0.23051804304122925 0.9466366171836853
vn 0.33183911442756653 -0.14732998609542847 0.93176001310348511
vn 0.45068302750587463 -0.043603129684925079 0.89161849021911621
vn 0.074985459446907043 -0.33685016632080078 0.93856757879257202
vn 1 0 0
vn 1 0 0
vn -0.94919061660766602 0.31217706203460693 -0.039781861007213593
vn -0.94919061660766602 0.31217706203460693 -0.039781861007213593
vn -0.94919061660766602 0.31217706203460693 -0.039781861007213593
vn -0.94919061660766602 0.31217706203460693 -0.039781861007213593
vn 0.94919067621231079 -0.31468430161476135 0.0032899340149015188
vn 0.94919067621231079 -0.31468430161476135 0.0032899340149015188
vn 0.94919067621231079 -0.31468430161476135 0.0032899340149015188
vn 0.94919067621231079 -0.31468430161476135 0.0032899340149015188
vn 0.33314236998558044 0.27228659391403198 0.90270495414733887
vn 0.33314236998558044 0.27228659391403198 0.90270495414733887
vn 0.33314236998558044 0.27228659391403198 0.90270495414733887
vn 0.33314236998558044 0.27228659391403198 0.90270495414733887
vn -0.33183938264846802 0.27338731288909912 0.90285211801528931
vn -0.33183938264846802 0.27338731288909912 0.90285211801528931
vn -0.33183938264846802 0.27338731288909912 0.90285211801528931
vn -0.33183938264846802 0.27338731288909912 0.90285211801528931
f 1837/1837/1837 1841/1841/1841 1835/1835/1835 1836/1836/1836
f 1836/1836/1836 1835/1835/1835 1838/1838/1838 1839/1839/1839
f 1840/1840/1840 1842/1842/1842 1841/1841/1841 1837/1837/1837
f 1845/1845/1845 1849/1849/1849 1843/1843/1843 1844/1844/1844
f 1848/1848/1848 2375/2375/2375 1846/1846/1846 1847/1847/1847
f 1849/1849/1849 1848/1848/1848 1847/1847/1847 1843/1843/1843
f 1850/1850/1850 1851/1851/1851 1852/1852/1852
f 1853/1853/1853 1859/1859/1859 1854/1854/1854 2389/2389/2389
f 1854/1854/1854 1859/1859/1859 1855/1855/1855 1856/1856/1856
f 1857/1857/1857 1853/1853/1853 2389/2389/2389 2390/2390/2390
f 1858/1858/1858 1853/1853/1853 1857/1857/1857
f 1861/1861/1861 2376/2376/2376 1862/1862/1862 1860/1860/1860
f 1865/1865/1865 2377/2377/2377 1863/1863/1863 1864/1864/1864
f 1862/1862/1862 1865/1865/1865 1864/1864/1864 1860/1860/1860
f 1867/1867/1867 2391/2391/2391 2392/2392/2392 2393/2393/2393
f 1869/1869/1869 1870/1870/1870 1871/1871/1871
f 1872/1872/1872 1873/1873/1873 1866/1866/1866
f 1875/1875/1875 1906/1906/1906 1876/1876/1876 1874/1874/1874
f 1872/1872/1872 1866/1866/1866 1877/1877/1877
f 1878/1878/1878 1869/1869/1869 1871/1871/1871
f 1877/1877/1877 1879/1879/1879 1872/1872/1872
f 1881/1881/1881 1904/1904/1904 1879/1879/1879
f 1879/1879/1879 1877/1877/1877 1883/1883/1883
f 1880/1880/1880 1879/1879/1879 1882/1882/1882
f 1882/1882/1882 1883/1883/1883 1886/1886/1886
f 1884/1884/1884 1882/1882/1882 1885/1885/1885
f 1888/1888/1888 1889/1889/1889 1890/1890/1890
f 1867/1867/1867 2394/2394/2394 2391/2391/2391
f 1891/1891/1891 1892/1892/1892 1893/1893/1893
f 1866/1866/1866 1868/1868/1868 1877/1877/1877
f 1893/1893/1893 1892/1892/1892 1894/1894/1894
f 1895/1895/1895 1896/1896/1896 1897/1897/1897
f 1900/1900/1900 1903/1903/1903 1898/1898/1898
f 1888/1888/1888 1873/1873/1873 1899/1899/1899
f 1898/1898/1898 1901/1901/1901 1902/1902/1902
f 1873/1873/1873 1900/1900/1900 1899/1899/1899
f 1904/1904/1904 1881/1881/1881 1903/1903/1903
f 1905/1905/1905 1906/1906/1906 1875/1875/1875
f 1907/1907/1907 1877/1877/1877 1868/1868/1868
f 1908/1908/1908 1883/1883/1883 1877/1877/1877
f 1883/1883/1883 1908/1908/1908 1909/1909/1909
f 1910/1910/1910 1911/1911/1911 1880/1880/1880
f 1881/1881/1881 1880/1880/1880 1911/1911/1911
f 1912/1912/1912 1913/1913/1913 1914/1914/1914
f 1884/1884/1884 1917/1917/1917 1910/1910/1910
f 1915/1915/1915 1912/1912/1912 1914/1914/1914
f 1917/1917/1917 1884/1884/1884 1887/1887/1887
f 1920/1920/1920 1924/1924/1924 1918/1918/1918
f 1919/1919/1919 1918/1918/1918 1921/1921/1921
f 1924/1924/1924 1929/1929/1929 1923/1923/1923
f 1918/1918/1918 1923/1923/1923 1925/1925/1925
f 1926/1926/1926 1927/1927/1927 1928/1928/1928
f 1929/1929/1929 1930/1930/1930 1931/1931/1931
f 1923/1923/1923 1929/1929/1929 1931/1931/1931
f 1923/1923/1923 1961/1961/1961 1932/1932/1932
f 1935/1935/1935 1951/1951/1951 1933/1933/1933 1934/1934/1934
f 1936/1936/1936 1927/1927/1927 1926/1926/1926
f 1937/1937/1937 1931/1931/1931 1930/1930/1930
f 1932/1932/1932 1960/1960/1960 1938/1938/1938 1939/1939/1939
f 1940/1940/1940 1946/1946/1946 1924/1924/1924
f 1941/1941/1941 1942/1942/1942 1943/1943/1943
f 1944/1944/1944 1929/1929/1929 1945/1945/1945
f 1929/1929/1929 1924/1924/1924 1946/1946/1946
f 1941/1941/1941 1943/1943/1943 1947/1947/1947
f 1948/1948/1948 2368/2368/2368 1922/1922/1922
f 1921/1921/1921 1925/1925/1925 1949/1949/1949
f 1944/1944/1944 1930/1930/1930 1929/1929/1929
f 1925/1925/1925 1939/1939/1939 1949/1949/1949
f 1950/1950/1950 1933/1933/1933 1951/1951/1951
f 1952/1952/1952 1953/1953/1953 1954/1954/1954
f 1937/1937/1937 1955/1955/1955 1956/1956/1956
f 1955/1955/1955 1937/1937/1937 1957/1957/1957
f 1958/1958/1958 1957/1957/1957 1959/1959/1959
f 1960/1960/1960 1932/1932/1932 1961/1961/1961
f 1962/1962/1962 1963/1963/1963 1964/1964/1964
f 1963/1963/1963 1965/1965/1965 1964/1964/1964
f 1925/1925/1925 1932/1932/1932 1939/1939/1939
f 1966/1966/1966 1967/1967/1967 1938/1938/1938
f 1966/1966/1966 1960/1960/1960 1956/1956/1956
f 1970/1970/1970 1998/1998/1998 1968/1968/1968 1969/1969/1969
f 1971/1971/1971 1972/1972/1972 1973/1973/1973
f 1974/1974/1974 1975/1975/1975 1976/1976/1976
f 1979/1979/1979 2378/2378/2378 1977/1977/1977 1978/1978/1978
f 1968/1968/1968 1988/1988/1988 1980/1980/1980
f 1982/1982/1982 1983/1983/1983 1984/1984/1984
f 1985/1985/1985 1986/1986/1986 1974/1974/1974
f 1980/1980/1980 1985/1985/1985 1974/1974/1974
f 1988/1988/1988 1991/1991/1991 1987/1987/1987
f 1980/1980/1980 1987/1987/1987 1989/1989/1989
f 1991/1991/1991 2007/2007/2007 1990/1990/1990
f 1987/1987/1987 1990/1990/1990 1992/1992/1992
f 1993/1993/1993 1994/1994/1994 1970/1970/1970
f 1969/1969/1969 1993/1993/1993 1970/1970/1970
f 1995/1995/1995 1996/1996/1996 1997/1997/1997
f 1981/1981/1981 1976/1976/1976 1969/1969/1969
f 1968/1968/1968 1998/1998/1998 1988/1988/1988
f 1997/1997/1997 1996/1996/1996 1999/1999/1999
f 1976/1976/1976 2001/2001/2001 1993/1993/1993
f 1975/1975/1975 2000/2000/2000 2001/2001/2001
f 2002/2002/2002 2000/2000/2000 2003/2003/2003
f 1976/1976/1976 1975/1975/1975 2001/2001/2001
f 2004/2004/2004 1973/1973/1973 1972/1972/1972
f 2005/2005/2005 1988/1988/1988 1998/1998/1998
f 2005/2005/2005 2008/2008/2008 1991/1991/1991
f 2007/2007/2007 1991/1991/1991 2008/2008/2008
f 1985/1985/1985 2009/2009/2009 1986/1986/1986
f 2010/2010/2010 2011/2011/2011 2012/2012/2012
f 1985/1985/1985 1989/1989/1989 2013/2013/2013
f 2014/2014/2014 2010/2010/2010 2012/2012/2012
f 2015/2015/2015 2013/2013/2013 1989/1989/1989
f 2017/2017/2017 2395/2395/2395 2396/2396/2396 2397/2397/2397
f 2019/2019/2019 2020/2020/2020 2021/2021/2021
f 2022/2022/2022 2023/2023/2023 2016/2016/2016
f 2025/2025/2025 2374/2374/2374 2026/2026/2026 2024/2024/2024
f 2022/2022/2022 2016/2016/2016 2027/2027/2027
f 2028/2028/2028 2019/2019/2019 2021/2021/2021
f 2027/2027/2027 2029/2029/2029 2022/2022/2022
f 2031/2031/2031 2054/2054/2054 2029/2029/2029
f 2029/2029/2029 2027/2027/2027 2033/2033/2033
f 2030/2030/2030 2029/2029/2029 2032/2032/2032
f 2032/2032/2032 2033/2033/2033 2036/2036/2036
f 2034/2034/2034 2032/2032/2032 2035/2035/2035
f 2038/2038/2038 2039/2039/2039 2040/2040/2040
f 2017/2017/2017 2398/2398/2398 2395/2395/2395
f 2041/2041/2041 2042/2042/2042 2043/2043/2043
f 2016/2016/2016 2018/2018/2018 2027/2027/2027
f 2043/2043/2043 2042/2042/2042 2044/2044/2044
f 2045/2045/2045 2046/2046/2046 2047/2047/2047
f 2050/2050/2050 2053/2053/2053 2048/2048/2048
f 2038/2038/2038 2023/2023/2023 2049/2049/2049
f 2051/2051/2051 2048/2048/2048 2052/2052/2052
f 2023/2023/2023 2050/2050/2050 2049/2049/2049
f 2054/2054/2054 2031/2031/2031 2053/2053/2053
f 2055/2055/2055 2027/2027/2027 2018/2018/2018
f 2056/2056/2056 2033/2033/2033 2027/2027/2027
f 2033/2033/2033 2056/2056/2056 2057/2057/2057
f 2030/2030/2030 2058/2058/2058 2059/2059/2059
f 2060/2060/2060 2061/2061/2061 2062/2062/2062
f 2034/2034/2034 2065/2065/2065 2058/2058/2058
f 2063/2063/2063 2060/2060/2060 2062/2062/2062
f 2065/2065/2065 2034/2034/2034 2037/2037/2037
f 2066/2066/2066 2067/2067/2067 2068/2068/2068
f 2067/2067/2067 2069/2069/2069 2070/2070/2070
f 2066/2066/2066 2069/2069/2069 2067/2067/2067
f 2071/2071/2071 2067/2067/2067 2070/2070/2070
f 2072/2072/2072 2073/2073/2073 2071/2071/2071
f 2074/2074/2074 2073/2073/2073 2072/2072/2072
f 2075/2075/2075 2072/2072/2072 2071/2071/2071
f 2070/2070/2070 2081/2081/2081 2076/2076/2076 2075/2075/2075
f 2077/2077/2077 2078/2078/2078 2079/2079/2079
f 2078/2078/2078 2080/2080/2080 2081/2081/2081
f 2077/2077/2077 2080/2080/2080 2078/2078/2078
f 2076/2076/2076 2082/2082/2082 2083/2083/2083
f 2084/2084/2084 2082/2082/2082 2085/2085/2085
f 2076/2076/2076 2085/2085/2085 2082/2082/2082
f 2083/2083/2083 2075/2075/2075 2076/2076/2076
f 2078/2078/2078 2081/2081/2081 2070/2070/2070
f 2086/2086/2086 2087/2087/2087 2088/2088/2088
f 2089/2089/2089 2090/2090/2090 2091/2091/2091
f 2091/2091/2091 2092/2092/2092 2086/2086/2086
f 2093/2093/2093 2094/2094/2094 2095/2095/2095
f 2087/2087/2087 2094/2094/2094 2093/2093/2093
f 2088/2088/2088 2093/2093/2093 2095/2095/2095
f 2096/2096/2096 2097/2097/2097 2086/2086/2086 2088/2088/2088
f 2095/2095/2095 2096/2096/2096 2088/2088/2088
f 2092/2092/2092 2094/2094/2094 2087/2087/2087
f 2090/2090/2090 2098/2098/2098 2094/2094/2094 2092/2092/2092
f 2089/2089/2089 2098/2098/2098 2090/2090/2090
f 2086/2086/2086 2097/2097/2097 2091/2091/2091
f 2089/2089/2089 2091/2091/2091 2097/2097/2097
f 2097/2097/2097 2099/2099/2099 2089/2089/2089
f 2098/2098/2098 2089/2089/2089 2099/2099/2099
f 2100/2100/2100 2101/2101/2101 2102/2102/2102
f 2102/2102/2102 2103/2103/2103 2100/2100/2100
f 2104/2104/2104 2101/2101/2101 2105/2105/2105
f 2100/2100/2100 2106/2106/2106 2105/2105/2105
f 2106/2106/2106 2100/2100/2100 2107/2107/2107
f 2101/2101/2101 2100/2100/2100 2105/2105/2105
f 2108/2108/2108 2109/2109/2109 2110/2110/2110
f 2111/2111/2111 2112/2112/2112 2113/2113/2113
f 2114/2114/2114 2115/2115/2115 2113/2113/2113
f 2116/2116/2116 2112/2112/2112 2111/2111/2111
f 2117/2117/2117 2118/2118/2118 2119/2119/2119
f 2120/2120/2120 2121/2121/2121 2122/2122/2122
f 2123/2123/2123 2121/2121/2121 2120/2120/2120
f 2124/2124/2124 2125/2125/2125 2126/2126/2126
f 2125/2125/2125 2124/2124/2124 2127/2127/2127
f 2128/2128/2128 2129/2129/2129 2130/2130/2130
f 2131/2131/2131 2129/2129/2129 2128/2128/2128
f 2399/2399/2399 2143/2143/2143 2400/2400/2400 2401/2401/2401
f 2135/2135/2135 2136/2136/2136 2137/2137/2137
f 2134/2134/2134 2138/2138/2138 2139/2139/2139
f 2140/2140/2140 2135/2135/2135 2137/2137/2137
f 2141/2141/2141 2142/2142/2142 2134/2134/2134
f 2142/2142/2142 2141/2141/2141 2140/2140/2140
f 2139/2139/2139 2144/2144/2144 2134/2134/2134
f 2134/2134/2134 2133/2133/2133 2141/2141/2141
f 2141/2141/2141 2135/2135/2135 2140/2140/2140
f 2142/2142/2142 2138/2138/2138 2134/2134/2134
f 2145/2145/2145 2144/2144/2144 2139/2139/2139
f 2146/2146/2146 2127/2127/2127 2145/2145/2145
f 2127/2127/2127 2144/2144/2144 2145/2145/2145
f 2146/2146/2146 2147/2147/2147 2125/2125/2125
f 2147/2147/2147 2148/2148/2148 2125/2125/2125
f 2127/2127/2127 2146/2146/2146 2125/2125/2125
f 2149/2149/2149 2150/2150/2150 2151/2151/2151
f 2125/2125/2125 2152/2152/2152 2153/2153/2153
f 2154/2154/2154 2155/2155/2155 2156/2156/2156
f 2148/2148/2148 2152/2152/2152 2125/2125/2125
f 2132/2132/2132 2158/2158/2158 2133/2133/2133
f 2159/2159/2159 2158/2158/2158 2160/2160/2160
f 2157/2157/2157 2141/2141/2141 2133/2133/2133
f 2141/2141/2141 2161/2161/2161 2135/2135/2135
f 2162/2162/2162 2163/2163/2163 2164/2164/2164
f 2167/2167/2167 2403/2403/2403 2404/2404/2404 2405/2405/2405
f 2168/2168/2168 2169/2169/2169 2170/2170/2170
f 2171/2171/2171 2169/2169/2169 2168/2168/2168
f 2172/2172/2172 2173/2173/2173 2174/2174/2174
f 2175/2175/2175 2176/2176/2176 2177/2177/2177
f 2178/2178/2178 2179/2179/2179 2180/2180/2180
f 2178/2178/2178 2180/2180/2180 2181/2181/2181
f 2173/2173/2173 2182/2182/2182 2174/2174/2174
f 2177/2177/2177 2183/2183/2183 2184/2184/2184
f 2175/2175/2175 2185/2185/2185 2186/2186/2186
f 2184/2184/2184 2185/2185/2185 2177/2177/2177
f 2177/2177/2177 2185/2185/2185 2175/2175/2175
f 2177/2177/2177 2187/2187/2187 2183/2183/2183
f 2188/2188/2188 2189/2189/2189 2190/2190/2190
f 2186/2186/2186 2191/2191/2191 2175/2175/2175
f 2187/2187/2187 2177/2177/2177 2192/2192/2192
f 2193/2193/2193 2188/2188/2188 2190/2190/2190
f 2194/2194/2194 2195/2195/2195 2196/2196/2196
f 2197/2197/2197 2198/2198/2198 2199/2199/2199
f 2197/2197/2197 2199/2199/2199 2200/2200/2200
f 2167/2167/2167 2406/2406/2406 2403/2403/2403
f 2197/2197/2197 2201/2201/2201 2198/2198/2198
f 2194/2194/2194 2196/2196/2196 2202/2202/2202
f 2198/2198/2198 2201/2201/2201 2202/2202/2202
f 2194/2194/2194 2202/2202/2202 2201/2201/2201
f 2191/2191/2191 2186/2186/2186 2195/2195/2195
f 2203/2203/2203 2204/2204/2204 2166/2166/2166
f 2201/2201/2201 2197/2197/2197 2205/2205/2205
f 2201/2201/2201 2203/2203/2203 2165/2165/2165
f 2204/2204/2204 2206/2206/2206 2207/2207/2207
f 2165/2165/2165 2194/2194/2194 2201/2201/2201
f 2208/2208/2208 2209/2209/2209 2210/2210/2210
f 2211/2211/2211 2212/2212/2212 2213/2213/2213
f 2214/2214/2214 2215/2215/2215 2216/2216/2216
f 2217/2217/2217 2218/2218/2218 2219/2219/2219
f 2220/2220/2220 2221/2221/2221 2222/2222/2222
f 2223/2223/2223 2224/2224/2224 2225/2225/2225
f 2226/2226/2226 2227/2227/2227 2219/2219/2219
f 2220/2220/2220 2222/2222/2222 2228/2228/2228
f 2229/2229/2229 2225/2225/2225 2224/2224/2224
f 2230/2230/2230 2231/2231/2231 2232/2232/2232
f 2233/2233/2233 2230/2230/2230 2232/2232/2232
f 2234/2234/2234 2235/2235/2235 2227/2227/2227
f 2233/2233/2233 2234/2234/2234 2230/2230/2230
f 2236/2236/2236 2237/2237/2237 2238/2238/2238
f 2239/2239/2239 2227/2227/2227 2235/2235/2235
f 2240/2240/2240 2239/2239/2239 2241/2241/2241
f 2240/2240/2240 2242/2242/2242 2243/2243/2243
f 2244/2244/2244 2243/2243/2243 2245/2245/2245
f 2242/2242/2242 2240/2240/2240 2241/2241/2241
f 2246/2246/2246 2247/2247/2247 2248/2248/2248
f 2227/2227/2227 2239/2239/2239 2240/2240/2240
f 2249/2249/2249 2250/2250/2250 2251/2251/2251
f 2243/2243/2243 2244/2244/2244 2240/2240/2240
f 2252/2252/2252 2217/2217/2217 2253/2253/2253
f 2254/2254/2254 2255/2255/2255 2256/2256/2256
f 2257/2257/2257 2255/2255/2255 2254/2254/2254
f 2258/2258/2258 2254/2254/2254 2256/2256/2256
f 2259/2259/2259 2258/2258/2258 2260/2260/2260
f 2261/2261/2261 2262/2262/2262 2263/2263/2263
f 2217/2217/2217 2264/2264/2264 2253/2253/2253
f 2265/2265/2265 2236/2236/2236 2238/2238/2238
f 2266/2266/2266 2267/2267/2267 2268/2268/2268
f 2269/2269/2269 2270/2270/2270 2271/2271/2271
f 2272/2272/2272 2271/2271/2271 2270/2270/2270
f 2273/2273/2273 2274/2274/2274 2275/2275/2275
f 2276/2276/2276 2277/2277/2277 2278/2278/2278
f 2279/2279/2279 2280/2280/2280 2281/2281/2281
f 2282/2282/2282 2283/2283/2283 2284/2284/2284
f 2276/2276/2276 2285/2285/2285 2286/2286/2286
f 2287/2287/2287 2288/2288/2288 2289/2289/2289
f 2290/2290/2290 2284/2284/2284 2283/2283/2283
f 2291/2291/2291 2292/2292/2292 2293/2293/2293
f 2294/2294/2294 2295/2295/2295 2296/2296/2296
f 2297/2297/2297 2298/2298/2298 2299/2299/2299
f 2295/2295/2295 2300/2300/2300 2296/2296/2296
f 2301/2301/2301 2302/2302/2302 2303/2303/2303
f 2286/2286/2286 2304/2304/2304 2301/2301/2301
f 2287/2287/2287 2289/2289/2289 2305/2305/2305
f 2301/2301/2301 2306/2306/2306 2286/2286/2286
f 2304/2304/2304 2286/2286/2286 2307/2307/2307
f 2298/2298/2298 2306/2306/2306 2301/2301/2301
f 2308/2308/2308 2298/2298/2298 2297/2297/2297
f 2309/2309/2309 2310/2310/2310 2311/2311/2311
f 2309/2309/2309 2311/2311/2311 2312/2312/2312
f 2308/2308/2308 2313/2313/2313 2277/2277/2277
f 2314/2314/2314 2309/2309/2309 2277/2277/2277
f 2310/2310/2310 2309/2309/2309 2314/2314/2314
f 2277/2277/2277 2298/2298/2298 2308/2308/2308
f 2315/2315/2315 2316/2316/2316 2317/2317/2317
f 2318/2318/2318 2319/2319/2319 2320/2320/2320
f 2317/2317/2317 2316/2316/2316 2321/2321/2321
f 2292/2292/2292 2291/2291/2291 2322/2322/2322
f 2323/2323/2323 2315/2315/2315 2317/2317/2317
f 2323/2323/2323 2324/2324/2324 2325/2325/2325
f 2326/2326/2326 2327/2327/2327 2328/2328/2328
f 2327/2327/2327 2326/2326/2326 2329/2329/2329
f 2326/2326/2326 2330/2330/2330 2329/2329/2329
f 2328/2328/2328 2331/2331/2331 2326/2326/2326
f 2332/2332/2332 2326/2326/2326 2331/2331/2331
f 2333/2333/2333 2334/2334/2334 2335/2335/2335
f 2332/2332/2332 2334/2334/2334 2333/2333/2333
f 2332/2332/2332 2331/2331/2331 2334/2334/2334
f 2337/2337/2337 2347/2347/2347 2336/2336/2336 2330/2330/2330
f 2338/2338/2338 2339/2339/2339 2340/2340/2340
f 2341/2341/2341 2342/2342/2342 2339/2339/2339
f 2342/2342/2342 2340/2340/2340 2339/2339/2339
f 2339/2339/2339 2338/2338/2338 2336/2336/2336
f 2343/2343/2343 2344/2344/2344 2345/2345/2345
f 2343/2343/2343 2345/2345/2345 2346/2346/2346
f 2346/2346/2346 2345/2345/2345 2341/2341/2341
f 2346/2346/2346 2341/2341/2341 2339/2339/2339
f 2347/2347/2347 2339/2339/2339 2336/2336/2336
f 2337/2337/2337 2330/2330/2330 2326/2326/2326
f 2348/2348/2348 2349/2349/2349 2350/2350/2350
f 2351/2351/2351 2352/2352/2352 2353/2353/2353
f 2348/2348/2348 2352/2352/2352 2351/2351/2351
f 2351/2351/2351 2349/2349/2349 2348/2348/2348
f 2350/2350/2350 2354/2354/2354 2355/2355/2355
f 2356/2356/2356 2337/2337/2337 2350/2350/2350
f 2356/2356/2356 2350/2350/2350 2355/2355/2355
f 2350/2350/2350 2349/2349/2349 2354/2354/2354
f 2357/2357/2357 2358/2358/2358 2359/2359/2359
f 2360/2360/2360 2361/2361/2361 2358/2358/2358
f 2357/2357/2357 2360/2360/2360 2358/2358/2358
f 2362/2362/2362 2361/2361/2361 2360/2360/2360
f 2363/2363/2363 2364/2364/2364 2362/2362/2362
f 2361/2361/2361 2362/2362/2362 2365/2365/2365
f 2365/2365/2365 2362/2362/2362 2364/2364/2364
f 2347/2347/2347 2363/2363/2363 2362/2362/2362
f 2362/2362/2362 2339/2339/2339 2347/2347/2347
f 2350/2350/2350 2337/2337/2337 2326/2326/2326
f 1900/1900/1900 1873/1873/1873 1872/1872/1872
f 1895/1895/1895 1897/1897/1897 2366/2366/2366
f 1956/1956/1956 1931/1931/1931 1937/1937/1937
f 1954/1954/1954 2367/2367/2367 1952/1952/1952
f 1986/1986/1986 1975/1975/1975 1974/1974/1974
f 1982/1982/1982 2369/2369/2369 1983/1983/1983
f 2370/2370/2370 1979/1979/1979 1978/1978/1978
f 2009/2009/2009 2371/2371/2371 1986/1986/1986
f 2050/2050/2050 2023/2023/2023 2022/2022/2022
f 2045/2045/2045 2047/2047/2047 2372/2372/2372
f 2373/2373/2373 2374/2374/2374 2025/2025/2025
f 2030/2030/2030 2059/2059/2059 2031/2031/2031
f 2071/2071/2071 2070/2070/2070 2075/2075/2075
f 2087/2087/2087 2093/2093/2093 2088/2088/2088
f 2090/2090/2090 2092/2092/2092 2091/2091/2091
f 2092/2092/2092 2087/2087/2087 2086/2086/2086
f 2109/2109/2109 2379/2379/2379 2110/2110/2110
f 2111/2111/2111 2113/2113/2113 2115/2115/2115
f 2131/2131/2131 2380/2380/2380 2129/2129/2129
f 2168/2168/2168 2170/2170/2170 2381/2381/2381
f 2382/2382/2382 2383/2383/2383 2384/2384/2384
f 2263/2263/2263 2262/2262/2262 2385/2385/2385
f 2386/2386/2386 2273/2273/2273 2275/2275/2275
f 2387/2387/2387 2279/2279/2279 2281/2281/2281
f 2319/2319/2319 2318/2318/2318 2388/2388/2388
f 1881/1881/1881 1879/1879/1879 1880/1880/1880
f 1879/1879/1879 1883/1883/1883 1882/1882/1882
f 1880/1880/1880 1882/1882/1882 1884/1884/1884
f 1882/1882/1882 1886/1886/1886 1885/1885/1885
f 1884/1884/1884 1885/1885/1885 1887/1887/1887
f 1900/1900/1900 1898/1898/1898 1899/1899/1899
f 1904/1904/1904 1903/1903/1903 1900/1900/1900
f 1908/1908/1908 1877/1877/1877 1907/1907/1907
f 1883/1883/1883 1909/1909/1909 1886/1886/1886
f 1884/1884/1884 1910/1910/1910 1880/1880/1880
f 1917/1917/1917 1887/1887/1887 1916/1916/1916
f 1920/1920/1920 1918/1918/1918 1919/1919/1919
f 1919/1919/1919 1921/1921/1921 1922/1922/1922
f 1924/1924/1924 1923/1923/1923 1918/1918/1918
f 1918/1918/1918 1925/1925/1925 1921/1921/1921
f 1923/1923/1923 1932/1932/1932 1925/1925/1925
f 1940/1940/1940 1924/1924/1924 1920/1920/1920
f 1929/1929/1929 1946/1946/1946 1945/1945/1945
f 1948/1948/1948 1922/1922/1922 1921/1921/1921
f 1921/1921/1921 1949/1949/1949 1948/1948/1948
f 1960/1960/1960 1961/1961/1961 1956/1956/1956
f 1966/1966/1966 1938/1938/1938 1960/1960/1960
f 1966/1966/1966 1956/1956/1956 1955/1955/1955
f 1968/1968/1968 1980/1980/1980 1981/1981/1981
f 1988/1988/1988 1987/1987/1987 1980/1980/1980
f 1980/1980/1980 1989/1989/1989 1985/1985/1985
f 1991/1991/1991 1990/1990/1990 1987/1987/1987
f 1987/1987/1987 1992/1992/1992 1989/1989/1989
f 1981/1981/1981 1969/1969/1969 1968/1968/1968
f 1976/1976/1976 1993/1993/1993 1969/1969/1969
f 2005/2005/2005 1991/1991/1991 1988/1988/1988
f 2007/2007/2007 2008/2008/2008 2006/2006/2006
f 1985/1985/1985 2013/2013/2013 2009/2009/2009
f 2015/2015/2015 1989/1989/1989 1992/1992/1992
f 2031/2031/2031 2029/2029/2029 2030/2030/2030
f 2029/2029/2029 2033/2033/2033 2032/2032/2032
f 2030/2030/2030 2032/2032/2032 2034/2034/2034
f 2032/2032/2032 2036/2036/2036 2035/2035/2035
f 2034/2034/2034 2035/2035/2035 2037/2037/2037
f 2050/2050/2050 2048/2048/2048 2049/2049/2049
f 2054/2054/2054 2053/2053/2053 2050/2050/2050
f 2056/2056/2056 2027/2027/2027 2055/2055/2055
f 2033/2033/2033 2057/2057/2057 2036/2036/2036
f 2034/2034/2034 2058/2058/2058 2030/2030/2030
f 2065/2065/2065 2037/2037/2037 2064/2064/2064
f 2402/2402/2402 2143/2143/2143 2399/2399/2399
f 2158/2158/2158 2157/2157/2157 2133/2133/2133
f 2191/2191/2191 2195/2195/2195 2194/2194/2194
f 2203/2203/2203 2166/2166/2166 2165/2165/2165
f 2234/2234/2234 2227/2227/2227 2230/2230/2230
f 2314/2314/2314 2277/2277/2277 2313/2313/2313
usemtl Default
v -16.288421630859375 0.375 -9.1789226531982422
v -16.288421630859375 1.75 -9.1789226531982422
v -15.847626686096191 1.75 -9.2659149169921875
v -16.676553726196289 0.375 -8.9174938201904297
v -16.676553726196289 1.75 -8.9174938201904297
v -16.994482040405273 0.37498843669891357 -8.3906965255737305
v -17.007884979248047 1.75 -8.105656623840332
v -9.832331657409668 1.7498973608016968 -8.4225244522094727
v -9.8275003433227539 0.37499973177909851 -8.3873386383056641
v -10.167684555053711 0.375 -8.9345836639404297
v -10.680578231811523 0.37520137429237366 -9.2578830718994141
v -10.709959983825684 1.75 -9.260650634765625
v -10.167684555053711 1.75 -8.9345836639404297
v -10.538727760314941 0.375 -4.3529071807861328
v -10.538727760314941 1.75 -4.3529071807861328
v -10.979521751403809 1.75 -4.2659149169921875
v -10.150594711303711 0.375 -4.6143364906311035
v -9.8327693939208984 0.37508589029312134 -5.1175966262817383
v -9.8283367156982422 1.75 -5.1487894058227539
v -10.150594711303711 1.75 -4.6143364906311035
v -16.987384796142578 1.75 -5.09881591796875
v -17.000602722167969 0.37504789233207703 -5.1296806335449219
v -16.659463882446289 0.375 -4.5972461700439453
v -16.659463882446289 1.75 -4.5972461700439453
v -16.121438980102539 0.37493333220481873 -4.2738981246948242
v -15.847626686096191 1.75 -4.2659149169921875
v -16.987384796142578 1.75 -5.09881591796875
v -16.659463882446289 1.75 -4.5972461700439453
v -15.847626686096191 1.75 -4.2659149169921875
v -17.007884979248047 1.75 -8.105656623840332
v -9.8283367156982422 1.75 -5.1487894058227539
v -15.847626686096191 1.75 -9.2659149169921875
v -16.676553726196289 1.75 -8.9174938201904297
v -16.288421630859375 1.75 -9.1789226531982422
v -10.709959983825684 1.75 -9.260650634765625
v -9.832331657409668 1.7498973608016968 -8.4225244522094727
v -10.979521751403809 1.75 -4.2659149169921875
v -10.150594711303711 1.75 -4.6143364906311035
v -10.538727760314941 1.75 -4.3529071807861328
v -10.167684555053711 1.75 -8.9345836639404297
v -16.659463882446289 0.375 -4.5972461700439453
v -17.000602722167969 0.37504789233207703 -5.1296806335449219
v -16.121438980102539 0.37493333220481873 -4.2738981246948242
v -9.8327693939208984 0.37508589029312134 -5.1175966262817383
v -10.979521751403809 0.375 -4.2659149169921875
v -10.150594711303711 0.375 -4.6143364906311035
v -10.538727760314941 0.375 -4.3529071807861328
v -16.994482040405273 0.37498843669891357 -8.3906965255737305
v -9.8275003433227539 0.37499973177909851 -8.3873386383056641
v -15.847626686096191 0.375 -9.2659149169921875
v -16.676553726196289 0.375 -8.9174938201904297
v -16.288421630859375 0.375 -9.1789226531982422
v -10.680578231811523 0.37520137429237366 -9.2578830718994141
v -10.167684555053711 0.375 -8.9345836639404297
v -15.847626686096191 1.75 -4.2659149169921875
v -16.121438980102539 0.37493333220481873 -4.2738981246948242
v -10.979521751403809 0.375 -4.2659149169921875
v -9.8283367156982422 1.75 -5.1487894058227539
v -9.8327693939208984 0.37508589029312134 -5.1175966262817383
v -9.8275003433227539 0.37499973177909851 -8.3873386383056641
v -10.709959983825684 1.75 -9.260650634765625
v -10.680578231811523 0.37520137429237366 -9.2578830718994141
v -15.847626686096191 0.375 -9.2659149169921875
v -17.007884979248047 1.75 -8.105656623840332
v -16.994482040405273 0.37498843669891357 -8.3906965255737305
v -17.000602722167969 0.37504789233207703 -5.1296806335449219
v -15.847626686096191 0.375 -9.2659149169921875
v -10.979521751403809 0.375 -4.2659149169921875
v -10.979521751403809 1.75 -4.2659149169921875
v -9.832331657409668 1.7498973608016968 -8.4225244522094727
v -15.847626686096191 1.75 -9.2659149169921875
v -16.987384796142578 1.75 -5.09881591796875
vt 0.74368959665298462 0
vt 0.74368959665298462 0.11134528368711472
vt 0.70510929822921753 0.11134528368711472
vt 0.78081470727920532 0
vt 0.78081470727920532 0.11134528368711472
vt 0.83025431632995605 -1.987121686397586E-05
vt 0.85464006662368774 0.11134528368711472
vt 0.73211002349853516 0.22408697009086609
vt 0.72917032241821289 0.11281010508537292
vt 0.78081470727920532 0.11281012743711472
vt 0.82914221286773682 0.11288170516490936
vt 0.83158469200134277 0.22415541112422943
vt 0.78081470727920532 0.22415541112422943
vt 0.44879889488220215 0
vt 0.44879889488220215 0.11134528368711472
vt 0.41021862626075745 0.11134528368711472
vt 0.48592400550842285 0
vt 0.53335833549499512 5.5640910431975499E-05
vt 0.53598153591156006 0.11134528368711472
vt 0.48592400550842285 0.11134528368711472
vt 0.43823990225791931 0.22415541112422943
vt 0.43547278642654419 0.11290056258440018
vt 0.48592400550842285 0.11281012743711472
vt 0.48592400550842285 0.22415541112422943
vt 0.53639286756515503 0.112784244120121
vt 0.55974936485290527 0.22415541112422943
vt 0.41189628839492798 0.63214093446731567
vt 0.43873342871665955 0.59113723039627075
vt 0.50517416000366211 0.56405061483383179
vt 0.41021862626075745 0.87795239686965942
vt 0.99779260158538818 0.63622629642486572
vt 0.50517416000366211 0.97280442714691162
vt 0.43733477592468262 0.9443206787109375
vt 0.46909955143928528 0.96569269895553589
vt 0.92564058303833008 0.97237402200698853
vt 0.99746567010879517 0.90385657548904419
vt 0.90357965230941772 0.56405061483383179
vt 0.97141903638839722 0.59253436326980591
vt 0.93965423107147217 0.57116234302520752
vt 0.9700203537940979 0.94571787118911743
vt 0.027086582034826279 0.028585799038410187
vt 0.070613473653793335 0.00059752119705080986
vt 0.00065265060402452946 0.072727344930171967
vt 0.069625608623027802 0.58867329359054565
vt 0 0.4945894181728363
vt 0.028483720496296883 0.56259769201278687
vt 0.0071116932667791843 0.53075385093688965
vt 0.33720400929450989 0.0010996254859492183
vt 0.33692947030067444 0.58910554647445679
vt 0.40875378251075745 0.095191948115825653
vt 0.38027006387710571 0.027183651924133301
vt 0.40164211392402649 0.059027533978223801
vt 0.40809717774391174 0.51911580562591553
vt 0.38166722655296326 0.56119555234909058
vt 0.41021862626075745 0.56258577108383179
vt 0.38775402307510376 0.45123511552810669
vt 0.8096160888671875 0.45124050974845886
vt 0.51735621690750122 0.33696553111076355
vt 0.51479703187942505 0.22563442587852478
vt 0.78305590152740479 0.22561869025230408
vt 0.51799798011779785 0.44977566599845886
vt 0.5155874490737915 0.33844918012619019
vt 0.93951129913330078 0.33843037486076355
vt 0.41021862626075745 0.22562025487422943
vt 0.52302974462509155 0.20223452150821686
vt 0.52302509546279907 0.4697803258895874
vt 0.70510929822921753 0
vt 0.41021862626075745 0
vt 0.8096160888671875 0.56258577108383179
vt 0.78594207763671875 0.33694970607757568
vt 0.93951129913330078 0.44977566599845886
vt 0.41021862626075745 0.47231265902519226
vn -0.37991040945053101 0 -0.92502325773239136
vn -0.37991040945053101 0 -0.92502325773239136
vn 0 0 -1
vn -0.71443325281143188 0 -0.69970357418060303
vn -0.71443325281143188 0 -0.69970357418060303
vn -0.97013628482818604 0 -0.24256044626235962
vn -1 0 0
vn 0.96327495574951172 0 -0.26851704716682434
vn 0.97063028812408447 0 -0.24057602882385254
vn 0.69970357418060303 0 -0.71443325281143188
vn 0.25310927629470825 0 -0.96743768453598022
vn 0.23000219464302063 0 -0.97319012880325317
vn 0.69970357418060303 0 -0.71443325281143188
vn 0.37991040945053101 0 0.92502325773239136
vn 0.37991040945053101 0 0.92502325773239136
vn 0 0 1
vn 0.71443325281143188 0 0.69970357418060303
vn 0.96512234210968018 0 0.26179921627044678
vn 0.97151279449462891 0 0.23698705434799194
vn 0.71443325281143188 0 0.69970357418060303
vn -0.96037846803665161 0 0.27869918942451477
vn -0.96772730350494385 0 0.25199967622756958
vn -0.69970357418060303 0 0.71443325281143188
vn -0.69970357418060303 0 0.71443325281143188
vn -0.23251940310001373 0 0.97259175777435303
vn 0 0 1
vn 0 1 0
vn 0 1 0
vn 0 1 0
vn 0 1 0
vn 0 1 0
vn 0 1 0
vn 0 1 0
vn 0 1 0
vn 0 1 0
vn 0 1 0
vn 0 1 0
vn 0 1 0
vn 0 1 0
vn 0 1 0
vn -0.00011359414929756895 -1 -1.7168224076158367E-05
vn -0.00011359414929756895 -1 -1.7168224076158367E-05
vn -0.00011359414929756895 -1 -1.7168224076158367E-05
vn -0.00011359414929756895 -1 -1.7168224076158367E-05
vn -0.00011359414929756895 -1 -1.7168224076158367E-05
vn -0.00011359414929756895 -1 -1.7168224076158367E-05
vn -0.00011359414929756895 -1 -1.7168224076158367E-05
vn -0.00011359414929756895 -1 -1.7168224076158367E-05
vn -0.00011359414929756895 -1 -1.7168224076158367E-05
vn -0.00011359414929756895 -1 -1.7168224076158367E-05
vn -0.00011359414929756895 -1 -1.7168224076158367E-05
vn -0.00011359414929756895 -1 -1.7168224076158367E-05
vn -0.00011359414929756895 -1 -1.7168224076158367E-05
vn -0.00011359414929756895 -1 -1.7168224076158367E-05
vn 0 0 1
vn 0 0 1
vn 0 0 1
vn 1 0 0
vn 1 0 0
vn 1 0 0
vn 0 0 -1
vn 0 0 -1
vn 0 0 -1
vn -1 0 0
vn -1 0 0
vn -1 0 0
vn 0 0 -1
vn 0 0 1
vn 0 0 1
vn 1 0 0
vn 0 0 -1
vn -1 0 0
f 2409/2409/2409 2473/2473/2473 2407/2407/2407 2408/2408/2408
f 2410/2410/2410 2411/2411/2411 2408/2408/2408 2407/2407/2407
f 2411/2411/2411 2410/2410/2410 2412/2412/2412
f 2411/2411/2411 2412/2412/2412 2413/2413/2413
f 2416/2416/2416 2419/2419/2419 2414/2414/2414
f 2419/2419/2419 2416/2416/2416 2417/2417/2417
f 2422/2422/2422 2474/2474/2474 2420/2420/2420 2421/2421/2421
f 2423/2423/2423 2426/2426/2426 2421/2421/2421 2420/2420/2420
f 2426/2426/2426 2423/2423/2423 2424/2424/2424
f 2429/2429/2429 2430/2430/2430 2427/2427/2427
f 2430/2430/2430 2429/2429/2429 2431/2431/2431
f 2432/2432/2432 2430/2430/2430 2431/2431/2431
f 2433/2433/2433 2434/2434/2434 2435/2435/2435
f 2437/2437/2437 2442/2442/2442 2436/2436/2436 2433/2433/2433
f 2438/2438/2438 2439/2439/2439 2436/2436/2436
f 2440/2440/2440 2439/2439/2439 2438/2438/2438
f 2441/2441/2441 2438/2438/2438 2436/2436/2436
f 2442/2442/2442 2441/2441/2441 2436/2436/2436
f 2435/2435/2435 2443/2443/2443 2437/2437/2437
f 2444/2444/2444 2443/2443/2443 2445/2445/2445
f 2443/2443/2443 2444/2444/2444 2437/2437/2437
f 2441/2441/2441 2442/2442/2442 2446/2446/2446
f 2447/2447/2447 2448/2448/2448 2449/2449/2449
f 2448/2448/2448 2450/2450/2450 2451/2451/2451
f 2452/2452/2452 2453/2453/2453 2451/2451/2451
f 2452/2452/2452 2451/2451/2451 2450/2450/2450
f 2455/2455/2455 2450/2450/2450 2448/2448/2448 2454/2454/2454
f 2456/2456/2456 2457/2457/2457 2458/2458/2458
f 2454/2454/2454 2457/2457/2457 2456/2456/2456
f 2459/2459/2459 2454/2454/2454 2456/2456/2456
f 2455/2455/2455 2459/2459/2459 2460/2460/2460
f 2459/2459/2459 2455/2455/2455 2454/2454/2454
f 2461/2461/2461 2462/2462/2462 2463/2463/2463
f 2466/2466/2466 2476/2476/2476 2464/2464/2464
f 2469/2469/2469 2477/2477/2477 2467/2467/2467
f 2472/2472/2472 2478/2478/2478 2470/2470/2470
f 2435/2435/2435 2437/2437/2437 2433/2433/2433
f 2448/2448/2448 2451/2451/2451 2449/2449/2449
f 2461/2461/2461 2463/2463/2463 2475/2475/2475
f 2416/2416/2416 2414/2414/2414 2415/2415/2415
f 2419/2419/2419 2417/2417/2417 2418/2418/2418
f 2426/2426/2426 2424/2424/2424 2425/2425/2425
f 2429/2429/2429 2427/2427/2427 2428/2428/2428
f 2466/2466/2466 2464/2464/2464 2465/2465/2465
f 2469/2469/2469 2467/2467/2467 2468/2468/2468
f 2472/2472/2472 2470/2470/2470 2471/2471/2471
